  [1m[35mSQL (0.7ms)[0m  [1m[35mSET search_path TO public /*application='BillettoAssignment'*/[0m
  [1m[35m (127.9ms)[0m  [1m[35mCREATE DATABASE "billetto_assignment_development" ENCODING = 'unicode' /*application='BillettoAssignment'*/[0m
  [1m[35mSQL (0.2ms)[0m  [1m[35mSET search_path TO public /*application='BillettoAssignment'*/[0m
  [1m[35m (32.1ms)[0m  [1m[35mCREATE DATABASE "billetto_assignment_test" ENCODING = 'unicode' /*application='BillettoAssignment'*/[0m
  [1m[35m (0.2ms)[0m  [1m[34mSELECT pg_try_advisory_lock(7094269135862637120) /*application='BillettoAssignment'*/[0m
  [1m[36mActiveRecord::SchemaMigration Load (1.5ms)[0m  [1m[34mSELECT "schema_migrations"."version" FROM "schema_migrations" ORDER BY "schema_migrations"."version" ASC /*application='BillettoAssignment'*/[0m
  [1m[36mActiveRecord::InternalMetadata Load (2.0ms)[0m  [1m[34mSELECT * FROM "ar_internal_metadata" WHERE "ar_internal_metadata"."key" = 'environment' ORDER BY "ar_internal_metadata"."key" ASC LIMIT 1 /*application='BillettoAssignment'*/[0m
Migrating to CreateEvents (20260506050856)
  [1m[36mTRANSACTION (0.2ms)[0m  [1m[35mBEGIN /*application='BillettoAssignment'*/[0m
  [1m[35m (10.8ms)[0m  [1m[35mCREATE TABLE "events" ("id" bigserial primary key, "title" character varying, "description" text, "start_time" timestamp(6), "end_time" timestamp(6), "image_url" character varying, "billetto_id" character varying, "status" character varying, "venue_name" character varying, "venue_city" character varying, "venue_country" character varying, "created_at" timestamp(6) NOT NULL, "updated_at" timestamp(6) NOT NULL) /*application='BillettoAssignment'*/[0m
  [1m[36mTRANSACTION (0.2ms)[0m  [1m[31mROLLBACK /*application='BillettoAssignment'*/[0m
  [1m[35m (0.3ms)[0m  [1m[34mSELECT pg_advisory_unlock(7094269135862637120) /*application='BillettoAssignment'*/[0m
  [1m[36mActiveRecord::SchemaMigration Load (0.4ms)[0m  [1m[34mSELECT "schema_migrations"."version" FROM "schema_migrations" ORDER BY "schema_migrations"."version" ASC /*application='BillettoAssignment'*/[0m
  [1m[35mSQL (0.1ms)[0m  [1m[35mSET search_path TO public /*application='BillettoAssignment'*/[0m
  [1m[35mSQL (0.2ms)[0m  [1m[35mSET search_path TO "$user", public /*application='BillettoAssignment'*/[0m
  [1m[35mSQL (0.1ms)[0m  [1m[35mSET search_path TO public /*application='BillettoAssignment'*/[0m
  [1m[35mSQL (0.2ms)[0m  [1m[35mSET search_path TO "$user", public /*application='BillettoAssignment'*/[0m
Started GET "/" for 127.0.0.1 at 2026-05-06 10:44:54 +0530
  [1m[36mActiveRecord::SchemaMigration Load (0.5ms)[0m  [1m[34mSELECT "schema_migrations"."version" FROM "schema_migrations" ORDER BY "schema_migrations"."version" ASC /*application='BillettoAssignment'*/[0m
Processing by EventsController#index as HTML
  Rendering layout layouts/application.html.erb
  Rendering events/index.html.erb within layouts/application
  [1m[36mEvent Exists? (3.8ms)[0m  [1m[34mSELECT 1 AS one FROM "events" LIMIT 1 OFFSET 0 /*action='index',application='BillettoAssignment',controller='events'*/[0m
  ↳ app/views/events/index.html.erb:11
  [1m[36mEvent Load (0.7ms)[0m  [1m[34mSELECT "events".* FROM "events" ORDER BY "events"."start_date" ASC LIMIT 12 OFFSET 0 /*action='index',application='BillettoAssignment',controller='events'*/[0m
  ↳ app/views/events/index.html.erb:22
  [1m[36mEvent Count (1.4ms)[0m  [1m[34mSELECT COUNT(*) FROM "events" /*action='index',application='BillettoAssignment',controller='events'*/[0m
  ↳ app/views/events/index.html.erb:78
  Rendered events/index.html.erb within layouts/application (Duration: 27.6ms | GC: 0.0ms)
  Rendered layout layouts/application.html.erb (Duration: 41.3ms | GC: 0.0ms)
Completed 500 Internal Server Error in 1046ms (ActiveRecord: 13.4ms (3 queries, 0 cached) | GC: 149.9ms)


  
ActionView::Template::Error (undefined local variable or method `admin_events_import_path' for #<ActionView::Base:0x0000000000fc30>)
Caused by: NameError (undefined local variable or method `admin_events_import_path' for #<ActionView::Base:0x0000000000fc30>)

Information for: ActionView::Template::Error (undefined local variable or method `admin_events_import_path' for #<ActionView::Base:0x0000000000fc30>):
    46:           <ul class="navbar-nav">
    47:             <li class="nav-item">
    48:               <%= link_to "Import Events", admin_events_import_path, 
    49:                   class: "btn btn-outline-primary btn-sm", 
    50:                   method: :post,
    51:                   data: { confirm: "Are you sure you want to import events from Billetto API?" } %>
    52:             </li>
  
app/views/layouts/application.html.erb:49

Information for cause: NameError (undefined local variable or method `admin_events_import_path' for #<ActionView::Base:0x0000000000fc30>):
  
app/views/layouts/application.html.erb:49
Started GET "/favicon.ico" for 127.0.0.1 at 2026-05-06 10:44:56 +0530
  
ActionController::RoutingError (No route matches [GET] "/favicon.ico"):
  
Started GET "/" for 127.0.0.1 at 2026-05-06 10:47:49 +0530
  [1m[36mActiveRecord::SchemaMigration Load (0.7ms)[0m  [1m[34mSELECT "schema_migrations"."version" FROM "schema_migrations" ORDER BY "schema_migrations"."version" ASC /*application='BillettoAssignment'*/[0m
Processing by EventsController#index as HTML
  Rendering layout layouts/application.html.erb
  Rendering events/index.html.erb within layouts/application
  [1m[36mEvent Exists? (0.6ms)[0m  [1m[34mSELECT 1 AS one FROM "events" LIMIT 1 OFFSET 0 /*action='index',application='BillettoAssignment',controller='events'*/[0m
  ↳ app/views/events/index.html.erb:11
  [1m[36mEvent Load (0.6ms)[0m  [1m[34mSELECT "events".* FROM "events" ORDER BY "events"."start_date" ASC LIMIT 12 OFFSET 0 /*action='index',application='BillettoAssignment',controller='events'*/[0m
  ↳ app/views/events/index.html.erb:22
  [1m[36mEvent Count (0.8ms)[0m  [1m[34mSELECT COUNT(*) FROM "events" /*action='index',application='BillettoAssignment',controller='events'*/[0m
  ↳ app/views/events/index.html.erb:78
  Rendered events/index.html.erb within layouts/application (Duration: 27.6ms | GC: 0.0ms)
  Rendered layout layouts/application.html.erb (Duration: 38.7ms | GC: 0.0ms)
Completed 500 Internal Server Error in 197ms (ActiveRecord: 10.2ms (3 queries, 0 cached) | GC: 14.7ms)


  
ActionView::Template::Error (undefined local variable or method `admin_events_import_path' for #<ActionView::Base:0x0000000000fca8>)
Caused by: NameError (undefined local variable or method `admin_events_import_path' for #<ActionView::Base:0x0000000000fca8>)

Information for: ActionView::Template::Error (undefined local variable or method `admin_events_import_path' for #<ActionView::Base:0x0000000000fca8>):
    46:           <ul class="navbar-nav">
    47:             <li class="nav-item">
    48:               <%= link_to "Import Events", admin_events_import_path, 
    49:                   class: "btn btn-outline-primary btn-sm", 
    50:                   method: :post,
    51:                   data: { confirm: "Are you sure you want to import events from Billetto API?" } %>
    52:             </li>
  
app/views/layouts/application.html.erb:49

Information for cause: NameError (undefined local variable or method `admin_events_import_path' for #<ActionView::Base:0x0000000000fca8>):
  
app/views/layouts/application.html.erb:49
Started GET "/" for 127.0.0.1 at 2026-05-06 10:48:44 +0530
Processing by EventsController#index as HTML
  Rendering layout layouts/application.html.erb
  Rendering events/index.html.erb within layouts/application
  [1m[36mEvent Exists? (0.4ms)[0m  [1m[34mSELECT 1 AS one FROM "events" LIMIT 1 OFFSET 0 /*action='index',application='BillettoAssignment',controller='events'*/[0m
  ↳ app/views/events/index.html.erb:11
  [1m[36mEvent Load (0.3ms)[0m  [1m[34mSELECT "events".* FROM "events" ORDER BY "events"."start_date" ASC LIMIT 12 OFFSET 0 /*action='index',application='BillettoAssignment',controller='events'*/[0m
  ↳ app/views/events/index.html.erb:22
  [1m[36mEvent Count (0.4ms)[0m  [1m[34mSELECT COUNT(*) FROM "events" /*action='index',application='BillettoAssignment',controller='events'*/[0m
  ↳ app/views/events/index.html.erb:78
  Rendered events/index.html.erb within layouts/application (Duration: 17.6ms | GC: 0.5ms)
  Rendered layout layouts/application.html.erb (Duration: 20.0ms | GC: 0.6ms)
Completed 200 OK in 29ms (Views: 19.9ms | ActiveRecord: 2.9ms (3 queries, 0 cached) | GC: 0.8ms)


Started GET "/events?filter=all" for 127.0.0.1 at 2026-05-06 10:48:53 +0530
Processing by EventsController#index as HTML
  Parameters: {"filter"=>"all"}
  Rendering layout layouts/application.html.erb
  Rendering events/index.html.erb within layouts/application
  [1m[36mEvent Exists? (0.7ms)[0m  [1m[34mSELECT 1 AS one FROM "events" LIMIT 1 OFFSET 0 /*action='index',application='BillettoAssignment',controller='events'*/[0m
  ↳ app/views/events/index.html.erb:11
  [1m[36mEvent Load (0.7ms)[0m  [1m[34mSELECT "events".* FROM "events" ORDER BY "events"."start_date" ASC LIMIT 12 OFFSET 0 /*action='index',application='BillettoAssignment',controller='events'*/[0m
  ↳ app/views/events/index.html.erb:22
  [1m[36mEvent Count (0.5ms)[0m  [1m[34mSELECT COUNT(*) FROM "events" /*action='index',application='BillettoAssignment',controller='events'*/[0m
  ↳ app/views/events/index.html.erb:78
  Rendered events/index.html.erb within layouts/application (Duration: 23.8ms | GC: 0.0ms)
  Rendered layout layouts/application.html.erb (Duration: 37.4ms | GC: 0.0ms)
Completed 200 OK in 66ms (Views: 37.0ms | ActiveRecord: 1.8ms (3 queries, 0 cached) | GC: 0.0ms)


Started GET "/events/26" for 127.0.0.1 at 2026-05-06 10:48:55 +0530
Processing by EventsController#show as HTML
  Parameters: {"id"=>"26"}
  [1m[36mEvent Load (1.8ms)[0m  [1m[34mSELECT "events".* FROM "events" WHERE "events"."id" = 26 LIMIT 1 /*action='show',application='BillettoAssignment',controller='events'*/[0m
  ↳ app/controllers/events_controller.rb:49:in `set_event'
  Rendering layout layouts/application.html.erb
  Rendering events/show.html.erb within layouts/application
  Rendered events/show.html.erb within layouts/application (Duration: 10.7ms | GC: 0.0ms)
  Rendered layout layouts/application.html.erb (Duration: 12.6ms | GC: 0.0ms)
Completed 200 OK in 32ms (Views: 14.4ms | ActiveRecord: 1.8ms (1 query, 0 cached) | GC: 0.0ms)


Started GET "/events/11" for 127.0.0.1 at 2026-05-06 10:48:55 +0530
Processing by EventsController#show as HTML
  Parameters: {"id"=>"11"}
  [1m[36mEvent Load (1.2ms)[0m  [1m[34mSELECT "events".* FROM "events" WHERE "events"."id" = 11 LIMIT 1 /*action='show',application='BillettoAssignment',controller='events'*/[0m
  ↳ app/controllers/events_controller.rb:49:in `set_event'
  Rendering layout layouts/application.html.erb
  Rendering events/show.html.erb within layouts/application
  Rendered events/show.html.erb within layouts/application (Duration: 8.7ms | GC: 0.0ms)
  Rendered layout layouts/application.html.erb (Duration: 13.7ms | GC: 0.0ms)
Completed 200 OK in 27ms (Views: 15.8ms | ActiveRecord: 1.2ms (1 query, 0 cached) | GC: 0.0ms)


Started GET "/events/6" for 127.0.0.1 at 2026-05-06 10:49:04 +0530
Processing by EventsController#show as HTML
  Parameters: {"id"=>"6"}
  [1m[36mEvent Load (0.6ms)[0m  [1m[34mSELECT "events".* FROM "events" WHERE "events"."id" = 6 LIMIT 1 /*action='show',application='BillettoAssignment',controller='events'*/[0m
  ↳ app/controllers/events_controller.rb:49:in `set_event'
  Rendering layout layouts/application.html.erb
  Rendering events/show.html.erb within layouts/application
  Rendered events/show.html.erb within layouts/application (Duration: 8.1ms | GC: 0.0ms)
  Rendered layout layouts/application.html.erb (Duration: 9.2ms | GC: 0.0ms)
Completed 200 OK in 13ms (Views: 9.8ms | ActiveRecord: 0.5ms (1 query, 0 cached) | GC: 0.0ms)


Started GET "/events/11" for 127.0.0.1 at 2026-05-06 10:49:06 +0530
Processing by EventsController#show as HTML
  Parameters: {"id"=>"11"}
  [1m[36mEvent Load (1.5ms)[0m  [1m[34mSELECT "events".* FROM "events" WHERE "events"."id" = 11 LIMIT 1 /*action='show',application='BillettoAssignment',controller='events'*/[0m
  ↳ app/controllers/events_controller.rb:49:in `set_event'
  Rendering layout layouts/application.html.erb
  Rendering events/show.html.erb within layouts/application
  Rendered events/show.html.erb within layouts/application (Duration: 8.1ms | GC: 0.0ms)
  Rendered layout layouts/application.html.erb (Duration: 11.3ms | GC: 0.0ms)
Completed 200 OK in 23ms (Views: 12.9ms | ActiveRecord: 1.5ms (1 query, 0 cached) | GC: 0.0ms)


Started GET "/events?filter=upcoming" for 127.0.0.1 at 2026-05-06 10:49:07 +0530
Processing by EventsController#index as HTML
  Parameters: {"filter"=>"upcoming"}
  Rendering layout layouts/application.html.erb
  Rendering events/index.html.erb within layouts/application
  [1m[36mEvent Exists? (1.8ms)[0m  [1m[34mSELECT 1 AS one FROM "events" WHERE (start_date > '2026-05-06 05:19:07.809074') LIMIT 1 OFFSET 0 /*action='index',application='BillettoAssignment',controller='events'*/[0m
  ↳ app/views/events/index.html.erb:11
  [1m[36mEvent Load (1.6ms)[0m  [1m[34mSELECT "events".* FROM "events" WHERE (start_date > '2026-05-06 05:19:07.809074') ORDER BY "events"."start_date" ASC LIMIT 12 OFFSET 0 /*action='index',application='BillettoAssignment',controller='events'*/[0m
  ↳ app/views/events/index.html.erb:22
  [1m[36mEvent Count (1.6ms)[0m  [1m[34mSELECT COUNT(*) FROM "events" WHERE (start_date > '2026-05-06 05:19:07.809074') /*action='index',application='BillettoAssignment',controller='events'*/[0m
  ↳ app/views/events/index.html.erb:78
  Rendered events/index.html.erb within layouts/application (Duration: 48.7ms | GC: 0.0ms)
  Rendered layout layouts/application.html.erb (Duration: 52.6ms | GC: 0.0ms)
Completed 200 OK in 59ms (Views: 49.7ms | ActiveRecord: 4.9ms (3 queries, 0 cached) | GC: 0.0ms)


Started GET "/" for 127.0.0.1 at 2026-05-06 10:49:09 +0530
Processing by EventsController#index as HTML
  Rendering layout layouts/application.html.erb
  Rendering events/index.html.erb within layouts/application
  [1m[36mEvent Exists? (1.2ms)[0m  [1m[34mSELECT 1 AS one FROM "events" LIMIT 1 OFFSET 0 /*action='index',application='BillettoAssignment',controller='events'*/[0m
  ↳ app/views/events/index.html.erb:11
  [1m[36mEvent Load (1.2ms)[0m  [1m[34mSELECT "events".* FROM "events" ORDER BY "events"."start_date" ASC LIMIT 12 OFFSET 0 /*action='index',application='BillettoAssignment',controller='events'*/[0m
  ↳ app/views/events/index.html.erb:22
  [1m[36mEvent Count (0.7ms)[0m  [1m[34mSELECT COUNT(*) FROM "events" /*action='index',application='BillettoAssignment',controller='events'*/[0m
  ↳ app/views/events/index.html.erb:78
  Rendered events/index.html.erb within layouts/application (Duration: 26.3ms | GC: 0.0ms)
  Rendered layout layouts/application.html.erb (Duration: 28.5ms | GC: 0.0ms)
Completed 200 OK in 33ms (Views: 26.5ms | ActiveRecord: 3.1ms (3 queries, 0 cached) | GC: 0.0ms)


Started GET "/?filter=upcoming" for 127.0.0.1 at 2026-05-06 10:49:11 +0530
Processing by EventsController#index as HTML
  Parameters: {"filter"=>"upcoming"}
  Rendering layout layouts/application.html.erb
  Rendering events/index.html.erb within layouts/application
  [1m[36mEvent Exists? (1.7ms)[0m  [1m[34mSELECT 1 AS one FROM "events" WHERE (start_date > '2026-05-06 05:19:11.392459') LIMIT 1 OFFSET 0 /*action='index',application='BillettoAssignment',controller='events'*/[0m
  ↳ app/views/events/index.html.erb:11
  [1m[36mEvent Load (2.0ms)[0m  [1m[34mSELECT "events".* FROM "events" WHERE (start_date > '2026-05-06 05:19:11.392459') ORDER BY "events"."start_date" ASC LIMIT 12 OFFSET 0 /*action='index',application='BillettoAssignment',controller='events'*/[0m
  ↳ app/views/events/index.html.erb:22
  [1m[36mEvent Count (1.1ms)[0m  [1m[34mSELECT COUNT(*) FROM "events" WHERE (start_date > '2026-05-06 05:19:11.392459') /*action='index',application='BillettoAssignment',controller='events'*/[0m
  ↳ app/views/events/index.html.erb:78
  Rendered events/index.html.erb within layouts/application (Duration: 35.4ms | GC: 0.0ms)
  Rendered layout layouts/application.html.erb (Duration: 37.4ms | GC: 0.0ms)
Completed 200 OK in 44ms (Views: 33.9ms | ActiveRecord: 4.7ms (3 queries, 0 cached) | GC: 0.0ms)


Started GET "/?filter=past" for 127.0.0.1 at 2026-05-06 10:49:12 +0530
Processing by EventsController#index as HTML
  Parameters: {"filter"=>"past"}
  Rendering layout layouts/application.html.erb
  Rendering events/index.html.erb within layouts/application
  [1m[36mEvent Exists? (1.4ms)[0m  [1m[34mSELECT 1 AS one FROM "events" WHERE (start_date <= '2026-05-06 05:19:12.104197') LIMIT 1 OFFSET 0 /*action='index',application='BillettoAssignment',controller='events'*/[0m
  ↳ app/views/events/index.html.erb:11
  Rendered events/index.html.erb within layouts/application (Duration: 8.2ms | GC: 0.0ms)
  Rendered layout layouts/application.html.erb (Duration: 9.1ms | GC: 0.0ms)
Completed 500 Internal Server Error in 15ms (ActiveRecord: 1.4ms (1 query, 0 cached) | GC: 0.0ms)


  
ActionView::Template::Error (undefined local variable or method `admin_events_import_path' for #<ActionView::Base:0x00000000013c18>)
Caused by: NameError (undefined local variable or method `admin_events_import_path' for #<ActionView::Base:0x00000000013c18>)

Information for: ActionView::Template::Error (undefined local variable or method `admin_events_import_path' for #<ActionView::Base:0x00000000013c18>):
    12:     <h3>No events found</h3>
    13:     <p>Try importing events from the Billetto API.</p>
    14:     <%= link_to "Import Events", admin_events_import_path, 
    15:         class: "btn btn-primary", 
    16:         method: :post,
    17:         data: { confirm: "Are you sure you want to import events from Billetto API?" } %>
    18:   </div>
  
app/views/events/index.html.erb:15

Information for cause: NameError (undefined local variable or method `admin_events_import_path' for #<ActionView::Base:0x00000000013c18>):
  
app/views/events/index.html.erb:15
Started GET "/?filter=upcoming" for 127.0.0.1 at 2026-05-06 10:49:17 +0530
Processing by EventsController#index as HTML
  Parameters: {"filter"=>"upcoming"}
  Rendering layout layouts/application.html.erb
  Rendering events/index.html.erb within layouts/application
  [1m[36mEvent Exists? (0.5ms)[0m  [1m[34mSELECT 1 AS one FROM "events" WHERE (start_date > '2026-05-06 05:19:17.793194') LIMIT 1 OFFSET 0 /*action='index',application='BillettoAssignment',controller='events'*/[0m
  ↳ app/views/events/index.html.erb:11
  [1m[36mEvent Load (0.4ms)[0m  [1m[34mSELECT "events".* FROM "events" WHERE (start_date > '2026-05-06 05:19:17.793194') ORDER BY "events"."start_date" ASC LIMIT 12 OFFSET 0 /*action='index',application='BillettoAssignment',controller='events'*/[0m
  ↳ app/views/events/index.html.erb:22
  [1m[36mEvent Count (0.8ms)[0m  [1m[34mSELECT COUNT(*) FROM "events" WHERE (start_date > '2026-05-06 05:19:17.793194') /*action='index',application='BillettoAssignment',controller='events'*/[0m
  ↳ app/views/events/index.html.erb:78
  Rendered events/index.html.erb within layouts/application (Duration: 11.7ms | GC: 0.2ms)
  Rendered layout layouts/application.html.erb (Duration: 12.7ms | GC: 0.2ms)
Completed 200 OK in 15ms (Views: 11.4ms | ActiveRecord: 1.7ms (3 queries, 0 cached) | GC: 0.2ms)


Started GET "/events/26" for 127.0.0.1 at 2026-05-06 10:49:22 +0530
Processing by EventsController#show as HTML
  Parameters: {"id"=>"26"}
  [1m[36mEvent Load (1.5ms)[0m  [1m[34mSELECT "events".* FROM "events" WHERE "events"."id" = 26 LIMIT 1 /*action='show',application='BillettoAssignment',controller='events'*/[0m
  ↳ app/controllers/events_controller.rb:49:in `set_event'
  Rendering layout layouts/application.html.erb
  Rendering events/show.html.erb within layouts/application
  Rendered events/show.html.erb within layouts/application (Duration: 2.9ms | GC: 0.0ms)
  Rendered layout layouts/application.html.erb (Duration: 4.0ms | GC: 0.0ms)
Completed 200 OK in 12ms (Views: 4.8ms | ActiveRecord: 1.5ms (1 query, 0 cached) | GC: 0.0ms)


Started GET "/events?filter=upcoming" for 127.0.0.1 at 2026-05-06 10:49:23 +0530
Processing by EventsController#index as HTML
  Parameters: {"filter"=>"upcoming"}
  Rendering layout layouts/application.html.erb
  Rendering events/index.html.erb within layouts/application
  [1m[36mEvent Exists? (1.3ms)[0m  [1m[34mSELECT 1 AS one FROM "events" WHERE (start_date > '2026-05-06 05:19:23.473772') LIMIT 1 OFFSET 0 /*action='index',application='BillettoAssignment',controller='events'*/[0m
  ↳ app/views/events/index.html.erb:11
  [1m[36mEvent Load (1.4ms)[0m  [1m[34mSELECT "events".* FROM "events" WHERE (start_date > '2026-05-06 05:19:23.473772') ORDER BY "events"."start_date" ASC LIMIT 12 OFFSET 0 /*action='index',application='BillettoAssignment',controller='events'*/[0m
  ↳ app/views/events/index.html.erb:22
  [1m[36mEvent Count (1.5ms)[0m  [1m[34mSELECT COUNT(*) FROM "events" WHERE (start_date > '2026-05-06 05:19:23.473772') /*action='index',application='BillettoAssignment',controller='events'*/[0m
  ↳ app/views/events/index.html.erb:78
  Rendered events/index.html.erb within layouts/application (Duration: 47.2ms | GC: 0.0ms)
  Rendered layout layouts/application.html.erb (Duration: 52.3ms | GC: 0.0ms)
Completed 200 OK in 58ms (Views: 49.8ms | ActiveRecord: 4.1ms (3 queries, 0 cached) | GC: 0.0ms)


Started GET "/" for 127.0.0.1 at 2026-05-06 10:49:23 +0530
Processing by EventsController#index as HTML
  Rendering layout layouts/application.html.erb
  Rendering events/index.html.erb within layouts/application
  [1m[36mEvent Exists? (1.2ms)[0m  [1m[34mSELECT 1 AS one FROM "events" LIMIT 1 OFFSET 0 /*action='index',application='BillettoAssignment',controller='events'*/[0m
  ↳ app/views/events/index.html.erb:11
  [1m[36mEvent Load (1.3ms)[0m  [1m[34mSELECT "events".* FROM "events" ORDER BY "events"."start_date" ASC LIMIT 12 OFFSET 0 /*action='index',application='BillettoAssignment',controller='events'*/[0m
  ↳ app/views/events/index.html.erb:22
  [1m[36mEvent Count (1.1ms)[0m  [1m[34mSELECT COUNT(*) FROM "events" /*action='index',application='BillettoAssignment',controller='events'*/[0m
  ↳ app/views/events/index.html.erb:78
  Rendered events/index.html.erb within layouts/application (Duration: 37.0ms | GC: 0.0ms)
  Rendered layout layouts/application.html.erb (Duration: 42.0ms | GC: 0.0ms)
Completed 200 OK in 48ms (Views: 41.0ms | ActiveRecord: 3.5ms (3 queries, 0 cached) | GC: 0.0ms)


Started GET "/" for 127.0.0.1 at 2026-05-06 10:49:24 +0530
Processing by EventsController#index as HTML
  Rendering layout layouts/application.html.erb
  Rendering events/index.html.erb within layouts/application
  [1m[36mEvent Exists? (1.2ms)[0m  [1m[34mSELECT 1 AS one FROM "events" LIMIT 1 OFFSET 0 /*action='index',application='BillettoAssignment',controller='events'*/[0m
  ↳ app/views/events/index.html.erb:11
  [1m[36mEvent Load (1.5ms)[0m  [1m[34mSELECT "events".* FROM "events" ORDER BY "events"."start_date" ASC LIMIT 12 OFFSET 0 /*action='index',application='BillettoAssignment',controller='events'*/[0m
  ↳ app/views/events/index.html.erb:22
  [1m[36mEvent Count (1.3ms)[0m  [1m[34mSELECT COUNT(*) FROM "events" /*action='index',application='BillettoAssignment',controller='events'*/[0m
  ↳ app/views/events/index.html.erb:78
  Rendered events/index.html.erb within layouts/application (Duration: 39.4ms | GC: 0.0ms)
  Rendered layout layouts/application.html.erb (Duration: 44.9ms | GC: 0.0ms)
Completed 200 OK in 51ms (Views: 43.3ms | ActiveRecord: 3.9ms (3 queries, 0 cached) | GC: 0.0ms)


Started GET "/events/1" for 127.0.0.1 at 2026-05-06 10:49:26 +0530
Processing by EventsController#show as HTML
  Parameters: {"id"=>"1"}
  [1m[36mEvent Load (0.7ms)[0m  [1m[34mSELECT "events".* FROM "events" WHERE "events"."id" = 1 LIMIT 1 /*action='show',application='BillettoAssignment',controller='events'*/[0m
  ↳ app/controllers/events_controller.rb:49:in `set_event'
  Rendering layout layouts/application.html.erb
  Rendering events/show.html.erb within layouts/application
  Rendered events/show.html.erb within layouts/application (Duration: 3.2ms | GC: 0.0ms)
  Rendered layout layouts/application.html.erb (Duration: 5.0ms | GC: 0.0ms)
Completed 200 OK in 9ms (Views: 5.6ms | ActiveRecord: 0.7ms (1 query, 0 cached) | GC: 0.0ms)


Started GET "/events/6" for 127.0.0.1 at 2026-05-06 10:49:31 +0530
Processing by EventsController#show as HTML
  Parameters: {"id"=>"6"}
  [1m[36mEvent Load (0.5ms)[0m  [1m[34mSELECT "events".* FROM "events" WHERE "events"."id" = 6 LIMIT 1 /*action='show',application='BillettoAssignment',controller='events'*/[0m
  ↳ app/controllers/events_controller.rb:49:in `set_event'
  Rendering layout layouts/application.html.erb
  Rendering events/show.html.erb within layouts/application
  Rendered events/show.html.erb within layouts/application (Duration: 3.0ms | GC: 0.0ms)
  Rendered layout layouts/application.html.erb (Duration: 4.5ms | GC: 0.0ms)
Completed 200 OK in 9ms (Views: 5.8ms | ActiveRecord: 0.5ms (1 query, 0 cached) | GC: 0.0ms)


Started GET "/events/1/upvote" for 127.0.0.1 at 2026-05-06 10:49:32 +0530
  
ActionController::RoutingError (No route matches [GET] "/events/1/upvote"):
  
Started GET "/" for 127.0.0.1 at 2026-05-06 10:49:35 +0530
Processing by EventsController#index as HTML
  Rendering layout layouts/application.html.erb
  Rendering events/index.html.erb within layouts/application
  [1m[36mEvent Exists? (0.4ms)[0m  [1m[34mSELECT 1 AS one FROM "events" LIMIT 1 OFFSET 0 /*action='index',application='BillettoAssignment',controller='events'*/[0m
  ↳ app/views/events/index.html.erb:11
  [1m[36mEvent Load (1.4ms)[0m  [1m[34mSELECT "events".* FROM "events" ORDER BY "events"."start_date" ASC LIMIT 12 OFFSET 0 /*action='index',application='BillettoAssignment',controller='events'*/[0m
  ↳ app/views/events/index.html.erb:22
  [1m[36mEvent Count (0.5ms)[0m  [1m[34mSELECT COUNT(*) FROM "events" /*action='index',application='BillettoAssignment',controller='events'*/[0m
  ↳ app/views/events/index.html.erb:78
  Rendered events/index.html.erb within layouts/application (Duration: 15.3ms | GC: 0.5ms)
  Rendered layout layouts/application.html.erb (Duration: 16.5ms | GC: 0.5ms)
Completed 200 OK in 19ms (Views: 14.8ms | ActiveRecord: 2.2ms (3 queries, 0 cached) | GC: 0.5ms)


Started GET "/events?filter=upcoming" for 127.0.0.1 at 2026-05-06 10:49:37 +0530
Processing by EventsController#index as HTML
  Parameters: {"filter"=>"upcoming"}
  Rendering layout layouts/application.html.erb
  Rendering events/index.html.erb within layouts/application
  [1m[36mEvent Exists? (2.3ms)[0m  [1m[34mSELECT 1 AS one FROM "events" WHERE (start_date > '2026-05-06 05:19:37.824803') LIMIT 1 OFFSET 0 /*action='index',application='BillettoAssignment',controller='events'*/[0m
  ↳ app/views/events/index.html.erb:11
  [1m[36mEvent Load (2.0ms)[0m  [1m[34mSELECT "events".* FROM "events" WHERE (start_date > '2026-05-06 05:19:37.824803') ORDER BY "events"."start_date" ASC LIMIT 12 OFFSET 0 /*action='index',application='BillettoAssignment',controller='events'*/[0m
  ↳ app/views/events/index.html.erb:22
  [1m[36mEvent Count (1.4ms)[0m  [1m[34mSELECT COUNT(*) FROM "events" WHERE (start_date > '2026-05-06 05:19:37.824803') /*action='index',application='BillettoAssignment',controller='events'*/[0m
  ↳ app/views/events/index.html.erb:78
  Rendered events/index.html.erb within layouts/application (Duration: 48.7ms | GC: 2.2ms)
  Rendered layout layouts/application.html.erb (Duration: 52.8ms | GC: 2.2ms)
Completed 200 OK in 60ms (Views: 48.9ms | ActiveRecord: 5.5ms (3 queries, 0 cached) | GC: 2.2ms)


Started GET "/events?filter=past" for 127.0.0.1 at 2026-05-06 10:49:40 +0530
Processing by EventsController#index as HTML
  Parameters: {"filter"=>"past"}
  Rendering layout layouts/application.html.erb
  Rendering events/index.html.erb within layouts/application
  [1m[36mEvent Exists? (4.0ms)[0m  [1m[34mSELECT 1 AS one FROM "events" WHERE (start_date <= '2026-05-06 05:19:40.507631') LIMIT 1 OFFSET 0 /*action='index',application='BillettoAssignment',controller='events'*/[0m
  ↳ app/views/events/index.html.erb:11
  Rendered events/index.html.erb within layouts/application (Duration: 13.5ms | GC: 0.8ms)
  Rendered layout layouts/application.html.erb (Duration: 14.5ms | GC: 0.8ms)
Completed 500 Internal Server Error in 22ms (ActiveRecord: 4.0ms (1 query, 0 cached) | GC: 0.8ms)


  
ActionView::Template::Error (undefined local variable or method `admin_events_import_path' for #<ActionView::Base:0x00000000014370>)
Caused by: NameError (undefined local variable or method `admin_events_import_path' for #<ActionView::Base:0x00000000014370>)

Information for: ActionView::Template::Error (undefined local variable or method `admin_events_import_path' for #<ActionView::Base:0x00000000014370>):
    12:     <h3>No events found</h3>
    13:     <p>Try importing events from the Billetto API.</p>
    14:     <%= link_to "Import Events", admin_events_import_path, 
    15:         class: "btn btn-primary", 
    16:         method: :post,
    17:         data: { confirm: "Are you sure you want to import events from Billetto API?" } %>
    18:   </div>
  
app/views/events/index.html.erb:15

Information for cause: NameError (undefined local variable or method `admin_events_import_path' for #<ActionView::Base:0x00000000014370>):
  
app/views/events/index.html.erb:15
Started GET "/" for 127.0.0.1 at 2026-05-06 10:51:09 +0530
  [1m[36mActiveRecord::SchemaMigration Load (0.5ms)[0m  [1m[34mSELECT "schema_migrations"."version" FROM "schema_migrations" ORDER BY "schema_migrations"."version" ASC /*application='BillettoAssignment'*/[0m
Processing by EventsController#index as HTML
  Rendering layout layouts/application.html.erb
  Rendering events/index.html.erb within layouts/application
  [1m[36mEvent Exists? (0.6ms)[0m  [1m[34mSELECT 1 AS one FROM "events" LIMIT 1 OFFSET 0 /*action='index',application='BillettoAssignment',controller='events'*/[0m
  ↳ app/views/events/index.html.erb:11
  [1m[36mEvent Load (0.7ms)[0m  [1m[34mSELECT "events".* FROM "events" ORDER BY "events"."start_date" ASC LIMIT 12 OFFSET 0 /*action='index',application='BillettoAssignment',controller='events'*/[0m
  ↳ app/views/events/index.html.erb:22
  [1m[36mEvent Count (0.4ms)[0m  [1m[34mSELECT COUNT(*) FROM "events" /*action='index',application='BillettoAssignment',controller='events'*/[0m
  ↳ app/views/events/index.html.erb:78
  Rendered events/index.html.erb within layouts/application (Duration: 22.0ms | GC: 0.0ms)
  Rendered layout layouts/application.html.erb (Duration: 32.6ms | GC: 0.0ms)
Completed 200 OK in 173ms (Views: 31.8ms | ActiveRecord: 9.3ms (3 queries, 0 cached) | GC: 14.2ms)


Started GET "/events?filter=past" for 127.0.0.1 at 2026-05-06 10:51:11 +0530
Processing by EventsController#index as HTML
  Parameters: {"filter"=>"past"}
  Rendering layout layouts/application.html.erb
  Rendering events/index.html.erb within layouts/application
  [1m[36mEvent Exists? (1.0ms)[0m  [1m[34mSELECT 1 AS one FROM "events" WHERE (start_date <= '2026-05-06 05:21:11.642167') LIMIT 1 OFFSET 0 /*action='index',application='BillettoAssignment',controller='events'*/[0m
  ↳ app/views/events/index.html.erb:11
  Rendered events/index.html.erb within layouts/application (Duration: 6.8ms | GC: 0.0ms)
  Rendered layout layouts/application.html.erb (Duration: 7.4ms | GC: 0.0ms)
Completed 500 Internal Server Error in 12ms (ActiveRecord: 1.0ms (1 query, 0 cached) | GC: 0.0ms)


  
ActionView::Template::Error (undefined local variable or method `admin_events_import_path' for #<ActionView::Base:0x0000000000fd98>)
Caused by: NameError (undefined local variable or method `admin_events_import_path' for #<ActionView::Base:0x0000000000fd98>)

Information for: ActionView::Template::Error (undefined local variable or method `admin_events_import_path' for #<ActionView::Base:0x0000000000fd98>):
    12:     <h3>No events found</h3>
    13:     <p>Try importing events from the Billetto API.</p>
    14:     <%= link_to "Import Events", admin_events_import_path, 
    15:         class: "btn btn-primary", 
    16:         method: :post,
    17:         data: { confirm: "Are you sure you want to import events from Billetto API?" } %>
    18:   </div>
  
app/views/events/index.html.erb:15

Information for cause: NameError (undefined local variable or method `admin_events_import_path' for #<ActionView::Base:0x0000000000fd98>):
  
app/views/events/index.html.erb:15
Started GET "/" for 127.0.0.1 at 2026-05-06 10:51:39 +0530
Processing by EventsController#index as HTML
  Rendering layout layouts/application.html.erb
  Rendering events/index.html.erb within layouts/application
  [1m[36mEvent Exists? (0.6ms)[0m  [1m[34mSELECT 1 AS one FROM "events" LIMIT 1 OFFSET 0 /*action='index',application='BillettoAssignment',controller='events'*/[0m
  ↳ app/views/events/index.html.erb:11
  [1m[36mEvent Load (0.7ms)[0m  [1m[34mSELECT "events".* FROM "events" ORDER BY "events"."start_date" ASC LIMIT 12 OFFSET 0 /*action='index',application='BillettoAssignment',controller='events'*/[0m
  ↳ app/views/events/index.html.erb:22
  [1m[36mEvent Count (0.4ms)[0m  [1m[34mSELECT COUNT(*) FROM "events" /*action='index',application='BillettoAssignment',controller='events'*/[0m
  ↳ app/views/events/index.html.erb:78
  Rendered events/index.html.erb within layouts/application (Duration: 18.5ms | GC: 0.2ms)
  Rendered layout layouts/application.html.erb (Duration: 21.1ms | GC: 0.2ms)
Completed 200 OK in 29ms (Views: 19.7ms | ActiveRecord: 3.8ms (3 queries, 0 cached) | GC: 0.2ms)


Started GET "/events?filter=upcoming" for 127.0.0.1 at 2026-05-06 10:51:40 +0530
Processing by EventsController#index as HTML
  Parameters: {"filter"=>"upcoming"}
  Rendering layout layouts/application.html.erb
  Rendering events/index.html.erb within layouts/application
  [1m[36mEvent Exists? (1.7ms)[0m  [1m[34mSELECT 1 AS one FROM "events" WHERE (start_date > '2026-05-06 05:21:40.549685') LIMIT 1 OFFSET 0 /*action='index',application='BillettoAssignment',controller='events'*/[0m
  ↳ app/views/events/index.html.erb:11
  [1m[36mEvent Load (1.9ms)[0m  [1m[34mSELECT "events".* FROM "events" WHERE (start_date > '2026-05-06 05:21:40.549685') ORDER BY "events"."start_date" ASC LIMIT 12 OFFSET 0 /*action='index',application='BillettoAssignment',controller='events'*/[0m
  ↳ app/views/events/index.html.erb:22
  [1m[36mEvent Count (1.4ms)[0m  [1m[34mSELECT COUNT(*) FROM "events" WHERE (start_date > '2026-05-06 05:21:40.549685') /*action='index',application='BillettoAssignment',controller='events'*/[0m
  ↳ app/views/events/index.html.erb:78
  Rendered events/index.html.erb within layouts/application (Duration: 42.8ms | GC: 0.0ms)
  Rendered layout layouts/application.html.erb (Duration: 47.5ms | GC: 0.0ms)
Completed 200 OK in 53ms (Views: 44.4ms | ActiveRecord: 4.9ms (3 queries, 0 cached) | GC: 0.0ms)


Started GET "/events?filter=past" for 127.0.0.1 at 2026-05-06 10:51:40 +0530
Processing by EventsController#index as HTML
  Parameters: {"filter"=>"past"}
  Rendering layout layouts/application.html.erb
  Rendering events/index.html.erb within layouts/application
  [1m[36mEvent Exists? (0.4ms)[0m  [1m[34mSELECT 1 AS one FROM "events" WHERE (start_date <= '2026-05-06 05:21:40.796604') LIMIT 1 OFFSET 0 /*action='index',application='BillettoAssignment',controller='events'*/[0m
  ↳ app/views/events/index.html.erb:11
  Rendered events/index.html.erb within layouts/application (Duration: 2.1ms | GC: 0.0ms)
  Rendered layout layouts/application.html.erb (Duration: 3.5ms | GC: 0.0ms)
Completed 200 OK in 5ms (Views: 3.5ms | ActiveRecord: 0.4ms (1 query, 0 cached) | GC: 0.0ms)


Started GET "/events?filter=upcoming" for 127.0.0.1 at 2026-05-06 10:51:43 +0530
Processing by EventsController#index as HTML
  Parameters: {"filter"=>"upcoming"}
  Rendering layout layouts/application.html.erb
  Rendering events/index.html.erb within layouts/application
  [1m[36mEvent Exists? (0.5ms)[0m  [1m[34mSELECT 1 AS one FROM "events" WHERE (start_date > '2026-05-06 05:21:43.127576') LIMIT 1 OFFSET 0 /*action='index',application='BillettoAssignment',controller='events'*/[0m
  ↳ app/views/events/index.html.erb:11
  [1m[36mEvent Load (0.4ms)[0m  [1m[34mSELECT "events".* FROM "events" WHERE (start_date > '2026-05-06 05:21:43.127576') ORDER BY "events"."start_date" ASC LIMIT 12 OFFSET 0 /*action='index',application='BillettoAssignment',controller='events'*/[0m
  ↳ app/views/events/index.html.erb:22
  [1m[36mEvent Count (0.4ms)[0m  [1m[34mSELECT COUNT(*) FROM "events" WHERE (start_date > '2026-05-06 05:21:43.127576') /*action='index',application='BillettoAssignment',controller='events'*/[0m
  ↳ app/views/events/index.html.erb:78
  Rendered events/index.html.erb within layouts/application (Duration: 9.9ms | GC: 0.0ms)
  Rendered layout layouts/application.html.erb (Duration: 11.3ms | GC: 0.0ms)
Completed 200 OK in 13ms (Views: 10.4ms | ActiveRecord: 1.3ms (3 queries, 0 cached) | GC: 0.0ms)


Started GET "/events?filter=all" for 127.0.0.1 at 2026-05-06 10:51:43 +0530
Processing by EventsController#index as HTML
  Parameters: {"filter"=>"all"}
  Rendering layout layouts/application.html.erb
  Rendering events/index.html.erb within layouts/application
  [1m[36mEvent Exists? (1.1ms)[0m  [1m[34mSELECT 1 AS one FROM "events" LIMIT 1 OFFSET 0 /*action='index',application='BillettoAssignment',controller='events'*/[0m
  ↳ app/views/events/index.html.erb:11
  [1m[36mEvent Load (1.4ms)[0m  [1m[34mSELECT "events".* FROM "events" ORDER BY "events"."start_date" ASC LIMIT 12 OFFSET 0 /*action='index',application='BillettoAssignment',controller='events'*/[0m
  ↳ app/views/events/index.html.erb:22
  [1m[36mEvent Count (0.8ms)[0m  [1m[34mSELECT COUNT(*) FROM "events" /*action='index',application='BillettoAssignment',controller='events'*/[0m
  ↳ app/views/events/index.html.erb:78
  Rendered events/index.html.erb within layouts/application (Duration: 28.4ms | GC: 0.0ms)
  Rendered layout layouts/application.html.erb (Duration: 31.7ms | GC: 0.0ms)
Completed 200 OK in 36ms (Views: 29.7ms | ActiveRecord: 3.3ms (3 queries, 0 cached) | GC: 0.0ms)


Started GET "/events?filter=past" for 127.0.0.1 at 2026-05-06 10:51:45 +0530
Processing by EventsController#index as HTML
  Parameters: {"filter"=>"past"}
  Rendering layout layouts/application.html.erb
  Rendering events/index.html.erb within layouts/application
  [1m[36mEvent Exists? (0.6ms)[0m  [1m[34mSELECT 1 AS one FROM "events" WHERE (start_date <= '2026-05-06 05:21:45.479169') LIMIT 1 OFFSET 0 /*action='index',application='BillettoAssignment',controller='events'*/[0m
  ↳ app/views/events/index.html.erb:11
  Rendered events/index.html.erb within layouts/application (Duration: 2.5ms | GC: 0.0ms)
  Rendered layout layouts/application.html.erb (Duration: 4.5ms | GC: 0.0ms)
Completed 200 OK in 6ms (Views: 4.4ms | ActiveRecord: 0.6ms (1 query, 0 cached) | GC: 0.0ms)


Started GET "/admin/events/import" for 127.0.0.1 at 2026-05-06 10:51:46 +0530
  
ActionController::RoutingError (No route matches [GET] "/admin/events/import"):
  
Started GET "/" for 127.0.0.1 at 2026-05-06 10:52:41 +0530
  [1m[36mActiveRecord::SchemaMigration Load (0.5ms)[0m  [1m[34mSELECT "schema_migrations"."version" FROM "schema_migrations" ORDER BY "schema_migrations"."version" ASC /*application='BillettoAssignment'*/[0m
Processing by EventsController#index as HTML
  Rendering layout layouts/application.html.erb
  Rendering events/index.html.erb within layouts/application
  [1m[36mEvent Exists? (0.8ms)[0m  [1m[34mSELECT 1 AS one FROM "events" LIMIT 1 OFFSET 0 /*action='index',application='BillettoAssignment',controller='events'*/[0m
  ↳ app/views/events/index.html.erb:11
  [1m[36mEvent Load (0.7ms)[0m  [1m[34mSELECT "events".* FROM "events" ORDER BY "events"."start_date" ASC LIMIT 12 OFFSET 0 /*action='index',application='BillettoAssignment',controller='events'*/[0m
  ↳ app/views/events/index.html.erb:22
  [1m[36mEvent Count (0.7ms)[0m  [1m[34mSELECT COUNT(*) FROM "events" /*action='index',application='BillettoAssignment',controller='events'*/[0m
  ↳ app/views/events/index.html.erb:78
  Rendered events/index.html.erb within layouts/application (Duration: 29.0ms | GC: 0.0ms)
  Rendered layout layouts/application.html.erb (Duration: 43.6ms | GC: 0.0ms)
Completed 200 OK in 185ms (Views: 42.5ms | ActiveRecord: 9.3ms (3 queries, 0 cached) | GC: 14.1ms)


Started GET "/events?filter=all" for 127.0.0.1 at 2026-05-06 10:52:42 +0530
Processing by EventsController#index as HTML
  Parameters: {"filter"=>"all"}
  Rendering layout layouts/application.html.erb
  Rendering events/index.html.erb within layouts/application
  [1m[36mEvent Exists? (1.3ms)[0m  [1m[34mSELECT 1 AS one FROM "events" LIMIT 1 OFFSET 0 /*action='index',application='BillettoAssignment',controller='events'*/[0m
  ↳ app/views/events/index.html.erb:11
  [1m[36mEvent Load (1.7ms)[0m  [1m[34mSELECT "events".* FROM "events" ORDER BY "events"."start_date" ASC LIMIT 12 OFFSET 0 /*action='index',application='BillettoAssignment',controller='events'*/[0m
  ↳ app/views/events/index.html.erb:22
  [1m[36mEvent Count (1.2ms)[0m  [1m[34mSELECT COUNT(*) FROM "events" /*action='index',application='BillettoAssignment',controller='events'*/[0m
  ↳ app/views/events/index.html.erb:78
  Rendered events/index.html.erb within layouts/application (Duration: 53.4ms | GC: 0.0ms)
  Rendered layout layouts/application.html.erb (Duration: 58.6ms | GC: 0.0ms)
Completed 200 OK in 63ms (Views: 55.8ms | ActiveRecord: 4.1ms (3 queries, 0 cached) | GC: 0.0ms)


Started GET "/events?filter=upcoming" for 127.0.0.1 at 2026-05-06 10:52:42 +0530
Processing by EventsController#index as HTML
  Parameters: {"filter"=>"upcoming"}
  Rendering layout layouts/application.html.erb
  Rendering events/index.html.erb within layouts/application
  [1m[36mEvent Exists? (1.9ms)[0m  [1m[34mSELECT 1 AS one FROM "events" WHERE (start_date > '2026-05-06 05:22:42.182574') LIMIT 1 OFFSET 0 /*action='index',application='BillettoAssignment',controller='events'*/[0m
  ↳ app/views/events/index.html.erb:11
  [1m[36mEvent Load (1.8ms)[0m  [1m[34mSELECT "events".* FROM "events" WHERE (start_date > '2026-05-06 05:22:42.182574') ORDER BY "events"."start_date" ASC LIMIT 12 OFFSET 0 /*action='index',application='BillettoAssignment',controller='events'*/[0m
  ↳ app/views/events/index.html.erb:22
  [1m[36mEvent Count (0.8ms)[0m  [1m[34mSELECT COUNT(*) FROM "events" WHERE (start_date > '2026-05-06 05:22:42.182574') /*action='index',application='BillettoAssignment',controller='events'*/[0m
  ↳ app/views/events/index.html.erb:78
  Rendered events/index.html.erb within layouts/application (Duration: 36.0ms | GC: 0.0ms)
  Rendered layout layouts/application.html.erb (Duration: 38.4ms | GC: 0.0ms)
Completed 200 OK in 48ms (Views: 36.0ms | ActiveRecord: 4.4ms (3 queries, 0 cached) | GC: 0.0ms)


Started GET "/events?filter=upcoming" for 127.0.0.1 at 2026-05-06 10:52:43 +0530
Processing by EventsController#index as HTML
  Parameters: {"filter"=>"upcoming"}
  Rendering layout layouts/application.html.erb
  Rendering events/index.html.erb within layouts/application
  [1m[36mEvent Exists? (0.4ms)[0m  [1m[34mSELECT 1 AS one FROM "events" WHERE (start_date > '2026-05-06 05:22:43.071990') LIMIT 1 OFFSET 0 /*action='index',application='BillettoAssignment',controller='events'*/[0m
  ↳ app/views/events/index.html.erb:11
  [1m[36mEvent Load (0.5ms)[0m  [1m[34mSELECT "events".* FROM "events" WHERE (start_date > '2026-05-06 05:22:43.071990') ORDER BY "events"."start_date" ASC LIMIT 12 OFFSET 0 /*action='index',application='BillettoAssignment',controller='events'*/[0m
  ↳ app/views/events/index.html.erb:22
  [1m[36mEvent Count (0.5ms)[0m  [1m[34mSELECT COUNT(*) FROM "events" WHERE (start_date > '2026-05-06 05:22:43.071990') /*action='index',application='BillettoAssignment',controller='events'*/[0m
  ↳ app/views/events/index.html.erb:78
  Rendered events/index.html.erb within layouts/application (Duration: 11.7ms | GC: 0.0ms)
  Rendered layout layouts/application.html.erb (Duration: 12.7ms | GC: 0.0ms)
Completed 200 OK in 14ms (Views: 11.7ms | ActiveRecord: 1.4ms (3 queries, 0 cached) | GC: 0.0ms)


Started GET "/events?filter=past" for 127.0.0.1 at 2026-05-06 10:52:43 +0530
Processing by EventsController#index as HTML
  Parameters: {"filter"=>"past"}
  Rendering layout layouts/application.html.erb
  Rendering events/index.html.erb within layouts/application
  [1m[36mEvent Exists? (0.4ms)[0m  [1m[34mSELECT 1 AS one FROM "events" WHERE (start_date <= '2026-05-06 05:22:43.403531') LIMIT 1 OFFSET 0 /*action='index',application='BillettoAssignment',controller='events'*/[0m
  ↳ app/views/events/index.html.erb:11
  Rendered events/index.html.erb within layouts/application (Duration: 1.6ms | GC: 0.0ms)
  Rendered layout layouts/application.html.erb (Duration: 2.5ms | GC: 0.0ms)
Completed 200 OK in 4ms (Views: 2.4ms | ActiveRecord: 0.4ms (1 query, 0 cached) | GC: 0.0ms)


Started GET "/admin/events/import" for 127.0.0.1 at 2026-05-06 10:52:44 +0530
  
ActionController::RoutingError (No route matches [GET] "/admin/events/import"):
  
Started HEAD "/admin/events/import" for 127.0.0.1 at 2026-05-06 10:53:00 +0530
  
ActionController::RoutingError (No route matches [HEAD] "/admin/events/import"):
  
Started GET "/" for 127.0.0.1 at 2026-05-06 10:53:48 +0530
  [1m[36mActiveRecord::SchemaMigration Load (0.5ms)[0m  [1m[34mSELECT "schema_migrations"."version" FROM "schema_migrations" ORDER BY "schema_migrations"."version" ASC /*application='BillettoAssignment'*/[0m
Processing by EventsController#index as HTML
  Rendering layout layouts/application.html.erb
  Rendering events/index.html.erb within layouts/application
  [1m[36mEvent Exists? (0.7ms)[0m  [1m[34mSELECT 1 AS one FROM "events" LIMIT 1 OFFSET 0 /*action='index',application='BillettoAssignment',controller='events'*/[0m
  ↳ app/views/events/index.html.erb:11
  [1m[36mEvent Load (0.6ms)[0m  [1m[34mSELECT "events".* FROM "events" ORDER BY "events"."start_date" ASC LIMIT 12 OFFSET 0 /*action='index',application='BillettoAssignment',controller='events'*/[0m
  ↳ app/views/events/index.html.erb:22
  [1m[36mEvent Count (0.4ms)[0m  [1m[34mSELECT COUNT(*) FROM "events" /*action='index',application='BillettoAssignment',controller='events'*/[0m
  ↳ app/views/events/index.html.erb:78
  Rendered events/index.html.erb within layouts/application (Duration: 22.1ms | GC: 0.0ms)
  Rendered layout layouts/application.html.erb (Duration: 32.7ms | GC: 0.0ms)
Completed 200 OK in 175ms (Views: 32.4ms | ActiveRecord: 8.7ms (3 queries, 0 cached) | GC: 13.7ms)


Started GET "/events?filter=past" for 127.0.0.1 at 2026-05-06 10:53:49 +0530
Processing by EventsController#index as HTML
  Parameters: {"filter"=>"past"}
  Rendering layout layouts/application.html.erb
  Rendering events/index.html.erb within layouts/application
  [1m[36mEvent Exists? (1.2ms)[0m  [1m[34mSELECT 1 AS one FROM "events" WHERE (start_date <= '2026-05-06 05:23:49.614951') LIMIT 1 OFFSET 0 /*action='index',application='BillettoAssignment',controller='events'*/[0m
  ↳ app/views/events/index.html.erb:11
  Rendered events/index.html.erb within layouts/application (Duration: 5.7ms | GC: 0.0ms)
  Rendered layout layouts/application.html.erb (Duration: 8.6ms | GC: 0.0ms)
Completed 200 OK in 15ms (Views: 8.8ms | ActiveRecord: 1.2ms (1 query, 0 cached) | GC: 0.0ms)


Started GET "/admin/events/import" for 127.0.0.1 at 2026-05-06 10:53:51 +0530
  
ActionController::RoutingError (No route matches [GET] "/admin/events/import"):
  
Started POST "/admin/events/import" for 127.0.0.1 at 2026-05-06 10:54:03 +0530
Processing by Admin::EventsController#import as */*
Can't verify CSRF token authenticity.
Completed 422 Unprocessable Content in 0ms (ActiveRecord: 0.0ms (0 queries, 0 cached) | GC: 0.0ms)


  
ActionController::InvalidAuthenticityToken (Can't verify CSRF token authenticity.):
  
actionpack (8.1.3) lib/action_controller/metal/request_forgery_protection.rb:321:in `handle_unverified_request'
actionpack (8.1.3) lib/action_controller/metal/request_forgery_protection.rb:415:in `handle_unverified_request'
actionpack (8.1.3) lib/action_controller/metal/request_forgery_protection.rb:404:in `verify_authenticity_token'
activesupport (8.1.3) lib/active_support/callbacks.rb:362:in `block in make_lambda'
activesupport (8.1.3) lib/active_support/callbacks.rb:179:in `block in call'
actionpack (8.1.3) lib/abstract_controller/callbacks.rb:36:in `block (2 levels) in <module:Callbacks>'
activesupport (8.1.3) lib/active_support/callbacks.rb:180:in `call'
activesupport (8.1.3) lib/active_support/callbacks.rb:560:in `block in invoke_before'
activesupport (8.1.3) lib/active_support/callbacks.rb:560:in `each'
activesupport (8.1.3) lib/active_support/callbacks.rb:560:in `invoke_before'
activesupport (8.1.3) lib/active_support/callbacks.rb:119:in `block in run_callbacks'
activesupport (8.1.3) lib/active_support/callbacks.rb:141:in `run_callbacks'
actionpack (8.1.3) lib/abstract_controller/callbacks.rb:266:in `process_action'
actionpack (8.1.3) lib/action_controller/metal/rescue.rb:36:in `process_action'
actionpack (8.1.3) lib/action_controller/metal/instrumentation.rb:76:in `block in process_action'
activesupport (8.1.3) lib/active_support/notifications.rb:210:in `block in instrument'
activesupport (8.1.3) lib/active_support/notifications/instrumenter.rb:58:in `instrument'
activesupport (8.1.3) lib/active_support/notifications.rb:210:in `instrument'
actionpack (8.1.3) lib/action_controller/metal/instrumentation.rb:75:in `process_action'
actionpack (8.1.3) lib/action_controller/metal/params_wrapper.rb:259:in `process_action'
activerecord (8.1.3) lib/active_record/railties/controller_runtime.rb:39:in `process_action'
actionpack (8.1.3) lib/abstract_controller/base.rb:154:in `process'
actionview (8.1.3) lib/action_view/rendering.rb:40:in `process'
actionpack (8.1.3) lib/action_controller/metal.rb:252:in `dispatch'
actionpack (8.1.3) lib/action_controller/metal.rb:335:in `dispatch'
actionpack (8.1.3) lib/action_dispatch/routing/route_set.rb:65:in `dispatch'
actionpack (8.1.3) lib/action_dispatch/routing/route_set.rb:50:in `serve'
actionpack (8.1.3) lib/action_dispatch/journey/router.rb:35:in `block in serve'
actionpack (8.1.3) lib/action_dispatch/journey/router.rb:86:in `block in recognize'
actionpack (8.1.3) lib/action_dispatch/journey/router.rb:66:in `each'
actionpack (8.1.3) lib/action_dispatch/journey/router.rb:66:in `recognize'
actionpack (8.1.3) lib/action_dispatch/journey/router.rb:31:in `serve'
actionpack (8.1.3) lib/action_dispatch/routing/route_set.rb:906:in `call'
railties (8.1.3) lib/rails/engine/lazy_route_set.rb:60:in `call'
rails_event_store (2.18.0) lib/rails_event_store/middleware.rb:11:in `block in call'
rails_event_store (2.18.0) lib/rails_event_store/client.rb:85:in `block in with_request_metadata'
ruby_event_store (2.18.0) lib/ruby_event_store/client.rb:301:in `with_metadata'
rails_event_store (2.18.0) lib/rails_event_store/client.rb:85:in `with_request_metadata'
rails_event_store (2.18.0) lib/rails_event_store/middleware.rb:11:in `call'
rack (3.2.6) lib/rack/tempfile_reaper.rb:20:in `call'
rack (3.2.6) lib/rack/etag.rb:29:in `call'
rack (3.2.6) lib/rack/conditional_get.rb:44:in `call'
rack (3.2.6) lib/rack/head.rb:15:in `call'
actionpack (8.1.3) lib/action_dispatch/http/content_security_policy.rb:38:in `call'
rack-session (2.1.2) lib/rack/session/abstract/id.rb:274:in `context'
rack-session (2.1.2) lib/rack/session/abstract/id.rb:268:in `call'
actionpack (8.1.3) lib/action_dispatch/middleware/cookies.rb:708:in `call'
activerecord (8.1.3) lib/active_record/migration.rb:671:in `call'
actionpack (8.1.3) lib/action_dispatch/middleware/callbacks.rb:31:in `block in call'
activesupport (8.1.3) lib/active_support/callbacks.rb:101:in `run_callbacks'
actionpack (8.1.3) lib/action_dispatch/middleware/callbacks.rb:30:in `call'
actionpack (8.1.3) lib/action_dispatch/middleware/executor.rb:20:in `call'
actionpack (8.1.3) lib/action_dispatch/middleware/actionable_exceptions.rb:18:in `call'
actionpack (8.1.3) lib/action_dispatch/middleware/debug_exceptions.rb:31:in `call'
web-console (4.3.0) lib/web_console/middleware.rb:132:in `call_app'
web-console (4.3.0) lib/web_console/middleware.rb:28:in `block in call'
web-console (4.3.0) lib/web_console/middleware.rb:17:in `catch'
web-console (4.3.0) lib/web_console/middleware.rb:17:in `call'
actionpack (8.1.3) lib/action_dispatch/middleware/show_exceptions.rb:32:in `call'
railties (8.1.3) lib/rails/rack/logger.rb:41:in `call_app'
railties (8.1.3) lib/rails/rack/logger.rb:29:in `call'
propshaft (1.3.2) lib/propshaft/quiet_assets.rb:11:in `call'
actionpack (8.1.3) lib/action_dispatch/middleware/remote_ip.rb:98:in `call'
actionpack (8.1.3) lib/action_dispatch/middleware/request_id.rb:34:in `call'
rack (3.2.6) lib/rack/method_override.rb:28:in `call'
rack (3.2.6) lib/rack/runtime.rb:24:in `call'
activesupport (8.1.3) lib/active_support/cache/strategy/local_cache_middleware.rb:30:in `call'
actionpack (8.1.3) lib/action_dispatch/middleware/server_timing.rb:61:in `block in call'
actionpack (8.1.3) lib/action_dispatch/middleware/server_timing.rb:26:in `collect_events'
actionpack (8.1.3) lib/action_dispatch/middleware/server_timing.rb:60:in `call'
actionpack (8.1.3) lib/action_dispatch/middleware/executor.rb:20:in `call'
propshaft (1.3.2) lib/propshaft/server.rb:37:in `call'
actionpack (8.1.3) lib/action_dispatch/middleware/static.rb:27:in `call'
rack (3.2.6) lib/rack/sendfile.rb:131:in `call'
actionpack (8.1.3) lib/action_dispatch/middleware/host_authorization.rb:143:in `call'
railties (8.1.3) lib/rails/engine.rb:534:in `call'
puma (8.0.1) lib/puma/configuration.rb:305:in `call'
puma (8.0.1) lib/puma/response.rb:79:in `block in handle_request'
puma (8.0.1) lib/puma/thread_pool.rb:434:in `with_force_shutdown'
puma (8.0.1) lib/puma/response.rb:78:in `handle_request'
puma (8.0.1) lib/puma/server.rb:508:in `process_client'
puma (8.0.1) lib/puma/server.rb:263:in `block in run'
puma (8.0.1) lib/puma/thread_pool.rb:246:in `block in spawn_thread'
Started GET "/" for 127.0.0.1 at 2026-05-06 10:54:25 +0530
Processing by EventsController#index as HTML
  Rendering layout layouts/application.html.erb
  Rendering events/index.html.erb within layouts/application
  [1m[36mEvent Exists? (0.4ms)[0m  [1m[34mSELECT 1 AS one FROM "events" LIMIT 1 OFFSET 0 /*action='index',application='BillettoAssignment',controller='events'*/[0m
  ↳ app/views/events/index.html.erb:11
  [1m[36mEvent Load (0.6ms)[0m  [1m[34mSELECT "events".* FROM "events" ORDER BY "events"."start_date" ASC LIMIT 12 OFFSET 0 /*action='index',application='BillettoAssignment',controller='events'*/[0m
  ↳ app/views/events/index.html.erb:22
  [1m[36mEvent Count (0.5ms)[0m  [1m[34mSELECT COUNT(*) FROM "events" /*action='index',application='BillettoAssignment',controller='events'*/[0m
  ↳ app/views/events/index.html.erb:78
  Rendered events/index.html.erb within layouts/application (Duration: 16.1ms | GC: 0.3ms)
  Rendered layout layouts/application.html.erb (Duration: 18.0ms | GC: 0.3ms)
Completed 200 OK in 20ms (Views: 17.3ms | ActiveRecord: 1.5ms (3 queries, 0 cached) | GC: 0.3ms)


Started GET "/events?filter=past" for 127.0.0.1 at 2026-05-06 10:54:26 +0530
Processing by EventsController#index as HTML
  Parameters: {"filter"=>"past"}
  Rendering layout layouts/application.html.erb
  Rendering events/index.html.erb within layouts/application
  [1m[36mEvent Exists? (1.3ms)[0m  [1m[34mSELECT 1 AS one FROM "events" WHERE (start_date <= '2026-05-06 05:24:26.627308') LIMIT 1 OFFSET 0 /*action='index',application='BillettoAssignment',controller='events'*/[0m
  ↳ app/views/events/index.html.erb:11
  Rendered events/index.html.erb within layouts/application (Duration: 5.7ms | GC: 0.0ms)
  Rendered layout layouts/application.html.erb (Duration: 10.2ms | GC: 0.0ms)
Completed 200 OK in 16ms (Views: 10.6ms | ActiveRecord: 1.3ms (1 query, 0 cached) | GC: 0.0ms)


Started GET "/admin/events/import" for 127.0.0.1 at 2026-05-06 10:54:27 +0530
  
ActionController::RoutingError (No route matches [GET] "/admin/events/import"):
  
Started GET "/events?filter=past" for 127.0.0.1 at 2026-05-06 10:54:35 +0530
Processing by EventsController#index as HTML
  Parameters: {"filter"=>"past"}
  Rendering layout layouts/application.html.erb
  Rendering events/index.html.erb within layouts/application
  [1m[36mEvent Exists? (0.5ms)[0m  [1m[34mSELECT 1 AS one FROM "events" WHERE (start_date <= '2026-05-06 05:24:35.918247') LIMIT 1 OFFSET 0 /*action='index',application='BillettoAssignment',controller='events'*/[0m
  ↳ app/views/events/index.html.erb:11
  Rendered events/index.html.erb within layouts/application (Duration: 2.4ms | GC: 0.0ms)
  Rendered layout layouts/application.html.erb (Duration: 3.7ms | GC: 0.0ms)
Completed 200 OK in 6ms (Views: 3.7ms | ActiveRecord: 0.5ms (1 query, 0 cached) | GC: 0.0ms)


Started GET "/events?filter=upcoming" for 127.0.0.1 at 2026-05-06 10:54:36 +0530
Processing by EventsController#index as HTML
  Parameters: {"filter"=>"upcoming"}
  Rendering layout layouts/application.html.erb
  Rendering events/index.html.erb within layouts/application
  [1m[36mEvent Exists? (1.5ms)[0m  [1m[34mSELECT 1 AS one FROM "events" WHERE (start_date > '2026-05-06 05:24:36.822778') LIMIT 1 OFFSET 0 /*action='index',application='BillettoAssignment',controller='events'*/[0m
  ↳ app/views/events/index.html.erb:11
  [1m[36mEvent Load (1.3ms)[0m  [1m[34mSELECT "events".* FROM "events" WHERE (start_date > '2026-05-06 05:24:36.822778') ORDER BY "events"."start_date" ASC LIMIT 12 OFFSET 0 /*action='index',application='BillettoAssignment',controller='events'*/[0m
  ↳ app/views/events/index.html.erb:22
  [1m[36mEvent Count (1.2ms)[0m  [1m[34mSELECT COUNT(*) FROM "events" WHERE (start_date > '2026-05-06 05:24:36.822778') /*action='index',application='BillettoAssignment',controller='events'*/[0m
  ↳ app/views/events/index.html.erb:78
  Rendered events/index.html.erb within layouts/application (Duration: 35.0ms | GC: 0.0ms)
  Rendered layout layouts/application.html.erb (Duration: 39.3ms | GC: 0.0ms)
Completed 200 OK in 45ms (Views: 37.1ms | ActiveRecord: 3.8ms (3 queries, 0 cached) | GC: 0.0ms)


Started GET "/events/11" for 127.0.0.1 at 2026-05-06 10:54:37 +0530
Processing by EventsController#show as HTML
  Parameters: {"id"=>"11"}
  [1m[36mEvent Load (1.9ms)[0m  [1m[34mSELECT "events".* FROM "events" WHERE "events"."id" = 11 LIMIT 1 /*action='show',application='BillettoAssignment',controller='events'*/[0m
  ↳ app/controllers/events_controller.rb:49:in `set_event'
  Rendering layout layouts/application.html.erb
  Rendering events/show.html.erb within layouts/application
  Rendered events/show.html.erb within layouts/application (Duration: 10.9ms | GC: 0.0ms)
  Rendered layout layouts/application.html.erb (Duration: 15.9ms | GC: 0.0ms)
Completed 200 OK in 71ms (Views: 18.5ms | ActiveRecord: 1.9ms (1 query, 0 cached) | GC: 0.0ms)


Started GET "/events?filter=all" for 127.0.0.1 at 2026-05-06 10:54:39 +0530
Processing by EventsController#index as HTML
  Parameters: {"filter"=>"all"}
  Rendering layout layouts/application.html.erb
  Rendering events/index.html.erb within layouts/application
  [1m[36mEvent Exists? (1.1ms)[0m  [1m[34mSELECT 1 AS one FROM "events" LIMIT 1 OFFSET 0 /*action='index',application='BillettoAssignment',controller='events'*/[0m
  ↳ app/views/events/index.html.erb:11
  [1m[36mEvent Load (1.0ms)[0m  [1m[34mSELECT "events".* FROM "events" ORDER BY "events"."start_date" ASC LIMIT 12 OFFSET 0 /*action='index',application='BillettoAssignment',controller='events'*/[0m
  ↳ app/views/events/index.html.erb:22
  [1m[36mEvent Count (0.4ms)[0m  [1m[34mSELECT COUNT(*) FROM "events" /*action='index',application='BillettoAssignment',controller='events'*/[0m
  ↳ app/views/events/index.html.erb:78
  Rendered events/index.html.erb within layouts/application (Duration: 18.4ms | GC: 0.0ms)
  Rendered layout layouts/application.html.erb (Duration: 20.3ms | GC: 0.0ms)
Completed 200 OK in 23ms (Views: 18.7ms | ActiveRecord: 2.4ms (3 queries, 0 cached) | GC: 0.0ms)


Started GET "/" for 127.0.0.1 at 2026-05-06 10:54:42 +0530
Processing by EventsController#index as HTML
  Rendering layout layouts/application.html.erb
  Rendering events/index.html.erb within layouts/application
  [1m[36mEvent Exists? (0.4ms)[0m  [1m[34mSELECT 1 AS one FROM "events" LIMIT 1 OFFSET 0 /*action='index',application='BillettoAssignment',controller='events'*/[0m
  ↳ app/views/events/index.html.erb:11
  [1m[36mEvent Load (0.6ms)[0m  [1m[34mSELECT "events".* FROM "events" ORDER BY "events"."start_date" ASC LIMIT 12 OFFSET 0 /*action='index',application='BillettoAssignment',controller='events'*/[0m
  ↳ app/views/events/index.html.erb:22
  [1m[36mEvent Count (0.4ms)[0m  [1m[34mSELECT COUNT(*) FROM "events" /*action='index',application='BillettoAssignment',controller='events'*/[0m
  ↳ app/views/events/index.html.erb:78
  Rendered events/index.html.erb within layouts/application (Duration: 15.1ms | GC: 0.0ms)
  Rendered layout layouts/application.html.erb (Duration: 16.8ms | GC: 0.0ms)
Completed 200 OK in 19ms (Views: 16.1ms | ActiveRecord: 1.3ms (3 queries, 0 cached) | GC: 0.0ms)


Started GET "/" for 127.0.0.1 at 2026-05-06 10:54:45 +0530
Processing by EventsController#index as HTML
  Rendering layout layouts/application.html.erb
  Rendering events/index.html.erb within layouts/application
  [1m[36mEvent Exists? (1.1ms)[0m  [1m[34mSELECT 1 AS one FROM "events" LIMIT 1 OFFSET 0 /*action='index',application='BillettoAssignment',controller='events'*/[0m
  ↳ app/views/events/index.html.erb:11
  [1m[36mEvent Load (1.1ms)[0m  [1m[34mSELECT "events".* FROM "events" ORDER BY "events"."start_date" ASC LIMIT 12 OFFSET 0 /*action='index',application='BillettoAssignment',controller='events'*/[0m
  ↳ app/views/events/index.html.erb:22
  [1m[36mEvent Count (0.7ms)[0m  [1m[34mSELECT COUNT(*) FROM "events" /*action='index',application='BillettoAssignment',controller='events'*/[0m
  ↳ app/views/events/index.html.erb:78
  Rendered events/index.html.erb within layouts/application (Duration: 34.0ms | GC: 11.2ms)
  Rendered layout layouts/application.html.erb (Duration: 35.7ms | GC: 11.2ms)
Completed 200 OK in 40ms (Views: 34.0ms | ActiveRecord: 2.8ms (3 queries, 0 cached) | GC: 11.2ms)


Started GET "/" for 127.0.0.1 at 2026-05-06 10:54:47 +0530
Processing by EventsController#index as HTML
  Rendering layout layouts/application.html.erb
  Rendering events/index.html.erb within layouts/application
  [1m[36mEvent Exists? (1.0ms)[0m  [1m[34mSELECT 1 AS one FROM "events" LIMIT 1 OFFSET 0 /*action='index',application='BillettoAssignment',controller='events'*/[0m
  ↳ app/views/events/index.html.erb:11
  [1m[36mEvent Load (0.9ms)[0m  [1m[34mSELECT "events".* FROM "events" ORDER BY "events"."start_date" ASC LIMIT 12 OFFSET 0 /*action='index',application='BillettoAssignment',controller='events'*/[0m
  ↳ app/views/events/index.html.erb:22
  [1m[36mEvent Count (0.7ms)[0m  [1m[34mSELECT COUNT(*) FROM "events" /*action='index',application='BillettoAssignment',controller='events'*/[0m
  ↳ app/views/events/index.html.erb:78
  Rendered events/index.html.erb within layouts/application (Duration: 24.4ms | GC: 1.6ms)
  Rendered layout layouts/application.html.erb (Duration: 26.9ms | GC: 1.6ms)
Completed 200 OK in 33ms (Views: 26.4ms | ActiveRecord: 2.5ms (3 queries, 0 cached) | GC: 1.6ms)


Started GET "/?filter=upcoming" for 127.0.0.1 at 2026-05-06 10:54:47 +0530
Processing by EventsController#index as HTML
  Parameters: {"filter"=>"upcoming"}
  Rendering layout layouts/application.html.erb
  Rendering events/index.html.erb within layouts/application
  [1m[36mEvent Exists? (1.2ms)[0m  [1m[34mSELECT 1 AS one FROM "events" WHERE (start_date > '2026-05-06 05:24:47.853540') LIMIT 1 OFFSET 0 /*action='index',application='BillettoAssignment',controller='events'*/[0m
  ↳ app/views/events/index.html.erb:11
  [1m[36mEvent Load (1.6ms)[0m  [1m[34mSELECT "events".* FROM "events" WHERE (start_date > '2026-05-06 05:24:47.853540') ORDER BY "events"."start_date" ASC LIMIT 12 OFFSET 0 /*action='index',application='BillettoAssignment',controller='events'*/[0m
  ↳ app/views/events/index.html.erb:22
  [1m[36mEvent Count (0.7ms)[0m  [1m[34mSELECT COUNT(*) FROM "events" WHERE (start_date > '2026-05-06 05:24:47.853540') /*action='index',application='BillettoAssignment',controller='events'*/[0m
  ↳ app/views/events/index.html.erb:78
  Rendered events/index.html.erb within layouts/application (Duration: 24.8ms | GC: 1.1ms)
  Rendered layout layouts/application.html.erb (Duration: 26.6ms | GC: 1.1ms)
Completed 200 OK in 32ms (Views: 24.5ms | ActiveRecord: 3.5ms (3 queries, 0 cached) | GC: 1.1ms)


Started GET "/?filter=past" for 127.0.0.1 at 2026-05-06 10:54:48 +0530
Processing by EventsController#index as HTML
  Parameters: {"filter"=>"past"}
  Rendering layout layouts/application.html.erb
  Rendering events/index.html.erb within layouts/application
  [1m[36mEvent Exists? (1.9ms)[0m  [1m[34mSELECT 1 AS one FROM "events" WHERE (start_date <= '2026-05-06 05:24:48.838821') LIMIT 1 OFFSET 0 /*action='index',application='BillettoAssignment',controller='events'*/[0m
  ↳ app/views/events/index.html.erb:11
  Rendered events/index.html.erb within layouts/application (Duration: 7.3ms | GC: 0.0ms)
  Rendered layout layouts/application.html.erb (Duration: 11.7ms | GC: 0.0ms)
Completed 200 OK in 18ms (Views: 11.4ms | ActiveRecord: 1.8ms (1 query, 0 cached) | GC: 0.0ms)


Started GET "/?filter=upcoming" for 127.0.0.1 at 2026-05-06 10:54:50 +0530
Processing by EventsController#index as HTML
  Parameters: {"filter"=>"upcoming"}
  Rendering layout layouts/application.html.erb
  Rendering events/index.html.erb within layouts/application
  [1m[36mEvent Exists? (1.5ms)[0m  [1m[34mSELECT 1 AS one FROM "events" WHERE (start_date > '2026-05-06 05:24:50.210239') LIMIT 1 OFFSET 0 /*action='index',application='BillettoAssignment',controller='events'*/[0m
  ↳ app/views/events/index.html.erb:11
  [1m[36mEvent Load (1.9ms)[0m  [1m[34mSELECT "events".* FROM "events" WHERE (start_date > '2026-05-06 05:24:50.210239') ORDER BY "events"."start_date" ASC LIMIT 12 OFFSET 0 /*action='index',application='BillettoAssignment',controller='events'*/[0m
  ↳ app/views/events/index.html.erb:22
  [1m[36mEvent Count (1.5ms)[0m  [1m[34mSELECT COUNT(*) FROM "events" WHERE (start_date > '2026-05-06 05:24:50.210239') /*action='index',application='BillettoAssignment',controller='events'*/[0m
  ↳ app/views/events/index.html.erb:78
  Rendered events/index.html.erb within layouts/application (Duration: 48.2ms | GC: 0.6ms)
  Rendered layout layouts/application.html.erb (Duration: 52.0ms | GC: 0.6ms)
Completed 200 OK in 58ms (Views: 49.0ms | ActiveRecord: 4.9ms (3 queries, 0 cached) | GC: 0.6ms)


Started GET "/" for 127.0.0.1 at 2026-05-06 10:54:50 +0530
Processing by EventsController#index as HTML
  Rendering layout layouts/application.html.erb
  Rendering events/index.html.erb within layouts/application
  [1m[36mEvent Exists? (1.1ms)[0m  [1m[34mSELECT 1 AS one FROM "events" LIMIT 1 OFFSET 0 /*action='index',application='BillettoAssignment',controller='events'*/[0m
  ↳ app/views/events/index.html.erb:11
  [1m[36mEvent Load (1.1ms)[0m  [1m[34mSELECT "events".* FROM "events" ORDER BY "events"."start_date" ASC LIMIT 12 OFFSET 0 /*action='index',application='BillettoAssignment',controller='events'*/[0m
  ↳ app/views/events/index.html.erb:22
  [1m[36mEvent Count (1.0ms)[0m  [1m[34mSELECT COUNT(*) FROM "events" /*action='index',application='BillettoAssignment',controller='events'*/[0m
  ↳ app/views/events/index.html.erb:78
  Rendered events/index.html.erb within layouts/application (Duration: 33.3ms | GC: 0.9ms)
  Rendered layout layouts/application.html.erb (Duration: 37.2ms | GC: 0.9ms)
Completed 200 OK in 41ms (Views: 35.4ms | ActiveRecord: 3.1ms (3 queries, 0 cached) | GC: 0.9ms)


Started GET "/?page=5" for 127.0.0.1 at 2026-05-06 10:54:56 +0530
Processing by EventsController#index as HTML
  Parameters: {"page"=>"5"}
  Rendering layout layouts/application.html.erb
  Rendering events/index.html.erb within layouts/application
  [1m[36mEvent Exists? (1.5ms)[0m  [1m[34mSELECT 1 AS one FROM "events" LIMIT 1 OFFSET 48 /*action='index',application='BillettoAssignment',controller='events'*/[0m
  ↳ app/views/events/index.html.erb:11
  [1m[36mEvent Load (1.3ms)[0m  [1m[34mSELECT "events".* FROM "events" ORDER BY "events"."start_date" ASC LIMIT 12 OFFSET 48 /*action='index',application='BillettoAssignment',controller='events'*/[0m
  ↳ app/views/events/index.html.erb:22
  Rendered events/index.html.erb within layouts/application (Duration: 31.8ms | GC: 1.0ms)
  Rendered layout layouts/application.html.erb (Duration: 35.4ms | GC: 1.0ms)
Completed 200 OK in 42ms (Views: 34.1ms | ActiveRecord: 2.7ms (2 queries, 0 cached) | GC: 1.0ms)


Started GET "/events/2/upvote" for 127.0.0.1 at 2026-05-06 10:54:57 +0530
  
ActionController::RoutingError (No route matches [GET] "/events/2/upvote"):
  
Started GET "/" for 127.0.0.1 at 2026-05-06 10:56:07 +0530
  [1m[36mActiveRecord::SchemaMigration Load (0.7ms)[0m  [1m[34mSELECT "schema_migrations"."version" FROM "schema_migrations" ORDER BY "schema_migrations"."version" ASC /*application='BillettoAssignment'*/[0m
Processing by EventsController#index as HTML
  Rendering layout layouts/application.html.erb
  Rendering events/index.html.erb within layouts/application
  [1m[36mEvent Exists? (0.6ms)[0m  [1m[34mSELECT 1 AS one FROM "events" LIMIT 1 OFFSET 0 /*action='index',application='BillettoAssignment',controller='events'*/[0m
  ↳ app/views/events/index.html.erb:11
  [1m[36mEvent Load (0.8ms)[0m  [1m[34mSELECT "events".* FROM "events" ORDER BY "events"."start_date" ASC LIMIT 12 OFFSET 0 /*action='index',application='BillettoAssignment',controller='events'*/[0m
  ↳ app/views/events/index.html.erb:22
  [1m[36mEvent Count (0.4ms)[0m  [1m[34mSELECT COUNT(*) FROM "events" /*action='index',application='BillettoAssignment',controller='events'*/[0m
  ↳ app/views/events/index.html.erb:78
  Rendered events/index.html.erb within layouts/application (Duration: 23.9ms | GC: 0.0ms)
  Rendered layout layouts/application.html.erb (Duration: 33.9ms | GC: 0.0ms)
Completed 200 OK in 186ms (Views: 32.6ms | ActiveRecord: 10.4ms (3 queries, 0 cached) | GC: 15.6ms)


Started GET "/events/1/upvote" for 127.0.0.1 at 2026-05-06 10:56:10 +0530
  
ActionController::RoutingError (No route matches [GET] "/events/1/upvote"):
  
Started GET "/" for 127.0.0.1 at 2026-05-06 10:56:31 +0530
Processing by EventsController#index as HTML
  Rendering layout layouts/application.html.erb
  Rendering events/index.html.erb within layouts/application
  [1m[36mEvent Exists? (1.0ms)[0m  [1m[34mSELECT 1 AS one FROM "events" LIMIT 1 OFFSET 0 /*action='index',application='BillettoAssignment',controller='events'*/[0m
  ↳ app/views/events/index.html.erb:11
  [1m[36mEvent Load (0.7ms)[0m  [1m[34mSELECT "events".* FROM "events" ORDER BY "events"."start_date" ASC LIMIT 12 OFFSET 0 /*action='index',application='BillettoAssignment',controller='events'*/[0m
  ↳ app/views/events/index.html.erb:22
  [1m[36mEvent Count (0.4ms)[0m  [1m[34mSELECT COUNT(*) FROM "events" /*action='index',application='BillettoAssignment',controller='events'*/[0m
  ↳ app/views/events/index.html.erb:78
  Rendered events/index.html.erb within layouts/application (Duration: 14.6ms | GC: 0.0ms)
  Rendered layout layouts/application.html.erb (Duration: 15.8ms | GC: 0.0ms)
Completed 200 OK in 18ms (Views: 14.2ms | ActiveRecord: 2.0ms (3 queries, 0 cached) | GC: 0.0ms)


Started GET "/events/1/downvote" for 127.0.0.1 at 2026-05-06 10:56:33 +0530
  
ActionController::RoutingError (No route matches [GET] "/events/1/downvote"):
  
Started GET "/" for 127.0.0.1 at 2026-05-06 10:56:45 +0530
Processing by EventsController#index as HTML
  Rendering layout layouts/application.html.erb
  Rendering events/index.html.erb within layouts/application
  [1m[36mEvent Exists? (0.6ms)[0m  [1m[34mSELECT 1 AS one FROM "events" LIMIT 1 OFFSET 0 /*action='index',application='BillettoAssignment',controller='events'*/[0m
  ↳ app/views/events/index.html.erb:11
  [1m[36mEvent Load (1.6ms)[0m  [1m[34mSELECT "events".* FROM "events" ORDER BY "events"."start_date" ASC LIMIT 12 OFFSET 0 /*action='index',application='BillettoAssignment',controller='events'*/[0m
  ↳ app/views/events/index.html.erb:22
  [1m[36mEvent Count (0.5ms)[0m  [1m[34mSELECT COUNT(*) FROM "events" /*action='index',application='BillettoAssignment',controller='events'*/[0m
  ↳ app/views/events/index.html.erb:78
  Rendered events/index.html.erb within layouts/application (Duration: 17.6ms | GC: 0.4ms)
  Rendered layout layouts/application.html.erb (Duration: 19.1ms | GC: 0.4ms)
Completed 200 OK in 21ms (Views: 17.1ms | ActiveRecord: 2.6ms (3 queries, 0 cached) | GC: 0.4ms)


Started GET "/events?filter=upcoming" for 127.0.0.1 at 2026-05-06 10:56:47 +0530
Processing by EventsController#index as HTML
  Parameters: {"filter"=>"upcoming"}
  Rendering layout layouts/application.html.erb
  Rendering events/index.html.erb within layouts/application
  [1m[36mEvent Exists? (1.1ms)[0m  [1m[34mSELECT 1 AS one FROM "events" WHERE (start_date > '2026-05-06 05:26:47.122858') LIMIT 1 OFFSET 0 /*action='index',application='BillettoAssignment',controller='events'*/[0m
  ↳ app/views/events/index.html.erb:11
  [1m[36mEvent Load (1.1ms)[0m  [1m[34mSELECT "events".* FROM "events" WHERE (start_date > '2026-05-06 05:26:47.122858') ORDER BY "events"."start_date" ASC LIMIT 12 OFFSET 0 /*action='index',application='BillettoAssignment',controller='events'*/[0m
  ↳ app/views/events/index.html.erb:22
  [1m[36mEvent Count (0.7ms)[0m  [1m[34mSELECT COUNT(*) FROM "events" WHERE (start_date > '2026-05-06 05:26:47.122858') /*action='index',application='BillettoAssignment',controller='events'*/[0m
  ↳ app/views/events/index.html.erb:78
  Rendered events/index.html.erb within layouts/application (Duration: 24.1ms | GC: 0.4ms)
  Rendered layout layouts/application.html.erb (Duration: 25.9ms | GC: 0.4ms)
Completed 200 OK in 30ms (Views: 23.9ms | ActiveRecord: 2.8ms (3 queries, 0 cached) | GC: 0.4ms)


Started GET "/events?filter=past" for 127.0.0.1 at 2026-05-06 10:56:49 +0530
Processing by EventsController#index as HTML
  Parameters: {"filter"=>"past"}
  Rendering layout layouts/application.html.erb
  Rendering events/index.html.erb within layouts/application
  [1m[36mEvent Exists? (2.4ms)[0m  [1m[34mSELECT 1 AS one FROM "events" WHERE (start_date <= '2026-05-06 05:26:49.140233') LIMIT 1 OFFSET 0 /*action='index',application='BillettoAssignment',controller='events'*/[0m
  ↳ app/views/events/index.html.erb:11
  Rendered events/index.html.erb within layouts/application (Duration: 7.0ms | GC: 0.0ms)
  Rendered layout layouts/application.html.erb (Duration: 10.2ms | GC: 0.0ms)
Completed 200 OK in 16ms (Views: 9.5ms | ActiveRecord: 2.3ms (1 query, 0 cached) | GC: 0.0ms)


Started GET "/admin/events/import" for 127.0.0.1 at 2026-05-06 10:56:51 +0530
  
ActionController::RoutingError (No route matches [GET] "/admin/events/import"):
  
Started GET "/events?filter=past" for 127.0.0.1 at 2026-05-06 10:57:04 +0530
Processing by EventsController#index as HTML
  Parameters: {"filter"=>"past"}
  Rendering layout layouts/application.html.erb
  Rendering events/index.html.erb within layouts/application
  [1m[36mEvent Exists? (0.5ms)[0m  [1m[34mSELECT 1 AS one FROM "events" WHERE (start_date <= '2026-05-06 05:27:04.719474') LIMIT 1 OFFSET 0 /*action='index',application='BillettoAssignment',controller='events'*/[0m
  ↳ app/views/events/index.html.erb:11
  Rendered events/index.html.erb within layouts/application (Duration: 1.9ms | GC: 0.0ms)
  Rendered layout layouts/application.html.erb (Duration: 3.1ms | GC: 0.0ms)
Completed 200 OK in 6ms (Views: 3.6ms | ActiveRecord: 0.5ms (1 query, 0 cached) | GC: 0.5ms)


Started GET "/?filter=past" for 127.0.0.1 at 2026-05-06 10:57:05 +0530
Processing by EventsController#index as HTML
  Parameters: {"filter"=>"past"}
  Rendering layout layouts/application.html.erb
  Rendering events/index.html.erb within layouts/application
  [1m[36mEvent Exists? (1.8ms)[0m  [1m[34mSELECT 1 AS one FROM "events" WHERE (start_date <= '2026-05-06 05:27:05.873997') LIMIT 1 OFFSET 0 /*action='index',application='BillettoAssignment',controller='events'*/[0m
  ↳ app/views/events/index.html.erb:11
  Rendered events/index.html.erb within layouts/application (Duration: 6.6ms | GC: 0.0ms)
  Rendered layout layouts/application.html.erb (Duration: 11.1ms | GC: 0.0ms)
Completed 200 OK in 19ms (Views: 12.2ms | ActiveRecord: 1.8ms (1 query, 0 cached) | GC: 1.3ms)


Started GET "/?filter=upcoming" for 127.0.0.1 at 2026-05-06 10:57:07 +0530
Processing by EventsController#index as HTML
  Parameters: {"filter"=>"upcoming"}
  Rendering layout layouts/application.html.erb
  Rendering events/index.html.erb within layouts/application
  [1m[36mEvent Exists? (1.6ms)[0m  [1m[34mSELECT 1 AS one FROM "events" WHERE (start_date > '2026-05-06 05:27:07.223755') LIMIT 1 OFFSET 0 /*action='index',application='BillettoAssignment',controller='events'*/[0m
  ↳ app/views/events/index.html.erb:11
  [1m[36mEvent Load (2.4ms)[0m  [1m[34mSELECT "events".* FROM "events" WHERE (start_date > '2026-05-06 05:27:07.223755') ORDER BY "events"."start_date" ASC LIMIT 12 OFFSET 0 /*action='index',application='BillettoAssignment',controller='events'*/[0m
  ↳ app/views/events/index.html.erb:22
  [1m[36mEvent Count (1.3ms)[0m  [1m[34mSELECT COUNT(*) FROM "events" WHERE (start_date > '2026-05-06 05:27:07.223755') /*action='index',application='BillettoAssignment',controller='events'*/[0m
  ↳ app/views/events/index.html.erb:78
  Rendered events/index.html.erb within layouts/application (Duration: 42.9ms | GC: 0.6ms)
  Rendered layout layouts/application.html.erb (Duration: 46.9ms | GC: 1.3ms)
Completed 200 OK in 54ms (Views: 43.0ms | ActiveRecord: 5.2ms (3 queries, 0 cached) | GC: 1.9ms)


Started GET "/?filter=past" for 127.0.0.1 at 2026-05-06 10:57:09 +0530
Processing by EventsController#index as HTML
  Parameters: {"filter"=>"past"}
  Rendering layout layouts/application.html.erb
  Rendering events/index.html.erb within layouts/application
  [1m[36mEvent Exists? (1.3ms)[0m  [1m[34mSELECT 1 AS one FROM "events" WHERE (start_date <= '2026-05-06 05:27:09.240699') LIMIT 1 OFFSET 0 /*action='index',application='BillettoAssignment',controller='events'*/[0m
  ↳ app/views/events/index.html.erb:11
  Rendered events/index.html.erb within layouts/application (Duration: 6.4ms | GC: 0.0ms)
  Rendered layout layouts/application.html.erb (Duration: 10.0ms | GC: 0.0ms)
Completed 200 OK in 17ms (Views: 10.9ms | ActiveRecord: 1.3ms (1 query, 0 cached) | GC: 0.5ms)


Started GET "/?filter=upcoming" for 127.0.0.1 at 2026-05-06 10:57:10 +0530
Processing by EventsController#index as HTML
  Parameters: {"filter"=>"upcoming"}
  Rendering layout layouts/application.html.erb
  Rendering events/index.html.erb within layouts/application
  [1m[36mEvent Exists? (1.3ms)[0m  [1m[34mSELECT 1 AS one FROM "events" WHERE (start_date > '2026-05-06 05:27:10.538207') LIMIT 1 OFFSET 0 /*action='index',application='BillettoAssignment',controller='events'*/[0m
  ↳ app/views/events/index.html.erb:11
  [1m[36mEvent Load (1.6ms)[0m  [1m[34mSELECT "events".* FROM "events" WHERE (start_date > '2026-05-06 05:27:10.538207') ORDER BY "events"."start_date" ASC LIMIT 12 OFFSET 0 /*action='index',application='BillettoAssignment',controller='events'*/[0m
  ↳ app/views/events/index.html.erb:22
  [1m[36mEvent Count (1.2ms)[0m  [1m[34mSELECT COUNT(*) FROM "events" WHERE (start_date > '2026-05-06 05:27:10.538207') /*action='index',application='BillettoAssignment',controller='events'*/[0m
  ↳ app/views/events/index.html.erb:78
  Rendered events/index.html.erb within layouts/application (Duration: 36.2ms | GC: 0.7ms)
  Rendered layout layouts/application.html.erb (Duration: 38.4ms | GC: 0.7ms)
Completed 200 OK in 45ms (Views: 36.0ms | ActiveRecord: 4.0ms (3 queries, 0 cached) | GC: 0.7ms)


Started GET "/" for 127.0.0.1 at 2026-05-06 10:57:11 +0530
Processing by EventsController#index as HTML
  Rendering layout layouts/application.html.erb
  Rendering events/index.html.erb within layouts/application
  [1m[36mEvent Exists? (1.1ms)[0m  [1m[34mSELECT 1 AS one FROM "events" LIMIT 1 OFFSET 0 /*action='index',application='BillettoAssignment',controller='events'*/[0m
  ↳ app/views/events/index.html.erb:11
  [1m[36mEvent Load (1.4ms)[0m  [1m[34mSELECT "events".* FROM "events" ORDER BY "events"."start_date" ASC LIMIT 12 OFFSET 0 /*action='index',application='BillettoAssignment',controller='events'*/[0m
  ↳ app/views/events/index.html.erb:22
  [1m[36mEvent Count (1.2ms)[0m  [1m[34mSELECT COUNT(*) FROM "events" /*action='index',application='BillettoAssignment',controller='events'*/[0m
  ↳ app/views/events/index.html.erb:78
  Rendered events/index.html.erb within layouts/application (Duration: 35.8ms | GC: 0.9ms)
  Rendered layout layouts/application.html.erb (Duration: 40.3ms | GC: 1.5ms)
Completed 200 OK in 44ms (Views: 38.0ms | ActiveRecord: 3.6ms (3 queries, 0 cached) | GC: 1.5ms)


Started GET "/?page=5" for 127.0.0.1 at 2026-05-06 10:57:14 +0530
Processing by EventsController#index as HTML
  Parameters: {"page"=>"5"}
  Rendering layout layouts/application.html.erb
  Rendering events/index.html.erb within layouts/application
  [1m[36mEvent Exists? (1.3ms)[0m  [1m[34mSELECT 1 AS one FROM "events" LIMIT 1 OFFSET 48 /*action='index',application='BillettoAssignment',controller='events'*/[0m
  ↳ app/views/events/index.html.erb:11
  [1m[36mEvent Load (1.2ms)[0m  [1m[34mSELECT "events".* FROM "events" ORDER BY "events"."start_date" ASC LIMIT 12 OFFSET 48 /*action='index',application='BillettoAssignment',controller='events'*/[0m
  ↳ app/views/events/index.html.erb:22
  Rendered events/index.html.erb within layouts/application (Duration: 24.4ms | GC: 0.7ms)
  Rendered layout layouts/application.html.erb (Duration: 27.0ms | GC: 0.7ms)
Completed 200 OK in 31ms (Views: 25.9ms | ActiveRecord: 2.4ms (2 queries, 0 cached) | GC: 0.7ms)


Started GET "/?page=2" for 127.0.0.1 at 2026-05-06 10:57:14 +0530
Processing by EventsController#index as HTML
  Parameters: {"page"=>"2"}
  Rendering layout layouts/application.html.erb
  Rendering events/index.html.erb within layouts/application
  [1m[36mEvent Exists? (1.0ms)[0m  [1m[34mSELECT 1 AS one FROM "events" LIMIT 1 OFFSET 12 /*action='index',application='BillettoAssignment',controller='events'*/[0m
  ↳ app/views/events/index.html.erb:11
  [1m[36mEvent Load (1.0ms)[0m  [1m[34mSELECT "events".* FROM "events" ORDER BY "events"."start_date" ASC LIMIT 12 OFFSET 12 /*action='index',application='BillettoAssignment',controller='events'*/[0m
  ↳ app/views/events/index.html.erb:22
  [1m[36mEvent Count (0.7ms)[0m  [1m[34mSELECT COUNT(*) FROM "events" /*action='index',application='BillettoAssignment',controller='events'*/[0m
  ↳ app/views/events/index.html.erb:78
  Rendered events/index.html.erb within layouts/application (Duration: 27.7ms | GC: 1.1ms)
  Rendered layout layouts/application.html.erb (Duration: 30.1ms | GC: 1.5ms)
Completed 200 OK in 34ms (Views: 28.4ms | ActiveRecord: 2.7ms (3 queries, 0 cached) | GC: 1.5ms)


Started GET "/?page=4" for 127.0.0.1 at 2026-05-06 10:57:15 +0530
Processing by EventsController#index as HTML
  Parameters: {"page"=>"4"}
  Rendering layout layouts/application.html.erb
  Rendering events/index.html.erb within layouts/application
  [1m[36mEvent Exists? (1.2ms)[0m  [1m[34mSELECT 1 AS one FROM "events" LIMIT 1 OFFSET 36 /*action='index',application='BillettoAssignment',controller='events'*/[0m
  ↳ app/views/events/index.html.erb:11
  [1m[36mEvent Load (1.3ms)[0m  [1m[34mSELECT "events".* FROM "events" ORDER BY "events"."start_date" ASC LIMIT 12 OFFSET 36 /*action='index',application='BillettoAssignment',controller='events'*/[0m
  ↳ app/views/events/index.html.erb:22
  [1m[36mEvent Count (0.9ms)[0m  [1m[34mSELECT COUNT(*) FROM "events" /*action='index',application='BillettoAssignment',controller='events'*/[0m
  ↳ app/views/events/index.html.erb:78
  Rendered events/index.html.erb within layouts/application (Duration: 33.8ms | GC: 0.5ms)
  Rendered layout layouts/application.html.erb (Duration: 35.7ms | GC: 0.5ms)
Completed 200 OK in 40ms (Views: 33.6ms | ActiveRecord: 3.3ms (3 queries, 0 cached) | GC: 0.5ms)


Started GET "/?page=4" for 127.0.0.1 at 2026-05-06 10:57:18 +0530
Processing by EventsController#index as HTML
  Parameters: {"page"=>"4"}
  Rendering layout layouts/application.html.erb
  Rendering events/index.html.erb within layouts/application
  [1m[36mEvent Exists? (1.2ms)[0m  [1m[34mSELECT 1 AS one FROM "events" LIMIT 1 OFFSET 36 /*action='index',application='BillettoAssignment',controller='events'*/[0m
  ↳ app/views/events/index.html.erb:11
  [1m[36mEvent Load (1.3ms)[0m  [1m[34mSELECT "events".* FROM "events" ORDER BY "events"."start_date" ASC LIMIT 12 OFFSET 36 /*action='index',application='BillettoAssignment',controller='events'*/[0m
  ↳ app/views/events/index.html.erb:22
  [1m[36mEvent Count (0.7ms)[0m  [1m[34mSELECT COUNT(*) FROM "events" /*action='index',application='BillettoAssignment',controller='events'*/[0m
  ↳ app/views/events/index.html.erb:78
  Rendered events/index.html.erb within layouts/application (Duration: 25.4ms | GC: 0.2ms)
  Rendered layout layouts/application.html.erb (Duration: 27.6ms | GC: 0.5ms)
Completed 200 OK in 33ms (Views: 25.8ms | ActiveRecord: 3.1ms (3 queries, 0 cached) | GC: 0.5ms)


Started GET "/?page=5" for 127.0.0.1 at 2026-05-06 10:57:18 +0530
Processing by EventsController#index as HTML
  Parameters: {"page"=>"5"}
  Rendering layout layouts/application.html.erb
  Rendering events/index.html.erb within layouts/application
  [1m[36mEvent Exists? (1.1ms)[0m  [1m[34mSELECT 1 AS one FROM "events" LIMIT 1 OFFSET 48 /*action='index',application='BillettoAssignment',controller='events'*/[0m
  ↳ app/views/events/index.html.erb:11
  [1m[36mEvent Load (1.3ms)[0m  [1m[34mSELECT "events".* FROM "events" ORDER BY "events"."start_date" ASC LIMIT 12 OFFSET 48 /*action='index',application='BillettoAssignment',controller='events'*/[0m
  ↳ app/views/events/index.html.erb:22
  Rendered events/index.html.erb within layouts/application (Duration: 23.0ms | GC: 0.0ms)
  Rendered layout layouts/application.html.erb (Duration: 26.1ms | GC: 0.0ms)
Completed 200 OK in 32ms (Views: 24.9ms | ActiveRecord: 2.4ms (2 queries, 0 cached) | GC: 0.7ms)


Started GET "/events/45" for 127.0.0.1 at 2026-05-06 10:57:22 +0530
Processing by EventsController#show as HTML
  Parameters: {"id"=>"45"}
  [1m[36mEvent Load (1.5ms)[0m  [1m[34mSELECT "events".* FROM "events" WHERE "events"."id" = 45 LIMIT 1 /*action='show',application='BillettoAssignment',controller='events'*/[0m
  ↳ app/controllers/events_controller.rb:49:in `set_event'
  Rendering layout layouts/application.html.erb
  Rendering events/show.html.erb within layouts/application
  Rendered events/show.html.erb within layouts/application (Duration: 11.4ms | GC: 0.4ms)
  Rendered layout layouts/application.html.erb (Duration: 13.3ms | GC: 0.4ms)
Completed 200 OK in 60ms (Views: 14.6ms | ActiveRecord: 1.5ms (1 query, 0 cached) | GC: 1.0ms)


Started POST "/events/45/upvote" for 127.0.0.1 at 2026-05-06 10:57:24 +0530
Processing by EventsController#upvote as TURBO_STREAM
  Parameters: {"authenticity_token"=>"[FILTERED]", "commit"=>"👍 Upvote", "id"=>"45"}
HTTP Origin header (http://127.0.0.1:36595) didn't match request.base_url (http://localhost:3000)
Completed 422 Unprocessable Content in 2ms (ActiveRecord: 0.0ms (0 queries, 0 cached) | GC: 0.0ms)


  
ActionController::InvalidAuthenticityToken (HTTP Origin header (http://127.0.0.1:36595) didn't match request.base_url (http://localhost:3000)):
  
actionpack (8.1.3) lib/action_controller/metal/request_forgery_protection.rb:321:in `handle_unverified_request'
actionpack (8.1.3) lib/action_controller/metal/request_forgery_protection.rb:415:in `handle_unverified_request'
actionpack (8.1.3) lib/action_controller/metal/request_forgery_protection.rb:404:in `verify_authenticity_token'
activesupport (8.1.3) lib/active_support/callbacks.rb:362:in `block in make_lambda'
activesupport (8.1.3) lib/active_support/callbacks.rb:179:in `block in call'
actionpack (8.1.3) lib/abstract_controller/callbacks.rb:36:in `block (2 levels) in <module:Callbacks>'
activesupport (8.1.3) lib/active_support/callbacks.rb:180:in `call'
activesupport (8.1.3) lib/active_support/callbacks.rb:560:in `block in invoke_before'
activesupport (8.1.3) lib/active_support/callbacks.rb:560:in `each'
activesupport (8.1.3) lib/active_support/callbacks.rb:560:in `invoke_before'
activesupport (8.1.3) lib/active_support/callbacks.rb:119:in `block in run_callbacks'
activesupport (8.1.3) lib/active_support/callbacks.rb:141:in `run_callbacks'
actionpack (8.1.3) lib/abstract_controller/callbacks.rb:266:in `process_action'
actionpack (8.1.3) lib/action_controller/metal/rescue.rb:36:in `process_action'
actionpack (8.1.3) lib/action_controller/metal/instrumentation.rb:76:in `block in process_action'
activesupport (8.1.3) lib/active_support/notifications.rb:210:in `block in instrument'
activesupport (8.1.3) lib/active_support/notifications/instrumenter.rb:58:in `instrument'
activesupport (8.1.3) lib/active_support/notifications.rb:210:in `instrument'
actionpack (8.1.3) lib/action_controller/metal/instrumentation.rb:75:in `process_action'
actionpack (8.1.3) lib/action_controller/metal/params_wrapper.rb:259:in `process_action'
activerecord (8.1.3) lib/active_record/railties/controller_runtime.rb:39:in `process_action'
actionpack (8.1.3) lib/abstract_controller/base.rb:154:in `process'
actionview (8.1.3) lib/action_view/rendering.rb:40:in `process'
actionpack (8.1.3) lib/action_controller/metal.rb:252:in `dispatch'
actionpack (8.1.3) lib/action_controller/metal.rb:335:in `dispatch'
actionpack (8.1.3) lib/action_dispatch/routing/route_set.rb:65:in `dispatch'
actionpack (8.1.3) lib/action_dispatch/routing/route_set.rb:50:in `serve'
actionpack (8.1.3) lib/action_dispatch/journey/router.rb:35:in `block in serve'
actionpack (8.1.3) lib/action_dispatch/journey/router.rb:86:in `block in recognize'
actionpack (8.1.3) lib/action_dispatch/journey/router.rb:66:in `each'
actionpack (8.1.3) lib/action_dispatch/journey/router.rb:66:in `recognize'
actionpack (8.1.3) lib/action_dispatch/journey/router.rb:31:in `serve'
actionpack (8.1.3) lib/action_dispatch/routing/route_set.rb:906:in `call'
railties (8.1.3) lib/rails/engine/lazy_route_set.rb:60:in `call'
rails_event_store (2.18.0) lib/rails_event_store/middleware.rb:11:in `block in call'
rails_event_store (2.18.0) lib/rails_event_store/client.rb:85:in `block in with_request_metadata'
ruby_event_store (2.18.0) lib/ruby_event_store/client.rb:301:in `with_metadata'
rails_event_store (2.18.0) lib/rails_event_store/client.rb:85:in `with_request_metadata'
rails_event_store (2.18.0) lib/rails_event_store/middleware.rb:11:in `call'
rack (3.2.6) lib/rack/tempfile_reaper.rb:20:in `call'
rack (3.2.6) lib/rack/etag.rb:29:in `call'
rack (3.2.6) lib/rack/conditional_get.rb:44:in `call'
rack (3.2.6) lib/rack/head.rb:15:in `call'
actionpack (8.1.3) lib/action_dispatch/http/content_security_policy.rb:38:in `call'
rack-session (2.1.2) lib/rack/session/abstract/id.rb:274:in `context'
rack-session (2.1.2) lib/rack/session/abstract/id.rb:268:in `call'
actionpack (8.1.3) lib/action_dispatch/middleware/cookies.rb:708:in `call'
activerecord (8.1.3) lib/active_record/migration.rb:671:in `call'
actionpack (8.1.3) lib/action_dispatch/middleware/callbacks.rb:31:in `block in call'
activesupport (8.1.3) lib/active_support/callbacks.rb:101:in `run_callbacks'
actionpack (8.1.3) lib/action_dispatch/middleware/callbacks.rb:30:in `call'
actionpack (8.1.3) lib/action_dispatch/middleware/executor.rb:20:in `call'
actionpack (8.1.3) lib/action_dispatch/middleware/actionable_exceptions.rb:18:in `call'
actionpack (8.1.3) lib/action_dispatch/middleware/debug_exceptions.rb:31:in `call'
web-console (4.3.0) lib/web_console/middleware.rb:132:in `call_app'
web-console (4.3.0) lib/web_console/middleware.rb:28:in `block in call'
web-console (4.3.0) lib/web_console/middleware.rb:17:in `catch'
web-console (4.3.0) lib/web_console/middleware.rb:17:in `call'
actionpack (8.1.3) lib/action_dispatch/middleware/show_exceptions.rb:32:in `call'
railties (8.1.3) lib/rails/rack/logger.rb:41:in `call_app'
railties (8.1.3) lib/rails/rack/logger.rb:29:in `call'
propshaft (1.3.2) lib/propshaft/quiet_assets.rb:11:in `call'
actionpack (8.1.3) lib/action_dispatch/middleware/remote_ip.rb:98:in `call'
actionpack (8.1.3) lib/action_dispatch/middleware/request_id.rb:34:in `call'
rack (3.2.6) lib/rack/method_override.rb:28:in `call'
rack (3.2.6) lib/rack/runtime.rb:24:in `call'
activesupport (8.1.3) lib/active_support/cache/strategy/local_cache_middleware.rb:30:in `call'
actionpack (8.1.3) lib/action_dispatch/middleware/server_timing.rb:61:in `block in call'
actionpack (8.1.3) lib/action_dispatch/middleware/server_timing.rb:26:in `collect_events'
actionpack (8.1.3) lib/action_dispatch/middleware/server_timing.rb:60:in `call'
actionpack (8.1.3) lib/action_dispatch/middleware/executor.rb:20:in `call'
propshaft (1.3.2) lib/propshaft/server.rb:37:in `call'
actionpack (8.1.3) lib/action_dispatch/middleware/static.rb:27:in `call'
rack (3.2.6) lib/rack/sendfile.rb:131:in `call'
actionpack (8.1.3) lib/action_dispatch/middleware/host_authorization.rb:143:in `call'
railties (8.1.3) lib/rails/engine.rb:534:in `call'
puma (8.0.1) lib/puma/configuration.rb:305:in `call'
puma (8.0.1) lib/puma/response.rb:79:in `block in handle_request'
puma (8.0.1) lib/puma/thread_pool.rb:434:in `with_force_shutdown'
puma (8.0.1) lib/puma/response.rb:78:in `handle_request'
puma (8.0.1) lib/puma/server.rb:508:in `process_client'
puma (8.0.1) lib/puma/server.rb:263:in `block in run'
puma (8.0.1) lib/puma/thread_pool.rb:246:in `block in spawn_thread'
Started GET "/events/45" for 127.0.0.1 at 2026-05-06 10:57:25 +0530
Processing by EventsController#show as HTML
  Parameters: {"id"=>"45"}
  [1m[36mEvent Load (0.4ms)[0m  [1m[34mSELECT "events".* FROM "events" WHERE "events"."id" = 45 LIMIT 1 /*action='show',application='BillettoAssignment',controller='events'*/[0m
  ↳ app/controllers/events_controller.rb:49:in `set_event'
  Rendering layout layouts/application.html.erb
  Rendering events/show.html.erb within layouts/application
  Rendered events/show.html.erb within layouts/application (Duration: 1.9ms | GC: 0.0ms)
  Rendered layout layouts/application.html.erb (Duration: 2.7ms | GC: 0.0ms)
Completed 200 OK in 6ms (Views: 3.3ms | ActiveRecord: 0.4ms (1 query, 0 cached) | GC: 0.0ms)


Started POST "/events/45/downvote" for 127.0.0.1 at 2026-05-06 10:57:27 +0530
Processing by EventsController#downvote as TURBO_STREAM
  Parameters: {"authenticity_token"=>"[FILTERED]", "commit"=>"ðŸ‘Ž Downvote", "id"=>"45"}
HTTP Origin header (http://127.0.0.1:36595) didn't match request.base_url (http://localhost:3000)
Completed 422 Unprocessable Content in 2ms (ActiveRecord: 0.0ms (0 queries, 0 cached) | GC: 0.0ms)


  
ActionController::InvalidAuthenticityToken (HTTP Origin header (http://127.0.0.1:36595) didn't match request.base_url (http://localhost:3000)):
  
actionpack (8.1.3) lib/action_controller/metal/request_forgery_protection.rb:321:in `handle_unverified_request'
actionpack (8.1.3) lib/action_controller/metal/request_forgery_protection.rb:415:in `handle_unverified_request'
actionpack (8.1.3) lib/action_controller/metal/request_forgery_protection.rb:404:in `verify_authenticity_token'
activesupport (8.1.3) lib/active_support/callbacks.rb:362:in `block in make_lambda'
activesupport (8.1.3) lib/active_support/callbacks.rb:179:in `block in call'
actionpack (8.1.3) lib/abstract_controller/callbacks.rb:36:in `block (2 levels) in <module:Callbacks>'
activesupport (8.1.3) lib/active_support/callbacks.rb:180:in `call'
activesupport (8.1.3) lib/active_support/callbacks.rb:560:in `block in invoke_before'
activesupport (8.1.3) lib/active_support/callbacks.rb:560:in `each'
activesupport (8.1.3) lib/active_support/callbacks.rb:560:in `invoke_before'
activesupport (8.1.3) lib/active_support/callbacks.rb:119:in `block in run_callbacks'
activesupport (8.1.3) lib/active_support/callbacks.rb:141:in `run_callbacks'
actionpack (8.1.3) lib/abstract_controller/callbacks.rb:266:in `process_action'
actionpack (8.1.3) lib/action_controller/metal/rescue.rb:36:in `process_action'
actionpack (8.1.3) lib/action_controller/metal/instrumentation.rb:76:in `block in process_action'
activesupport (8.1.3) lib/active_support/notifications.rb:210:in `block in instrument'
activesupport (8.1.3) lib/active_support/notifications/instrumenter.rb:58:in `instrument'
activesupport (8.1.3) lib/active_support/notifications.rb:210:in `instrument'
actionpack (8.1.3) lib/action_controller/metal/instrumentation.rb:75:in `process_action'
actionpack (8.1.3) lib/action_controller/metal/params_wrapper.rb:259:in `process_action'
activerecord (8.1.3) lib/active_record/railties/controller_runtime.rb:39:in `process_action'
actionpack (8.1.3) lib/abstract_controller/base.rb:154:in `process'
actionview (8.1.3) lib/action_view/rendering.rb:40:in `process'
actionpack (8.1.3) lib/action_controller/metal.rb:252:in `dispatch'
actionpack (8.1.3) lib/action_controller/metal.rb:335:in `dispatch'
actionpack (8.1.3) lib/action_dispatch/routing/route_set.rb:65:in `dispatch'
actionpack (8.1.3) lib/action_dispatch/routing/route_set.rb:50:in `serve'
actionpack (8.1.3) lib/action_dispatch/journey/router.rb:35:in `block in serve'
actionpack (8.1.3) lib/action_dispatch/journey/router.rb:86:in `block in recognize'
actionpack (8.1.3) lib/action_dispatch/journey/router.rb:66:in `each'
actionpack (8.1.3) lib/action_dispatch/journey/router.rb:66:in `recognize'
actionpack (8.1.3) lib/action_dispatch/journey/router.rb:31:in `serve'
actionpack (8.1.3) lib/action_dispatch/routing/route_set.rb:906:in `call'
railties (8.1.3) lib/rails/engine/lazy_route_set.rb:60:in `call'
rails_event_store (2.18.0) lib/rails_event_store/middleware.rb:11:in `block in call'
rails_event_store (2.18.0) lib/rails_event_store/client.rb:85:in `block in with_request_metadata'
ruby_event_store (2.18.0) lib/ruby_event_store/client.rb:301:in `with_metadata'
rails_event_store (2.18.0) lib/rails_event_store/client.rb:85:in `with_request_metadata'
rails_event_store (2.18.0) lib/rails_event_store/middleware.rb:11:in `call'
rack (3.2.6) lib/rack/tempfile_reaper.rb:20:in `call'
rack (3.2.6) lib/rack/etag.rb:29:in `call'
rack (3.2.6) lib/rack/conditional_get.rb:44:in `call'
rack (3.2.6) lib/rack/head.rb:15:in `call'
actionpack (8.1.3) lib/action_dispatch/http/content_security_policy.rb:38:in `call'
rack-session (2.1.2) lib/rack/session/abstract/id.rb:274:in `context'
rack-session (2.1.2) lib/rack/session/abstract/id.rb:268:in `call'
actionpack (8.1.3) lib/action_dispatch/middleware/cookies.rb:708:in `call'
activerecord (8.1.3) lib/active_record/migration.rb:671:in `call'
actionpack (8.1.3) lib/action_dispatch/middleware/callbacks.rb:31:in `block in call'
activesupport (8.1.3) lib/active_support/callbacks.rb:101:in `run_callbacks'
actionpack (8.1.3) lib/action_dispatch/middleware/callbacks.rb:30:in `call'
actionpack (8.1.3) lib/action_dispatch/middleware/executor.rb:20:in `call'
actionpack (8.1.3) lib/action_dispatch/middleware/actionable_exceptions.rb:18:in `call'
actionpack (8.1.3) lib/action_dispatch/middleware/debug_exceptions.rb:31:in `call'
web-console (4.3.0) lib/web_console/middleware.rb:132:in `call_app'
web-console (4.3.0) lib/web_console/middleware.rb:28:in `block in call'
web-console (4.3.0) lib/web_console/middleware.rb:17:in `catch'
web-console (4.3.0) lib/web_console/middleware.rb:17:in `call'
actionpack (8.1.3) lib/action_dispatch/middleware/show_exceptions.rb:32:in `call'
railties (8.1.3) lib/rails/rack/logger.rb:41:in `call_app'
railties (8.1.3) lib/rails/rack/logger.rb:29:in `call'
propshaft (1.3.2) lib/propshaft/quiet_assets.rb:11:in `call'
actionpack (8.1.3) lib/action_dispatch/middleware/remote_ip.rb:98:in `call'
actionpack (8.1.3) lib/action_dispatch/middleware/request_id.rb:34:in `call'
rack (3.2.6) lib/rack/method_override.rb:28:in `call'
rack (3.2.6) lib/rack/runtime.rb:24:in `call'
activesupport (8.1.3) lib/active_support/cache/strategy/local_cache_middleware.rb:30:in `call'
actionpack (8.1.3) lib/action_dispatch/middleware/server_timing.rb:61:in `block in call'
actionpack (8.1.3) lib/action_dispatch/middleware/server_timing.rb:26:in `collect_events'
actionpack (8.1.3) lib/action_dispatch/middleware/server_timing.rb:60:in `call'
actionpack (8.1.3) lib/action_dispatch/middleware/executor.rb:20:in `call'
propshaft (1.3.2) lib/propshaft/server.rb:37:in `call'
actionpack (8.1.3) lib/action_dispatch/middleware/static.rb:27:in `call'
rack (3.2.6) lib/rack/sendfile.rb:131:in `call'
actionpack (8.1.3) lib/action_dispatch/middleware/host_authorization.rb:143:in `call'
railties (8.1.3) lib/rails/engine.rb:534:in `call'
puma (8.0.1) lib/puma/configuration.rb:305:in `call'
puma (8.0.1) lib/puma/response.rb:79:in `block in handle_request'
puma (8.0.1) lib/puma/thread_pool.rb:434:in `with_force_shutdown'
puma (8.0.1) lib/puma/response.rb:78:in `handle_request'
puma (8.0.1) lib/puma/server.rb:508:in `process_client'
puma (8.0.1) lib/puma/server.rb:263:in `block in run'
puma (8.0.1) lib/puma/thread_pool.rb:246:in `block in spawn_thread'
Started GET "/events/45" for 127.0.0.1 at 2026-05-06 10:57:27 +0530
Processing by EventsController#show as HTML
  Parameters: {"id"=>"45"}
  [1m[36mEvent Load (0.5ms)[0m  [1m[34mSELECT "events".* FROM "events" WHERE "events"."id" = 45 LIMIT 1 /*action='show',application='BillettoAssignment',controller='events'*/[0m
  ↳ app/controllers/events_controller.rb:49:in `set_event'
  Rendering layout layouts/application.html.erb
  Rendering events/show.html.erb within layouts/application
  Rendered events/show.html.erb within layouts/application (Duration: 2.4ms | GC: 0.0ms)
  Rendered layout layouts/application.html.erb (Duration: 3.5ms | GC: 0.0ms)
Completed 200 OK in 7ms (Views: 4.1ms | ActiveRecord: 0.5ms (1 query, 0 cached) | GC: 0.0ms)


Started POST "/events/45/upvote" for 127.0.0.1 at 2026-05-06 10:57:28 +0530
Processing by EventsController#upvote as TURBO_STREAM
  Parameters: {"authenticity_token"=>"[FILTERED]", "commit"=>"ðŸ‘\u008D Upvote", "id"=>"45"}
HTTP Origin header (http://127.0.0.1:36595) didn't match request.base_url (http://localhost:3000)
Completed 422 Unprocessable Content in 2ms (ActiveRecord: 0.0ms (0 queries, 0 cached) | GC: 0.0ms)


  
ActionController::InvalidAuthenticityToken (HTTP Origin header (http://127.0.0.1:36595) didn't match request.base_url (http://localhost:3000)):
  
actionpack (8.1.3) lib/action_controller/metal/request_forgery_protection.rb:321:in `handle_unverified_request'
actionpack (8.1.3) lib/action_controller/metal/request_forgery_protection.rb:415:in `handle_unverified_request'
actionpack (8.1.3) lib/action_controller/metal/request_forgery_protection.rb:404:in `verify_authenticity_token'
activesupport (8.1.3) lib/active_support/callbacks.rb:362:in `block in make_lambda'
activesupport (8.1.3) lib/active_support/callbacks.rb:179:in `block in call'
actionpack (8.1.3) lib/abstract_controller/callbacks.rb:36:in `block (2 levels) in <module:Callbacks>'
activesupport (8.1.3) lib/active_support/callbacks.rb:180:in `call'
activesupport (8.1.3) lib/active_support/callbacks.rb:560:in `block in invoke_before'
activesupport (8.1.3) lib/active_support/callbacks.rb:560:in `each'
activesupport (8.1.3) lib/active_support/callbacks.rb:560:in `invoke_before'
activesupport (8.1.3) lib/active_support/callbacks.rb:119:in `block in run_callbacks'
activesupport (8.1.3) lib/active_support/callbacks.rb:141:in `run_callbacks'
actionpack (8.1.3) lib/abstract_controller/callbacks.rb:266:in `process_action'
actionpack (8.1.3) lib/action_controller/metal/rescue.rb:36:in `process_action'
actionpack (8.1.3) lib/action_controller/metal/instrumentation.rb:76:in `block in process_action'
activesupport (8.1.3) lib/active_support/notifications.rb:210:in `block in instrument'
activesupport (8.1.3) lib/active_support/notifications/instrumenter.rb:58:in `instrument'
activesupport (8.1.3) lib/active_support/notifications.rb:210:in `instrument'
actionpack (8.1.3) lib/action_controller/metal/instrumentation.rb:75:in `process_action'
actionpack (8.1.3) lib/action_controller/metal/params_wrapper.rb:259:in `process_action'
activerecord (8.1.3) lib/active_record/railties/controller_runtime.rb:39:in `process_action'
actionpack (8.1.3) lib/abstract_controller/base.rb:154:in `process'
actionview (8.1.3) lib/action_view/rendering.rb:40:in `process'
actionpack (8.1.3) lib/action_controller/metal.rb:252:in `dispatch'
actionpack (8.1.3) lib/action_controller/metal.rb:335:in `dispatch'
actionpack (8.1.3) lib/action_dispatch/routing/route_set.rb:65:in `dispatch'
actionpack (8.1.3) lib/action_dispatch/routing/route_set.rb:50:in `serve'
actionpack (8.1.3) lib/action_dispatch/journey/router.rb:35:in `block in serve'
actionpack (8.1.3) lib/action_dispatch/journey/router.rb:86:in `block in recognize'
actionpack (8.1.3) lib/action_dispatch/journey/router.rb:66:in `each'
actionpack (8.1.3) lib/action_dispatch/journey/router.rb:66:in `recognize'
actionpack (8.1.3) lib/action_dispatch/journey/router.rb:31:in `serve'
actionpack (8.1.3) lib/action_dispatch/routing/route_set.rb:906:in `call'
railties (8.1.3) lib/rails/engine/lazy_route_set.rb:60:in `call'
rails_event_store (2.18.0) lib/rails_event_store/middleware.rb:11:in `block in call'
rails_event_store (2.18.0) lib/rails_event_store/client.rb:85:in `block in with_request_metadata'
ruby_event_store (2.18.0) lib/ruby_event_store/client.rb:301:in `with_metadata'
rails_event_store (2.18.0) lib/rails_event_store/client.rb:85:in `with_request_metadata'
rails_event_store (2.18.0) lib/rails_event_store/middleware.rb:11:in `call'
rack (3.2.6) lib/rack/tempfile_reaper.rb:20:in `call'
rack (3.2.6) lib/rack/etag.rb:29:in `call'
rack (3.2.6) lib/rack/conditional_get.rb:44:in `call'
rack (3.2.6) lib/rack/head.rb:15:in `call'
actionpack (8.1.3) lib/action_dispatch/http/content_security_policy.rb:38:in `call'
rack-session (2.1.2) lib/rack/session/abstract/id.rb:274:in `context'
rack-session (2.1.2) lib/rack/session/abstract/id.rb:268:in `call'
actionpack (8.1.3) lib/action_dispatch/middleware/cookies.rb:708:in `call'
activerecord (8.1.3) lib/active_record/migration.rb:671:in `call'
actionpack (8.1.3) lib/action_dispatch/middleware/callbacks.rb:31:in `block in call'
activesupport (8.1.3) lib/active_support/callbacks.rb:101:in `run_callbacks'
actionpack (8.1.3) lib/action_dispatch/middleware/callbacks.rb:30:in `call'
actionpack (8.1.3) lib/action_dispatch/middleware/executor.rb:20:in `call'
actionpack (8.1.3) lib/action_dispatch/middleware/actionable_exceptions.rb:18:in `call'
actionpack (8.1.3) lib/action_dispatch/middleware/debug_exceptions.rb:31:in `call'
web-console (4.3.0) lib/web_console/middleware.rb:132:in `call_app'
web-console (4.3.0) lib/web_console/middleware.rb:28:in `block in call'
web-console (4.3.0) lib/web_console/middleware.rb:17:in `catch'
web-console (4.3.0) lib/web_console/middleware.rb:17:in `call'
actionpack (8.1.3) lib/action_dispatch/middleware/show_exceptions.rb:32:in `call'
railties (8.1.3) lib/rails/rack/logger.rb:41:in `call_app'
railties (8.1.3) lib/rails/rack/logger.rb:29:in `call'
propshaft (1.3.2) lib/propshaft/quiet_assets.rb:11:in `call'
actionpack (8.1.3) lib/action_dispatch/middleware/remote_ip.rb:98:in `call'
actionpack (8.1.3) lib/action_dispatch/middleware/request_id.rb:34:in `call'
rack (3.2.6) lib/rack/method_override.rb:28:in `call'
rack (3.2.6) lib/rack/runtime.rb:24:in `call'
activesupport (8.1.3) lib/active_support/cache/strategy/local_cache_middleware.rb:30:in `call'
actionpack (8.1.3) lib/action_dispatch/middleware/server_timing.rb:61:in `block in call'
actionpack (8.1.3) lib/action_dispatch/middleware/server_timing.rb:26:in `collect_events'
actionpack (8.1.3) lib/action_dispatch/middleware/server_timing.rb:60:in `call'
actionpack (8.1.3) lib/action_dispatch/middleware/executor.rb:20:in `call'
propshaft (1.3.2) lib/propshaft/server.rb:37:in `call'
actionpack (8.1.3) lib/action_dispatch/middleware/static.rb:27:in `call'
rack (3.2.6) lib/rack/sendfile.rb:131:in `call'
actionpack (8.1.3) lib/action_dispatch/middleware/host_authorization.rb:143:in `call'
railties (8.1.3) lib/rails/engine.rb:534:in `call'
puma (8.0.1) lib/puma/configuration.rb:305:in `call'
puma (8.0.1) lib/puma/response.rb:79:in `block in handle_request'
puma (8.0.1) lib/puma/thread_pool.rb:434:in `with_force_shutdown'
puma (8.0.1) lib/puma/response.rb:78:in `handle_request'
puma (8.0.1) lib/puma/server.rb:508:in `process_client'
puma (8.0.1) lib/puma/server.rb:263:in `block in run'
puma (8.0.1) lib/puma/thread_pool.rb:246:in `block in spawn_thread'
Started GET "/events/45" for 127.0.0.1 at 2026-05-06 10:57:28 +0530
Processing by EventsController#show as HTML
  Parameters: {"id"=>"45"}
  [1m[36mEvent Load (1.5ms)[0m  [1m[34mSELECT "events".* FROM "events" WHERE "events"."id" = 45 LIMIT 1 /*action='show',application='BillettoAssignment',controller='events'*/[0m
  ↳ app/controllers/events_controller.rb:49:in `set_event'
  Rendering layout layouts/application.html.erb
  Rendering events/show.html.erb within layouts/application
  Rendered events/show.html.erb within layouts/application (Duration: 2.3ms | GC: 0.1ms)
  Rendered layout layouts/application.html.erb (Duration: 3.1ms | GC: 0.1ms)
Completed 200 OK in 7ms (Views: 3.6ms | ActiveRecord: 1.5ms (1 query, 0 cached) | GC: 0.1ms)


Started POST "/events/45/downvote" for 127.0.0.1 at 2026-05-06 10:57:29 +0530
Processing by EventsController#downvote as TURBO_STREAM
  Parameters: {"authenticity_token"=>"[FILTERED]", "commit"=>"ðŸ‘Ž Downvote", "id"=>"45"}
HTTP Origin header (http://127.0.0.1:36595) didn't match request.base_url (http://localhost:3000)
Completed 422 Unprocessable Content in 2ms (ActiveRecord: 0.0ms (0 queries, 0 cached) | GC: 0.0ms)


  
ActionController::InvalidAuthenticityToken (HTTP Origin header (http://127.0.0.1:36595) didn't match request.base_url (http://localhost:3000)):
  
actionpack (8.1.3) lib/action_controller/metal/request_forgery_protection.rb:321:in `handle_unverified_request'
actionpack (8.1.3) lib/action_controller/metal/request_forgery_protection.rb:415:in `handle_unverified_request'
actionpack (8.1.3) lib/action_controller/metal/request_forgery_protection.rb:404:in `verify_authenticity_token'
activesupport (8.1.3) lib/active_support/callbacks.rb:362:in `block in make_lambda'
activesupport (8.1.3) lib/active_support/callbacks.rb:179:in `block in call'
actionpack (8.1.3) lib/abstract_controller/callbacks.rb:36:in `block (2 levels) in <module:Callbacks>'
activesupport (8.1.3) lib/active_support/callbacks.rb:180:in `call'
activesupport (8.1.3) lib/active_support/callbacks.rb:560:in `block in invoke_before'
activesupport (8.1.3) lib/active_support/callbacks.rb:560:in `each'
activesupport (8.1.3) lib/active_support/callbacks.rb:560:in `invoke_before'
activesupport (8.1.3) lib/active_support/callbacks.rb:119:in `block in run_callbacks'
activesupport (8.1.3) lib/active_support/callbacks.rb:141:in `run_callbacks'
actionpack (8.1.3) lib/abstract_controller/callbacks.rb:266:in `process_action'
actionpack (8.1.3) lib/action_controller/metal/rescue.rb:36:in `process_action'
actionpack (8.1.3) lib/action_controller/metal/instrumentation.rb:76:in `block in process_action'
activesupport (8.1.3) lib/active_support/notifications.rb:210:in `block in instrument'
activesupport (8.1.3) lib/active_support/notifications/instrumenter.rb:58:in `instrument'
activesupport (8.1.3) lib/active_support/notifications.rb:210:in `instrument'
actionpack (8.1.3) lib/action_controller/metal/instrumentation.rb:75:in `process_action'
actionpack (8.1.3) lib/action_controller/metal/params_wrapper.rb:259:in `process_action'
activerecord (8.1.3) lib/active_record/railties/controller_runtime.rb:39:in `process_action'
actionpack (8.1.3) lib/abstract_controller/base.rb:154:in `process'
actionview (8.1.3) lib/action_view/rendering.rb:40:in `process'
actionpack (8.1.3) lib/action_controller/metal.rb:252:in `dispatch'
actionpack (8.1.3) lib/action_controller/metal.rb:335:in `dispatch'
actionpack (8.1.3) lib/action_dispatch/routing/route_set.rb:65:in `dispatch'
actionpack (8.1.3) lib/action_dispatch/routing/route_set.rb:50:in `serve'
actionpack (8.1.3) lib/action_dispatch/journey/router.rb:35:in `block in serve'
actionpack (8.1.3) lib/action_dispatch/journey/router.rb:86:in `block in recognize'
actionpack (8.1.3) lib/action_dispatch/journey/router.rb:66:in `each'
actionpack (8.1.3) lib/action_dispatch/journey/router.rb:66:in `recognize'
actionpack (8.1.3) lib/action_dispatch/journey/router.rb:31:in `serve'
actionpack (8.1.3) lib/action_dispatch/routing/route_set.rb:906:in `call'
railties (8.1.3) lib/rails/engine/lazy_route_set.rb:60:in `call'
rails_event_store (2.18.0) lib/rails_event_store/middleware.rb:11:in `block in call'
rails_event_store (2.18.0) lib/rails_event_store/client.rb:85:in `block in with_request_metadata'
ruby_event_store (2.18.0) lib/ruby_event_store/client.rb:301:in `with_metadata'
rails_event_store (2.18.0) lib/rails_event_store/client.rb:85:in `with_request_metadata'
rails_event_store (2.18.0) lib/rails_event_store/middleware.rb:11:in `call'
rack (3.2.6) lib/rack/tempfile_reaper.rb:20:in `call'
rack (3.2.6) lib/rack/etag.rb:29:in `call'
rack (3.2.6) lib/rack/conditional_get.rb:44:in `call'
rack (3.2.6) lib/rack/head.rb:15:in `call'
actionpack (8.1.3) lib/action_dispatch/http/content_security_policy.rb:38:in `call'
rack-session (2.1.2) lib/rack/session/abstract/id.rb:274:in `context'
rack-session (2.1.2) lib/rack/session/abstract/id.rb:268:in `call'
actionpack (8.1.3) lib/action_dispatch/middleware/cookies.rb:708:in `call'
activerecord (8.1.3) lib/active_record/migration.rb:671:in `call'
actionpack (8.1.3) lib/action_dispatch/middleware/callbacks.rb:31:in `block in call'
activesupport (8.1.3) lib/active_support/callbacks.rb:101:in `run_callbacks'
actionpack (8.1.3) lib/action_dispatch/middleware/callbacks.rb:30:in `call'
actionpack (8.1.3) lib/action_dispatch/middleware/executor.rb:20:in `call'
actionpack (8.1.3) lib/action_dispatch/middleware/actionable_exceptions.rb:18:in `call'
actionpack (8.1.3) lib/action_dispatch/middleware/debug_exceptions.rb:31:in `call'
web-console (4.3.0) lib/web_console/middleware.rb:132:in `call_app'
web-console (4.3.0) lib/web_console/middleware.rb:28:in `block in call'
web-console (4.3.0) lib/web_console/middleware.rb:17:in `catch'
web-console (4.3.0) lib/web_console/middleware.rb:17:in `call'
actionpack (8.1.3) lib/action_dispatch/middleware/show_exceptions.rb:32:in `call'
railties (8.1.3) lib/rails/rack/logger.rb:41:in `call_app'
railties (8.1.3) lib/rails/rack/logger.rb:29:in `call'
propshaft (1.3.2) lib/propshaft/quiet_assets.rb:11:in `call'
actionpack (8.1.3) lib/action_dispatch/middleware/remote_ip.rb:98:in `call'
actionpack (8.1.3) lib/action_dispatch/middleware/request_id.rb:34:in `call'
rack (3.2.6) lib/rack/method_override.rb:28:in `call'
rack (3.2.6) lib/rack/runtime.rb:24:in `call'
activesupport (8.1.3) lib/active_support/cache/strategy/local_cache_middleware.rb:30:in `call'
actionpack (8.1.3) lib/action_dispatch/middleware/server_timing.rb:61:in `block in call'
actionpack (8.1.3) lib/action_dispatch/middleware/server_timing.rb:26:in `collect_events'
actionpack (8.1.3) lib/action_dispatch/middleware/server_timing.rb:60:in `call'
actionpack (8.1.3) lib/action_dispatch/middleware/executor.rb:20:in `call'
propshaft (1.3.2) lib/propshaft/server.rb:37:in `call'
actionpack (8.1.3) lib/action_dispatch/middleware/static.rb:27:in `call'
rack (3.2.6) lib/rack/sendfile.rb:131:in `call'
actionpack (8.1.3) lib/action_dispatch/middleware/host_authorization.rb:143:in `call'
railties (8.1.3) lib/rails/engine.rb:534:in `call'
puma (8.0.1) lib/puma/configuration.rb:305:in `call'
puma (8.0.1) lib/puma/response.rb:79:in `block in handle_request'
puma (8.0.1) lib/puma/thread_pool.rb:434:in `with_force_shutdown'
puma (8.0.1) lib/puma/response.rb:78:in `handle_request'
puma (8.0.1) lib/puma/server.rb:508:in `process_client'
puma (8.0.1) lib/puma/server.rb:263:in `block in run'
puma (8.0.1) lib/puma/thread_pool.rb:246:in `block in spawn_thread'
Started GET "/events/45" for 127.0.0.1 at 2026-05-06 10:57:29 +0530
Processing by EventsController#show as HTML
  Parameters: {"id"=>"45"}
  [1m[36mEvent Load (0.5ms)[0m  [1m[34mSELECT "events".* FROM "events" WHERE "events"."id" = 45 LIMIT 1 /*action='show',application='BillettoAssignment',controller='events'*/[0m
  ↳ app/controllers/events_controller.rb:49:in `set_event'
  Rendering layout layouts/application.html.erb
  Rendering events/show.html.erb within layouts/application
  Rendered events/show.html.erb within layouts/application (Duration: 2.6ms | GC: 0.2ms)
  Rendered layout layouts/application.html.erb (Duration: 3.7ms | GC: 0.2ms)
Completed 200 OK in 7ms (Views: 4.2ms | ActiveRecord: 0.4ms (1 query, 0 cached) | GC: 0.2ms)


Started POST "/events/45/upvote" for 127.0.0.1 at 2026-05-06 10:57:30 +0530
Processing by EventsController#upvote as TURBO_STREAM
  Parameters: {"authenticity_token"=>"[FILTERED]", "commit"=>"ðŸ‘\u008D Upvote", "id"=>"45"}
HTTP Origin header (http://127.0.0.1:36595) didn't match request.base_url (http://localhost:3000)
Completed 422 Unprocessable Content in 1ms (ActiveRecord: 0.0ms (0 queries, 0 cached) | GC: 0.0ms)


  
ActionController::InvalidAuthenticityToken (HTTP Origin header (http://127.0.0.1:36595) didn't match request.base_url (http://localhost:3000)):
  
actionpack (8.1.3) lib/action_controller/metal/request_forgery_protection.rb:321:in `handle_unverified_request'
actionpack (8.1.3) lib/action_controller/metal/request_forgery_protection.rb:415:in `handle_unverified_request'
actionpack (8.1.3) lib/action_controller/metal/request_forgery_protection.rb:404:in `verify_authenticity_token'
activesupport (8.1.3) lib/active_support/callbacks.rb:362:in `block in make_lambda'
activesupport (8.1.3) lib/active_support/callbacks.rb:179:in `block in call'
actionpack (8.1.3) lib/abstract_controller/callbacks.rb:36:in `block (2 levels) in <module:Callbacks>'
activesupport (8.1.3) lib/active_support/callbacks.rb:180:in `call'
activesupport (8.1.3) lib/active_support/callbacks.rb:560:in `block in invoke_before'
activesupport (8.1.3) lib/active_support/callbacks.rb:560:in `each'
activesupport (8.1.3) lib/active_support/callbacks.rb:560:in `invoke_before'
activesupport (8.1.3) lib/active_support/callbacks.rb:119:in `block in run_callbacks'
activesupport (8.1.3) lib/active_support/callbacks.rb:141:in `run_callbacks'
actionpack (8.1.3) lib/abstract_controller/callbacks.rb:266:in `process_action'
actionpack (8.1.3) lib/action_controller/metal/rescue.rb:36:in `process_action'
actionpack (8.1.3) lib/action_controller/metal/instrumentation.rb:76:in `block in process_action'
activesupport (8.1.3) lib/active_support/notifications.rb:210:in `block in instrument'
activesupport (8.1.3) lib/active_support/notifications/instrumenter.rb:58:in `instrument'
activesupport (8.1.3) lib/active_support/notifications.rb:210:in `instrument'
actionpack (8.1.3) lib/action_controller/metal/instrumentation.rb:75:in `process_action'
actionpack (8.1.3) lib/action_controller/metal/params_wrapper.rb:259:in `process_action'
activerecord (8.1.3) lib/active_record/railties/controller_runtime.rb:39:in `process_action'
actionpack (8.1.3) lib/abstract_controller/base.rb:154:in `process'
actionview (8.1.3) lib/action_view/rendering.rb:40:in `process'
actionpack (8.1.3) lib/action_controller/metal.rb:252:in `dispatch'
actionpack (8.1.3) lib/action_controller/metal.rb:335:in `dispatch'
actionpack (8.1.3) lib/action_dispatch/routing/route_set.rb:65:in `dispatch'
actionpack (8.1.3) lib/action_dispatch/routing/route_set.rb:50:in `serve'
actionpack (8.1.3) lib/action_dispatch/journey/router.rb:35:in `block in serve'
actionpack (8.1.3) lib/action_dispatch/journey/router.rb:86:in `block in recognize'
actionpack (8.1.3) lib/action_dispatch/journey/router.rb:66:in `each'
actionpack (8.1.3) lib/action_dispatch/journey/router.rb:66:in `recognize'
actionpack (8.1.3) lib/action_dispatch/journey/router.rb:31:in `serve'
actionpack (8.1.3) lib/action_dispatch/routing/route_set.rb:906:in `call'
railties (8.1.3) lib/rails/engine/lazy_route_set.rb:60:in `call'
rails_event_store (2.18.0) lib/rails_event_store/middleware.rb:11:in `block in call'
rails_event_store (2.18.0) lib/rails_event_store/client.rb:85:in `block in with_request_metadata'
ruby_event_store (2.18.0) lib/ruby_event_store/client.rb:301:in `with_metadata'
rails_event_store (2.18.0) lib/rails_event_store/client.rb:85:in `with_request_metadata'
rails_event_store (2.18.0) lib/rails_event_store/middleware.rb:11:in `call'
rack (3.2.6) lib/rack/tempfile_reaper.rb:20:in `call'
rack (3.2.6) lib/rack/etag.rb:29:in `call'
rack (3.2.6) lib/rack/conditional_get.rb:44:in `call'
rack (3.2.6) lib/rack/head.rb:15:in `call'
actionpack (8.1.3) lib/action_dispatch/http/content_security_policy.rb:38:in `call'
rack-session (2.1.2) lib/rack/session/abstract/id.rb:274:in `context'
rack-session (2.1.2) lib/rack/session/abstract/id.rb:268:in `call'
actionpack (8.1.3) lib/action_dispatch/middleware/cookies.rb:708:in `call'
activerecord (8.1.3) lib/active_record/migration.rb:671:in `call'
actionpack (8.1.3) lib/action_dispatch/middleware/callbacks.rb:31:in `block in call'
activesupport (8.1.3) lib/active_support/callbacks.rb:101:in `run_callbacks'
actionpack (8.1.3) lib/action_dispatch/middleware/callbacks.rb:30:in `call'
actionpack (8.1.3) lib/action_dispatch/middleware/executor.rb:20:in `call'
actionpack (8.1.3) lib/action_dispatch/middleware/actionable_exceptions.rb:18:in `call'
actionpack (8.1.3) lib/action_dispatch/middleware/debug_exceptions.rb:31:in `call'
web-console (4.3.0) lib/web_console/middleware.rb:132:in `call_app'
web-console (4.3.0) lib/web_console/middleware.rb:28:in `block in call'
web-console (4.3.0) lib/web_console/middleware.rb:17:in `catch'
web-console (4.3.0) lib/web_console/middleware.rb:17:in `call'
actionpack (8.1.3) lib/action_dispatch/middleware/show_exceptions.rb:32:in `call'
railties (8.1.3) lib/rails/rack/logger.rb:41:in `call_app'
railties (8.1.3) lib/rails/rack/logger.rb:29:in `call'
propshaft (1.3.2) lib/propshaft/quiet_assets.rb:11:in `call'
actionpack (8.1.3) lib/action_dispatch/middleware/remote_ip.rb:98:in `call'
actionpack (8.1.3) lib/action_dispatch/middleware/request_id.rb:34:in `call'
rack (3.2.6) lib/rack/method_override.rb:28:in `call'
rack (3.2.6) lib/rack/runtime.rb:24:in `call'
activesupport (8.1.3) lib/active_support/cache/strategy/local_cache_middleware.rb:30:in `call'
actionpack (8.1.3) lib/action_dispatch/middleware/server_timing.rb:61:in `block in call'
actionpack (8.1.3) lib/action_dispatch/middleware/server_timing.rb:26:in `collect_events'
actionpack (8.1.3) lib/action_dispatch/middleware/server_timing.rb:60:in `call'
actionpack (8.1.3) lib/action_dispatch/middleware/executor.rb:20:in `call'
propshaft (1.3.2) lib/propshaft/server.rb:37:in `call'
actionpack (8.1.3) lib/action_dispatch/middleware/static.rb:27:in `call'
rack (3.2.6) lib/rack/sendfile.rb:131:in `call'
actionpack (8.1.3) lib/action_dispatch/middleware/host_authorization.rb:143:in `call'
railties (8.1.3) lib/rails/engine.rb:534:in `call'
puma (8.0.1) lib/puma/configuration.rb:305:in `call'
puma (8.0.1) lib/puma/response.rb:79:in `block in handle_request'
puma (8.0.1) lib/puma/thread_pool.rb:434:in `with_force_shutdown'
puma (8.0.1) lib/puma/response.rb:78:in `handle_request'
puma (8.0.1) lib/puma/server.rb:508:in `process_client'
puma (8.0.1) lib/puma/server.rb:263:in `block in run'
puma (8.0.1) lib/puma/thread_pool.rb:246:in `block in spawn_thread'
Started GET "/events/45" for 127.0.0.1 at 2026-05-06 10:57:30 +0530
Processing by EventsController#show as HTML
  Parameters: {"id"=>"45"}
  [1m[36mEvent Load (0.4ms)[0m  [1m[34mSELECT "events".* FROM "events" WHERE "events"."id" = 45 LIMIT 1 /*action='show',application='BillettoAssignment',controller='events'*/[0m
  ↳ app/controllers/events_controller.rb:49:in `set_event'
  Rendering layout layouts/application.html.erb
  Rendering events/show.html.erb within layouts/application
  Rendered events/show.html.erb within layouts/application (Duration: 2.0ms | GC: 0.0ms)
  Rendered layout layouts/application.html.erb (Duration: 2.8ms | GC: 0.0ms)
Completed 200 OK in 6ms (Views: 3.4ms | ActiveRecord: 0.4ms (1 query, 0 cached) | GC: 0.0ms)


Started POST "/events/45/upvote" for 127.0.0.1 at 2026-05-06 10:57:30 +0530
Processing by EventsController#upvote as TURBO_STREAM
  Parameters: {"authenticity_token"=>"[FILTERED]", "commit"=>"ðŸ‘\u008D Upvote", "id"=>"45"}
HTTP Origin header (http://127.0.0.1:36595) didn't match request.base_url (http://localhost:3000)
Completed 422 Unprocessable Content in 1ms (ActiveRecord: 0.0ms (0 queries, 0 cached) | GC: 0.0ms)


  
ActionController::InvalidAuthenticityToken (HTTP Origin header (http://127.0.0.1:36595) didn't match request.base_url (http://localhost:3000)):
  
actionpack (8.1.3) lib/action_controller/metal/request_forgery_protection.rb:321:in `handle_unverified_request'
actionpack (8.1.3) lib/action_controller/metal/request_forgery_protection.rb:415:in `handle_unverified_request'
actionpack (8.1.3) lib/action_controller/metal/request_forgery_protection.rb:404:in `verify_authenticity_token'
activesupport (8.1.3) lib/active_support/callbacks.rb:362:in `block in make_lambda'
activesupport (8.1.3) lib/active_support/callbacks.rb:179:in `block in call'
actionpack (8.1.3) lib/abstract_controller/callbacks.rb:36:in `block (2 levels) in <module:Callbacks>'
activesupport (8.1.3) lib/active_support/callbacks.rb:180:in `call'
activesupport (8.1.3) lib/active_support/callbacks.rb:560:in `block in invoke_before'
activesupport (8.1.3) lib/active_support/callbacks.rb:560:in `each'
activesupport (8.1.3) lib/active_support/callbacks.rb:560:in `invoke_before'
activesupport (8.1.3) lib/active_support/callbacks.rb:119:in `block in run_callbacks'
activesupport (8.1.3) lib/active_support/callbacks.rb:141:in `run_callbacks'
actionpack (8.1.3) lib/abstract_controller/callbacks.rb:266:in `process_action'
actionpack (8.1.3) lib/action_controller/metal/rescue.rb:36:in `process_action'
actionpack (8.1.3) lib/action_controller/metal/instrumentation.rb:76:in `block in process_action'
activesupport (8.1.3) lib/active_support/notifications.rb:210:in `block in instrument'
activesupport (8.1.3) lib/active_support/notifications/instrumenter.rb:58:in `instrument'
activesupport (8.1.3) lib/active_support/notifications.rb:210:in `instrument'
actionpack (8.1.3) lib/action_controller/metal/instrumentation.rb:75:in `process_action'
actionpack (8.1.3) lib/action_controller/metal/params_wrapper.rb:259:in `process_action'
activerecord (8.1.3) lib/active_record/railties/controller_runtime.rb:39:in `process_action'
actionpack (8.1.3) lib/abstract_controller/base.rb:154:in `process'
actionview (8.1.3) lib/action_view/rendering.rb:40:in `process'
actionpack (8.1.3) lib/action_controller/metal.rb:252:in `dispatch'
actionpack (8.1.3) lib/action_controller/metal.rb:335:in `dispatch'
actionpack (8.1.3) lib/action_dispatch/routing/route_set.rb:65:in `dispatch'
actionpack (8.1.3) lib/action_dispatch/routing/route_set.rb:50:in `serve'
actionpack (8.1.3) lib/action_dispatch/journey/router.rb:35:in `block in serve'
actionpack (8.1.3) lib/action_dispatch/journey/router.rb:86:in `block in recognize'
actionpack (8.1.3) lib/action_dispatch/journey/router.rb:66:in `each'
actionpack (8.1.3) lib/action_dispatch/journey/router.rb:66:in `recognize'
actionpack (8.1.3) lib/action_dispatch/journey/router.rb:31:in `serve'
actionpack (8.1.3) lib/action_dispatch/routing/route_set.rb:906:in `call'
railties (8.1.3) lib/rails/engine/lazy_route_set.rb:60:in `call'
rails_event_store (2.18.0) lib/rails_event_store/middleware.rb:11:in `block in call'
rails_event_store (2.18.0) lib/rails_event_store/client.rb:85:in `block in with_request_metadata'
ruby_event_store (2.18.0) lib/ruby_event_store/client.rb:301:in `with_metadata'
rails_event_store (2.18.0) lib/rails_event_store/client.rb:85:in `with_request_metadata'
rails_event_store (2.18.0) lib/rails_event_store/middleware.rb:11:in `call'
rack (3.2.6) lib/rack/tempfile_reaper.rb:20:in `call'
rack (3.2.6) lib/rack/etag.rb:29:in `call'
rack (3.2.6) lib/rack/conditional_get.rb:44:in `call'
rack (3.2.6) lib/rack/head.rb:15:in `call'
actionpack (8.1.3) lib/action_dispatch/http/content_security_policy.rb:38:in `call'
rack-session (2.1.2) lib/rack/session/abstract/id.rb:274:in `context'
rack-session (2.1.2) lib/rack/session/abstract/id.rb:268:in `call'
actionpack (8.1.3) lib/action_dispatch/middleware/cookies.rb:708:in `call'
activerecord (8.1.3) lib/active_record/migration.rb:671:in `call'
actionpack (8.1.3) lib/action_dispatch/middleware/callbacks.rb:31:in `block in call'
activesupport (8.1.3) lib/active_support/callbacks.rb:101:in `run_callbacks'
actionpack (8.1.3) lib/action_dispatch/middleware/callbacks.rb:30:in `call'
actionpack (8.1.3) lib/action_dispatch/middleware/executor.rb:20:in `call'
actionpack (8.1.3) lib/action_dispatch/middleware/actionable_exceptions.rb:18:in `call'
actionpack (8.1.3) lib/action_dispatch/middleware/debug_exceptions.rb:31:in `call'
web-console (4.3.0) lib/web_console/middleware.rb:132:in `call_app'
web-console (4.3.0) lib/web_console/middleware.rb:28:in `block in call'
web-console (4.3.0) lib/web_console/middleware.rb:17:in `catch'
web-console (4.3.0) lib/web_console/middleware.rb:17:in `call'
actionpack (8.1.3) lib/action_dispatch/middleware/show_exceptions.rb:32:in `call'
railties (8.1.3) lib/rails/rack/logger.rb:41:in `call_app'
railties (8.1.3) lib/rails/rack/logger.rb:29:in `call'
propshaft (1.3.2) lib/propshaft/quiet_assets.rb:11:in `call'
actionpack (8.1.3) lib/action_dispatch/middleware/remote_ip.rb:98:in `call'
actionpack (8.1.3) lib/action_dispatch/middleware/request_id.rb:34:in `call'
rack (3.2.6) lib/rack/method_override.rb:28:in `call'
rack (3.2.6) lib/rack/runtime.rb:24:in `call'
activesupport (8.1.3) lib/active_support/cache/strategy/local_cache_middleware.rb:30:in `call'
actionpack (8.1.3) lib/action_dispatch/middleware/server_timing.rb:61:in `block in call'
actionpack (8.1.3) lib/action_dispatch/middleware/server_timing.rb:26:in `collect_events'
actionpack (8.1.3) lib/action_dispatch/middleware/server_timing.rb:60:in `call'
actionpack (8.1.3) lib/action_dispatch/middleware/executor.rb:20:in `call'
propshaft (1.3.2) lib/propshaft/server.rb:37:in `call'
actionpack (8.1.3) lib/action_dispatch/middleware/static.rb:27:in `call'
rack (3.2.6) lib/rack/sendfile.rb:131:in `call'
actionpack (8.1.3) lib/action_dispatch/middleware/host_authorization.rb:143:in `call'
railties (8.1.3) lib/rails/engine.rb:534:in `call'
puma (8.0.1) lib/puma/configuration.rb:305:in `call'
puma (8.0.1) lib/puma/response.rb:79:in `block in handle_request'
puma (8.0.1) lib/puma/thread_pool.rb:434:in `with_force_shutdown'
puma (8.0.1) lib/puma/response.rb:78:in `handle_request'
puma (8.0.1) lib/puma/server.rb:508:in `process_client'
puma (8.0.1) lib/puma/server.rb:263:in `block in run'
puma (8.0.1) lib/puma/thread_pool.rb:246:in `block in spawn_thread'
Started GET "/events/45" for 127.0.0.1 at 2026-05-06 10:57:30 +0530
Processing by EventsController#show as HTML
  Parameters: {"id"=>"45"}
  [1m[36mEvent Load (0.5ms)[0m  [1m[34mSELECT "events".* FROM "events" WHERE "events"."id" = 45 LIMIT 1 /*action='show',application='BillettoAssignment',controller='events'*/[0m
  ↳ app/controllers/events_controller.rb:49:in `set_event'
  Rendering layout layouts/application.html.erb
  Rendering events/show.html.erb within layouts/application
  Rendered events/show.html.erb within layouts/application (Duration: 1.8ms | GC: 0.0ms)
  Rendered layout layouts/application.html.erb (Duration: 2.7ms | GC: 0.1ms)
Completed 200 OK in 6ms (Views: 3.3ms | ActiveRecord: 0.5ms (1 query, 0 cached) | GC: 0.1ms)


Started POST "/events/45/upvote" for 127.0.0.1 at 2026-05-06 10:57:31 +0530
Processing by EventsController#upvote as TURBO_STREAM
  Parameters: {"authenticity_token"=>"[FILTERED]", "commit"=>"ðŸ‘\u008D Upvote", "id"=>"45"}
HTTP Origin header (http://127.0.0.1:36595) didn't match request.base_url (http://localhost:3000)
Completed 422 Unprocessable Content in 0ms (ActiveRecord: 0.0ms (0 queries, 0 cached) | GC: 0.0ms)


  
ActionController::InvalidAuthenticityToken (HTTP Origin header (http://127.0.0.1:36595) didn't match request.base_url (http://localhost:3000)):
  
actionpack (8.1.3) lib/action_controller/metal/request_forgery_protection.rb:321:in `handle_unverified_request'
actionpack (8.1.3) lib/action_controller/metal/request_forgery_protection.rb:415:in `handle_unverified_request'
actionpack (8.1.3) lib/action_controller/metal/request_forgery_protection.rb:404:in `verify_authenticity_token'
activesupport (8.1.3) lib/active_support/callbacks.rb:362:in `block in make_lambda'
activesupport (8.1.3) lib/active_support/callbacks.rb:179:in `block in call'
actionpack (8.1.3) lib/abstract_controller/callbacks.rb:36:in `block (2 levels) in <module:Callbacks>'
activesupport (8.1.3) lib/active_support/callbacks.rb:180:in `call'
activesupport (8.1.3) lib/active_support/callbacks.rb:560:in `block in invoke_before'
activesupport (8.1.3) lib/active_support/callbacks.rb:560:in `each'
activesupport (8.1.3) lib/active_support/callbacks.rb:560:in `invoke_before'
activesupport (8.1.3) lib/active_support/callbacks.rb:119:in `block in run_callbacks'
activesupport (8.1.3) lib/active_support/callbacks.rb:141:in `run_callbacks'
actionpack (8.1.3) lib/abstract_controller/callbacks.rb:266:in `process_action'
actionpack (8.1.3) lib/action_controller/metal/rescue.rb:36:in `process_action'
actionpack (8.1.3) lib/action_controller/metal/instrumentation.rb:76:in `block in process_action'
activesupport (8.1.3) lib/active_support/notifications.rb:210:in `block in instrument'
activesupport (8.1.3) lib/active_support/notifications/instrumenter.rb:58:in `instrument'
activesupport (8.1.3) lib/active_support/notifications.rb:210:in `instrument'
actionpack (8.1.3) lib/action_controller/metal/instrumentation.rb:75:in `process_action'
actionpack (8.1.3) lib/action_controller/metal/params_wrapper.rb:259:in `process_action'
activerecord (8.1.3) lib/active_record/railties/controller_runtime.rb:39:in `process_action'
actionpack (8.1.3) lib/abstract_controller/base.rb:154:in `process'
actionview (8.1.3) lib/action_view/rendering.rb:40:in `process'
actionpack (8.1.3) lib/action_controller/metal.rb:252:in `dispatch'
actionpack (8.1.3) lib/action_controller/metal.rb:335:in `dispatch'
actionpack (8.1.3) lib/action_dispatch/routing/route_set.rb:65:in `dispatch'
actionpack (8.1.3) lib/action_dispatch/routing/route_set.rb:50:in `serve'
actionpack (8.1.3) lib/action_dispatch/journey/router.rb:35:in `block in serve'
actionpack (8.1.3) lib/action_dispatch/journey/router.rb:86:in `block in recognize'
actionpack (8.1.3) lib/action_dispatch/journey/router.rb:66:in `each'
actionpack (8.1.3) lib/action_dispatch/journey/router.rb:66:in `recognize'
actionpack (8.1.3) lib/action_dispatch/journey/router.rb:31:in `serve'
actionpack (8.1.3) lib/action_dispatch/routing/route_set.rb:906:in `call'
railties (8.1.3) lib/rails/engine/lazy_route_set.rb:60:in `call'
rails_event_store (2.18.0) lib/rails_event_store/middleware.rb:11:in `block in call'
rails_event_store (2.18.0) lib/rails_event_store/client.rb:85:in `block in with_request_metadata'
ruby_event_store (2.18.0) lib/ruby_event_store/client.rb:301:in `with_metadata'
rails_event_store (2.18.0) lib/rails_event_store/client.rb:85:in `with_request_metadata'
rails_event_store (2.18.0) lib/rails_event_store/middleware.rb:11:in `call'
rack (3.2.6) lib/rack/tempfile_reaper.rb:20:in `call'
rack (3.2.6) lib/rack/etag.rb:29:in `call'
rack (3.2.6) lib/rack/conditional_get.rb:44:in `call'
rack (3.2.6) lib/rack/head.rb:15:in `call'
actionpack (8.1.3) lib/action_dispatch/http/content_security_policy.rb:38:in `call'
rack-session (2.1.2) lib/rack/session/abstract/id.rb:274:in `context'
rack-session (2.1.2) lib/rack/session/abstract/id.rb:268:in `call'
actionpack (8.1.3) lib/action_dispatch/middleware/cookies.rb:708:in `call'
activerecord (8.1.3) lib/active_record/migration.rb:671:in `call'
actionpack (8.1.3) lib/action_dispatch/middleware/callbacks.rb:31:in `block in call'
activesupport (8.1.3) lib/active_support/callbacks.rb:101:in `run_callbacks'
actionpack (8.1.3) lib/action_dispatch/middleware/callbacks.rb:30:in `call'
actionpack (8.1.3) lib/action_dispatch/middleware/executor.rb:20:in `call'
actionpack (8.1.3) lib/action_dispatch/middleware/actionable_exceptions.rb:18:in `call'
actionpack (8.1.3) lib/action_dispatch/middleware/debug_exceptions.rb:31:in `call'
web-console (4.3.0) lib/web_console/middleware.rb:132:in `call_app'
web-console (4.3.0) lib/web_console/middleware.rb:28:in `block in call'
web-console (4.3.0) lib/web_console/middleware.rb:17:in `catch'
web-console (4.3.0) lib/web_console/middleware.rb:17:in `call'
actionpack (8.1.3) lib/action_dispatch/middleware/show_exceptions.rb:32:in `call'
railties (8.1.3) lib/rails/rack/logger.rb:41:in `call_app'
railties (8.1.3) lib/rails/rack/logger.rb:29:in `call'
propshaft (1.3.2) lib/propshaft/quiet_assets.rb:11:in `call'
actionpack (8.1.3) lib/action_dispatch/middleware/remote_ip.rb:98:in `call'
actionpack (8.1.3) lib/action_dispatch/middleware/request_id.rb:34:in `call'
rack (3.2.6) lib/rack/method_override.rb:28:in `call'
rack (3.2.6) lib/rack/runtime.rb:24:in `call'
activesupport (8.1.3) lib/active_support/cache/strategy/local_cache_middleware.rb:30:in `call'
actionpack (8.1.3) lib/action_dispatch/middleware/server_timing.rb:61:in `block in call'
actionpack (8.1.3) lib/action_dispatch/middleware/server_timing.rb:26:in `collect_events'
actionpack (8.1.3) lib/action_dispatch/middleware/server_timing.rb:60:in `call'
actionpack (8.1.3) lib/action_dispatch/middleware/executor.rb:20:in `call'
propshaft (1.3.2) lib/propshaft/server.rb:37:in `call'
actionpack (8.1.3) lib/action_dispatch/middleware/static.rb:27:in `call'
rack (3.2.6) lib/rack/sendfile.rb:131:in `call'
actionpack (8.1.3) lib/action_dispatch/middleware/host_authorization.rb:143:in `call'
railties (8.1.3) lib/rails/engine.rb:534:in `call'
puma (8.0.1) lib/puma/configuration.rb:305:in `call'
puma (8.0.1) lib/puma/response.rb:79:in `block in handle_request'
puma (8.0.1) lib/puma/thread_pool.rb:434:in `with_force_shutdown'
puma (8.0.1) lib/puma/response.rb:78:in `handle_request'
puma (8.0.1) lib/puma/server.rb:508:in `process_client'
puma (8.0.1) lib/puma/server.rb:263:in `block in run'
puma (8.0.1) lib/puma/thread_pool.rb:246:in `block in spawn_thread'
Started GET "/events/45" for 127.0.0.1 at 2026-05-06 10:57:31 +0530
Processing by EventsController#show as HTML
  Parameters: {"id"=>"45"}
  [1m[36mEvent Load (0.5ms)[0m  [1m[34mSELECT "events".* FROM "events" WHERE "events"."id" = 45 LIMIT 1 /*action='show',application='BillettoAssignment',controller='events'*/[0m
  ↳ app/controllers/events_controller.rb:49:in `set_event'
  Rendering layout layouts/application.html.erb
  Rendering events/show.html.erb within layouts/application
  Rendered events/show.html.erb within layouts/application (Duration: 2.2ms | GC: 0.0ms)
  Rendered layout layouts/application.html.erb (Duration: 3.4ms | GC: 0.2ms)
Completed 200 OK in 6ms (Views: 3.9ms | ActiveRecord: 0.5ms (1 query, 0 cached) | GC: 0.2ms)


Started POST "/events/45/upvote" for 127.0.0.1 at 2026-05-06 10:57:31 +0530
Processing by EventsController#upvote as TURBO_STREAM
  Parameters: {"authenticity_token"=>"[FILTERED]", "commit"=>"ðŸ‘\u008D Upvote", "id"=>"45"}
HTTP Origin header (http://127.0.0.1:36595) didn't match request.base_url (http://localhost:3000)
Completed 422 Unprocessable Content in 1ms (ActiveRecord: 0.0ms (0 queries, 0 cached) | GC: 0.0ms)


  
ActionController::InvalidAuthenticityToken (HTTP Origin header (http://127.0.0.1:36595) didn't match request.base_url (http://localhost:3000)):
  
actionpack (8.1.3) lib/action_controller/metal/request_forgery_protection.rb:321:in `handle_unverified_request'
actionpack (8.1.3) lib/action_controller/metal/request_forgery_protection.rb:415:in `handle_unverified_request'
actionpack (8.1.3) lib/action_controller/metal/request_forgery_protection.rb:404:in `verify_authenticity_token'
activesupport (8.1.3) lib/active_support/callbacks.rb:362:in `block in make_lambda'
activesupport (8.1.3) lib/active_support/callbacks.rb:179:in `block in call'
actionpack (8.1.3) lib/abstract_controller/callbacks.rb:36:in `block (2 levels) in <module:Callbacks>'
activesupport (8.1.3) lib/active_support/callbacks.rb:180:in `call'
activesupport (8.1.3) lib/active_support/callbacks.rb:560:in `block in invoke_before'
activesupport (8.1.3) lib/active_support/callbacks.rb:560:in `each'
activesupport (8.1.3) lib/active_support/callbacks.rb:560:in `invoke_before'
activesupport (8.1.3) lib/active_support/callbacks.rb:119:in `block in run_callbacks'
activesupport (8.1.3) lib/active_support/callbacks.rb:141:in `run_callbacks'
actionpack (8.1.3) lib/abstract_controller/callbacks.rb:266:in `process_action'
actionpack (8.1.3) lib/action_controller/metal/rescue.rb:36:in `process_action'
actionpack (8.1.3) lib/action_controller/metal/instrumentation.rb:76:in `block in process_action'
activesupport (8.1.3) lib/active_support/notifications.rb:210:in `block in instrument'
activesupport (8.1.3) lib/active_support/notifications/instrumenter.rb:58:in `instrument'
activesupport (8.1.3) lib/active_support/notifications.rb:210:in `instrument'
actionpack (8.1.3) lib/action_controller/metal/instrumentation.rb:75:in `process_action'
actionpack (8.1.3) lib/action_controller/metal/params_wrapper.rb:259:in `process_action'
activerecord (8.1.3) lib/active_record/railties/controller_runtime.rb:39:in `process_action'
actionpack (8.1.3) lib/abstract_controller/base.rb:154:in `process'
actionview (8.1.3) lib/action_view/rendering.rb:40:in `process'
actionpack (8.1.3) lib/action_controller/metal.rb:252:in `dispatch'
actionpack (8.1.3) lib/action_controller/metal.rb:335:in `dispatch'
actionpack (8.1.3) lib/action_dispatch/routing/route_set.rb:65:in `dispatch'
actionpack (8.1.3) lib/action_dispatch/routing/route_set.rb:50:in `serve'
actionpack (8.1.3) lib/action_dispatch/journey/router.rb:35:in `block in serve'
actionpack (8.1.3) lib/action_dispatch/journey/router.rb:86:in `block in recognize'
actionpack (8.1.3) lib/action_dispatch/journey/router.rb:66:in `each'
actionpack (8.1.3) lib/action_dispatch/journey/router.rb:66:in `recognize'
actionpack (8.1.3) lib/action_dispatch/journey/router.rb:31:in `serve'
actionpack (8.1.3) lib/action_dispatch/routing/route_set.rb:906:in `call'
railties (8.1.3) lib/rails/engine/lazy_route_set.rb:60:in `call'
rails_event_store (2.18.0) lib/rails_event_store/middleware.rb:11:in `block in call'
rails_event_store (2.18.0) lib/rails_event_store/client.rb:85:in `block in with_request_metadata'
ruby_event_store (2.18.0) lib/ruby_event_store/client.rb:301:in `with_metadata'
rails_event_store (2.18.0) lib/rails_event_store/client.rb:85:in `with_request_metadata'
rails_event_store (2.18.0) lib/rails_event_store/middleware.rb:11:in `call'
rack (3.2.6) lib/rack/tempfile_reaper.rb:20:in `call'
rack (3.2.6) lib/rack/etag.rb:29:in `call'
rack (3.2.6) lib/rack/conditional_get.rb:44:in `call'
rack (3.2.6) lib/rack/head.rb:15:in `call'
actionpack (8.1.3) lib/action_dispatch/http/content_security_policy.rb:38:in `call'
rack-session (2.1.2) lib/rack/session/abstract/id.rb:274:in `context'
rack-session (2.1.2) lib/rack/session/abstract/id.rb:268:in `call'
actionpack (8.1.3) lib/action_dispatch/middleware/cookies.rb:708:in `call'
activerecord (8.1.3) lib/active_record/migration.rb:671:in `call'
actionpack (8.1.3) lib/action_dispatch/middleware/callbacks.rb:31:in `block in call'
activesupport (8.1.3) lib/active_support/callbacks.rb:101:in `run_callbacks'
actionpack (8.1.3) lib/action_dispatch/middleware/callbacks.rb:30:in `call'
actionpack (8.1.3) lib/action_dispatch/middleware/executor.rb:20:in `call'
actionpack (8.1.3) lib/action_dispatch/middleware/actionable_exceptions.rb:18:in `call'
actionpack (8.1.3) lib/action_dispatch/middleware/debug_exceptions.rb:31:in `call'
web-console (4.3.0) lib/web_console/middleware.rb:132:in `call_app'
web-console (4.3.0) lib/web_console/middleware.rb:28:in `block in call'
web-console (4.3.0) lib/web_console/middleware.rb:17:in `catch'
web-console (4.3.0) lib/web_console/middleware.rb:17:in `call'
actionpack (8.1.3) lib/action_dispatch/middleware/show_exceptions.rb:32:in `call'
railties (8.1.3) lib/rails/rack/logger.rb:41:in `call_app'
railties (8.1.3) lib/rails/rack/logger.rb:29:in `call'
propshaft (1.3.2) lib/propshaft/quiet_assets.rb:11:in `call'
actionpack (8.1.3) lib/action_dispatch/middleware/remote_ip.rb:98:in `call'
actionpack (8.1.3) lib/action_dispatch/middleware/request_id.rb:34:in `call'
rack (3.2.6) lib/rack/method_override.rb:28:in `call'
rack (3.2.6) lib/rack/runtime.rb:24:in `call'
activesupport (8.1.3) lib/active_support/cache/strategy/local_cache_middleware.rb:30:in `call'
actionpack (8.1.3) lib/action_dispatch/middleware/server_timing.rb:61:in `block in call'
actionpack (8.1.3) lib/action_dispatch/middleware/server_timing.rb:26:in `collect_events'
actionpack (8.1.3) lib/action_dispatch/middleware/server_timing.rb:60:in `call'
actionpack (8.1.3) lib/action_dispatch/middleware/executor.rb:20:in `call'
propshaft (1.3.2) lib/propshaft/server.rb:37:in `call'
actionpack (8.1.3) lib/action_dispatch/middleware/static.rb:27:in `call'
rack (3.2.6) lib/rack/sendfile.rb:131:in `call'
actionpack (8.1.3) lib/action_dispatch/middleware/host_authorization.rb:143:in `call'
railties (8.1.3) lib/rails/engine.rb:534:in `call'
puma (8.0.1) lib/puma/configuration.rb:305:in `call'
puma (8.0.1) lib/puma/response.rb:79:in `block in handle_request'
puma (8.0.1) lib/puma/thread_pool.rb:434:in `with_force_shutdown'
puma (8.0.1) lib/puma/response.rb:78:in `handle_request'
puma (8.0.1) lib/puma/server.rb:508:in `process_client'
puma (8.0.1) lib/puma/server.rb:263:in `block in run'
puma (8.0.1) lib/puma/thread_pool.rb:246:in `block in spawn_thread'
Started GET "/events/45" for 127.0.0.1 at 2026-05-06 10:57:31 +0530
Processing by EventsController#show as HTML
  Parameters: {"id"=>"45"}
  [1m[36mEvent Load (0.5ms)[0m  [1m[34mSELECT "events".* FROM "events" WHERE "events"."id" = 45 LIMIT 1 /*action='show',application='BillettoAssignment',controller='events'*/[0m
  ↳ app/controllers/events_controller.rb:49:in `set_event'
  Rendering layout layouts/application.html.erb
  Rendering events/show.html.erb within layouts/application
  Rendered events/show.html.erb within layouts/application (Duration: 2.6ms | GC: 0.0ms)
  Rendered layout layouts/application.html.erb (Duration: 3.7ms | GC: 0.0ms)
Completed 200 OK in 7ms (Views: 4.2ms | ActiveRecord: 0.4ms (1 query, 0 cached) | GC: 0.0ms)


Started POST "/events/45/upvote" for 127.0.0.1 at 2026-05-06 10:57:31 +0530
Processing by EventsController#upvote as TURBO_STREAM
  Parameters: {"authenticity_token"=>"[FILTERED]", "commit"=>"ðŸ‘\u008D Upvote", "id"=>"45"}
HTTP Origin header (http://127.0.0.1:36595) didn't match request.base_url (http://localhost:3000)
Completed 422 Unprocessable Content in 2ms (ActiveRecord: 0.0ms (0 queries, 0 cached) | GC: 0.0ms)


  
ActionController::InvalidAuthenticityToken (HTTP Origin header (http://127.0.0.1:36595) didn't match request.base_url (http://localhost:3000)):
  
actionpack (8.1.3) lib/action_controller/metal/request_forgery_protection.rb:321:in `handle_unverified_request'
actionpack (8.1.3) lib/action_controller/metal/request_forgery_protection.rb:415:in `handle_unverified_request'
actionpack (8.1.3) lib/action_controller/metal/request_forgery_protection.rb:404:in `verify_authenticity_token'
activesupport (8.1.3) lib/active_support/callbacks.rb:362:in `block in make_lambda'
activesupport (8.1.3) lib/active_support/callbacks.rb:179:in `block in call'
actionpack (8.1.3) lib/abstract_controller/callbacks.rb:36:in `block (2 levels) in <module:Callbacks>'
activesupport (8.1.3) lib/active_support/callbacks.rb:180:in `call'
activesupport (8.1.3) lib/active_support/callbacks.rb:560:in `block in invoke_before'
activesupport (8.1.3) lib/active_support/callbacks.rb:560:in `each'
activesupport (8.1.3) lib/active_support/callbacks.rb:560:in `invoke_before'
activesupport (8.1.3) lib/active_support/callbacks.rb:119:in `block in run_callbacks'
activesupport (8.1.3) lib/active_support/callbacks.rb:141:in `run_callbacks'
actionpack (8.1.3) lib/abstract_controller/callbacks.rb:266:in `process_action'
actionpack (8.1.3) lib/action_controller/metal/rescue.rb:36:in `process_action'
actionpack (8.1.3) lib/action_controller/metal/instrumentation.rb:76:in `block in process_action'
activesupport (8.1.3) lib/active_support/notifications.rb:210:in `block in instrument'
activesupport (8.1.3) lib/active_support/notifications/instrumenter.rb:58:in `instrument'
activesupport (8.1.3) lib/active_support/notifications.rb:210:in `instrument'
actionpack (8.1.3) lib/action_controller/metal/instrumentation.rb:75:in `process_action'
actionpack (8.1.3) lib/action_controller/metal/params_wrapper.rb:259:in `process_action'
activerecord (8.1.3) lib/active_record/railties/controller_runtime.rb:39:in `process_action'
actionpack (8.1.3) lib/abstract_controller/base.rb:154:in `process'
actionview (8.1.3) lib/action_view/rendering.rb:40:in `process'
actionpack (8.1.3) lib/action_controller/metal.rb:252:in `dispatch'
actionpack (8.1.3) lib/action_controller/metal.rb:335:in `dispatch'
actionpack (8.1.3) lib/action_dispatch/routing/route_set.rb:65:in `dispatch'
actionpack (8.1.3) lib/action_dispatch/routing/route_set.rb:50:in `serve'
actionpack (8.1.3) lib/action_dispatch/journey/router.rb:35:in `block in serve'
actionpack (8.1.3) lib/action_dispatch/journey/router.rb:86:in `block in recognize'
actionpack (8.1.3) lib/action_dispatch/journey/router.rb:66:in `each'
actionpack (8.1.3) lib/action_dispatch/journey/router.rb:66:in `recognize'
actionpack (8.1.3) lib/action_dispatch/journey/router.rb:31:in `serve'
actionpack (8.1.3) lib/action_dispatch/routing/route_set.rb:906:in `call'
railties (8.1.3) lib/rails/engine/lazy_route_set.rb:60:in `call'
rails_event_store (2.18.0) lib/rails_event_store/middleware.rb:11:in `block in call'
rails_event_store (2.18.0) lib/rails_event_store/client.rb:85:in `block in with_request_metadata'
ruby_event_store (2.18.0) lib/ruby_event_store/client.rb:301:in `with_metadata'
rails_event_store (2.18.0) lib/rails_event_store/client.rb:85:in `with_request_metadata'
rails_event_store (2.18.0) lib/rails_event_store/middleware.rb:11:in `call'
rack (3.2.6) lib/rack/tempfile_reaper.rb:20:in `call'
rack (3.2.6) lib/rack/etag.rb:29:in `call'
rack (3.2.6) lib/rack/conditional_get.rb:44:in `call'
rack (3.2.6) lib/rack/head.rb:15:in `call'
actionpack (8.1.3) lib/action_dispatch/http/content_security_policy.rb:38:in `call'
rack-session (2.1.2) lib/rack/session/abstract/id.rb:274:in `context'
rack-session (2.1.2) lib/rack/session/abstract/id.rb:268:in `call'
actionpack (8.1.3) lib/action_dispatch/middleware/cookies.rb:708:in `call'
activerecord (8.1.3) lib/active_record/migration.rb:671:in `call'
actionpack (8.1.3) lib/action_dispatch/middleware/callbacks.rb:31:in `block in call'
activesupport (8.1.3) lib/active_support/callbacks.rb:101:in `run_callbacks'
actionpack (8.1.3) lib/action_dispatch/middleware/callbacks.rb:30:in `call'
actionpack (8.1.3) lib/action_dispatch/middleware/executor.rb:20:in `call'
actionpack (8.1.3) lib/action_dispatch/middleware/actionable_exceptions.rb:18:in `call'
actionpack (8.1.3) lib/action_dispatch/middleware/debug_exceptions.rb:31:in `call'
web-console (4.3.0) lib/web_console/middleware.rb:132:in `call_app'
web-console (4.3.0) lib/web_console/middleware.rb:28:in `block in call'
web-console (4.3.0) lib/web_console/middleware.rb:17:in `catch'
web-console (4.3.0) lib/web_console/middleware.rb:17:in `call'
actionpack (8.1.3) lib/action_dispatch/middleware/show_exceptions.rb:32:in `call'
railties (8.1.3) lib/rails/rack/logger.rb:41:in `call_app'
railties (8.1.3) lib/rails/rack/logger.rb:29:in `call'
propshaft (1.3.2) lib/propshaft/quiet_assets.rb:11:in `call'
actionpack (8.1.3) lib/action_dispatch/middleware/remote_ip.rb:98:in `call'
actionpack (8.1.3) lib/action_dispatch/middleware/request_id.rb:34:in `call'
rack (3.2.6) lib/rack/method_override.rb:28:in `call'
rack (3.2.6) lib/rack/runtime.rb:24:in `call'
activesupport (8.1.3) lib/active_support/cache/strategy/local_cache_middleware.rb:30:in `call'
actionpack (8.1.3) lib/action_dispatch/middleware/server_timing.rb:61:in `block in call'
actionpack (8.1.3) lib/action_dispatch/middleware/server_timing.rb:26:in `collect_events'
actionpack (8.1.3) lib/action_dispatch/middleware/server_timing.rb:60:in `call'
actionpack (8.1.3) lib/action_dispatch/middleware/executor.rb:20:in `call'
propshaft (1.3.2) lib/propshaft/server.rb:37:in `call'
actionpack (8.1.3) lib/action_dispatch/middleware/static.rb:27:in `call'
rack (3.2.6) lib/rack/sendfile.rb:131:in `call'
actionpack (8.1.3) lib/action_dispatch/middleware/host_authorization.rb:143:in `call'
railties (8.1.3) lib/rails/engine.rb:534:in `call'
puma (8.0.1) lib/puma/configuration.rb:305:in `call'
puma (8.0.1) lib/puma/response.rb:79:in `block in handle_request'
puma (8.0.1) lib/puma/thread_pool.rb:434:in `with_force_shutdown'
puma (8.0.1) lib/puma/response.rb:78:in `handle_request'
puma (8.0.1) lib/puma/server.rb:508:in `process_client'
puma (8.0.1) lib/puma/server.rb:263:in `block in run'
puma (8.0.1) lib/puma/thread_pool.rb:246:in `block in spawn_thread'
Started GET "/events/45" for 127.0.0.1 at 2026-05-06 10:57:31 +0530
Processing by EventsController#show as HTML
  Parameters: {"id"=>"45"}
  [1m[36mEvent Load (0.6ms)[0m  [1m[34mSELECT "events".* FROM "events" WHERE "events"."id" = 45 LIMIT 1 /*action='show',application='BillettoAssignment',controller='events'*/[0m
  ↳ app/controllers/events_controller.rb:49:in `set_event'
  Rendering layout layouts/application.html.erb
  Rendering events/show.html.erb within layouts/application
  Rendered events/show.html.erb within layouts/application (Duration: 2.1ms | GC: 0.2ms)
  Rendered layout layouts/application.html.erb (Duration: 2.8ms | GC: 0.2ms)
Completed 200 OK in 6ms (Views: 3.3ms | ActiveRecord: 0.6ms (1 query, 0 cached) | GC: 0.2ms)


Started POST "/events/45/downvote" for 127.0.0.1 at 2026-05-06 10:57:32 +0530
Processing by EventsController#downvote as TURBO_STREAM
  Parameters: {"authenticity_token"=>"[FILTERED]", "commit"=>"ðŸ‘Ž Downvote", "id"=>"45"}
HTTP Origin header (http://127.0.0.1:36595) didn't match request.base_url (http://localhost:3000)
Completed 422 Unprocessable Content in 1ms (ActiveRecord: 0.0ms (0 queries, 0 cached) | GC: 0.1ms)


  
ActionController::InvalidAuthenticityToken (HTTP Origin header (http://127.0.0.1:36595) didn't match request.base_url (http://localhost:3000)):
  
actionpack (8.1.3) lib/action_controller/metal/request_forgery_protection.rb:321:in `handle_unverified_request'
actionpack (8.1.3) lib/action_controller/metal/request_forgery_protection.rb:415:in `handle_unverified_request'
actionpack (8.1.3) lib/action_controller/metal/request_forgery_protection.rb:404:in `verify_authenticity_token'
activesupport (8.1.3) lib/active_support/callbacks.rb:362:in `block in make_lambda'
activesupport (8.1.3) lib/active_support/callbacks.rb:179:in `block in call'
actionpack (8.1.3) lib/abstract_controller/callbacks.rb:36:in `block (2 levels) in <module:Callbacks>'
activesupport (8.1.3) lib/active_support/callbacks.rb:180:in `call'
activesupport (8.1.3) lib/active_support/callbacks.rb:560:in `block in invoke_before'
activesupport (8.1.3) lib/active_support/callbacks.rb:560:in `each'
activesupport (8.1.3) lib/active_support/callbacks.rb:560:in `invoke_before'
activesupport (8.1.3) lib/active_support/callbacks.rb:119:in `block in run_callbacks'
activesupport (8.1.3) lib/active_support/callbacks.rb:141:in `run_callbacks'
actionpack (8.1.3) lib/abstract_controller/callbacks.rb:266:in `process_action'
actionpack (8.1.3) lib/action_controller/metal/rescue.rb:36:in `process_action'
actionpack (8.1.3) lib/action_controller/metal/instrumentation.rb:76:in `block in process_action'
activesupport (8.1.3) lib/active_support/notifications.rb:210:in `block in instrument'
activesupport (8.1.3) lib/active_support/notifications/instrumenter.rb:58:in `instrument'
activesupport (8.1.3) lib/active_support/notifications.rb:210:in `instrument'
actionpack (8.1.3) lib/action_controller/metal/instrumentation.rb:75:in `process_action'
actionpack (8.1.3) lib/action_controller/metal/params_wrapper.rb:259:in `process_action'
activerecord (8.1.3) lib/active_record/railties/controller_runtime.rb:39:in `process_action'
actionpack (8.1.3) lib/abstract_controller/base.rb:154:in `process'
actionview (8.1.3) lib/action_view/rendering.rb:40:in `process'
actionpack (8.1.3) lib/action_controller/metal.rb:252:in `dispatch'
actionpack (8.1.3) lib/action_controller/metal.rb:335:in `dispatch'
actionpack (8.1.3) lib/action_dispatch/routing/route_set.rb:65:in `dispatch'
actionpack (8.1.3) lib/action_dispatch/routing/route_set.rb:50:in `serve'
actionpack (8.1.3) lib/action_dispatch/journey/router.rb:35:in `block in serve'
actionpack (8.1.3) lib/action_dispatch/journey/router.rb:86:in `block in recognize'
actionpack (8.1.3) lib/action_dispatch/journey/router.rb:66:in `each'
actionpack (8.1.3) lib/action_dispatch/journey/router.rb:66:in `recognize'
actionpack (8.1.3) lib/action_dispatch/journey/router.rb:31:in `serve'
actionpack (8.1.3) lib/action_dispatch/routing/route_set.rb:906:in `call'
railties (8.1.3) lib/rails/engine/lazy_route_set.rb:60:in `call'
rails_event_store (2.18.0) lib/rails_event_store/middleware.rb:11:in `block in call'
rails_event_store (2.18.0) lib/rails_event_store/client.rb:85:in `block in with_request_metadata'
ruby_event_store (2.18.0) lib/ruby_event_store/client.rb:301:in `with_metadata'
rails_event_store (2.18.0) lib/rails_event_store/client.rb:85:in `with_request_metadata'
rails_event_store (2.18.0) lib/rails_event_store/middleware.rb:11:in `call'
rack (3.2.6) lib/rack/tempfile_reaper.rb:20:in `call'
rack (3.2.6) lib/rack/etag.rb:29:in `call'
rack (3.2.6) lib/rack/conditional_get.rb:44:in `call'
rack (3.2.6) lib/rack/head.rb:15:in `call'
actionpack (8.1.3) lib/action_dispatch/http/content_security_policy.rb:38:in `call'
rack-session (2.1.2) lib/rack/session/abstract/id.rb:274:in `context'
rack-session (2.1.2) lib/rack/session/abstract/id.rb:268:in `call'
actionpack (8.1.3) lib/action_dispatch/middleware/cookies.rb:708:in `call'
activerecord (8.1.3) lib/active_record/migration.rb:671:in `call'
actionpack (8.1.3) lib/action_dispatch/middleware/callbacks.rb:31:in `block in call'
activesupport (8.1.3) lib/active_support/callbacks.rb:101:in `run_callbacks'
actionpack (8.1.3) lib/action_dispatch/middleware/callbacks.rb:30:in `call'
actionpack (8.1.3) lib/action_dispatch/middleware/executor.rb:20:in `call'
actionpack (8.1.3) lib/action_dispatch/middleware/actionable_exceptions.rb:18:in `call'
actionpack (8.1.3) lib/action_dispatch/middleware/debug_exceptions.rb:31:in `call'
web-console (4.3.0) lib/web_console/middleware.rb:132:in `call_app'
web-console (4.3.0) lib/web_console/middleware.rb:28:in `block in call'
web-console (4.3.0) lib/web_console/middleware.rb:17:in `catch'
web-console (4.3.0) lib/web_console/middleware.rb:17:in `call'
actionpack (8.1.3) lib/action_dispatch/middleware/show_exceptions.rb:32:in `call'
railties (8.1.3) lib/rails/rack/logger.rb:41:in `call_app'
railties (8.1.3) lib/rails/rack/logger.rb:29:in `call'
propshaft (1.3.2) lib/propshaft/quiet_assets.rb:11:in `call'
actionpack (8.1.3) lib/action_dispatch/middleware/remote_ip.rb:98:in `call'
actionpack (8.1.3) lib/action_dispatch/middleware/request_id.rb:34:in `call'
rack (3.2.6) lib/rack/method_override.rb:28:in `call'
rack (3.2.6) lib/rack/runtime.rb:24:in `call'
activesupport (8.1.3) lib/active_support/cache/strategy/local_cache_middleware.rb:30:in `call'
actionpack (8.1.3) lib/action_dispatch/middleware/server_timing.rb:61:in `block in call'
actionpack (8.1.3) lib/action_dispatch/middleware/server_timing.rb:26:in `collect_events'
actionpack (8.1.3) lib/action_dispatch/middleware/server_timing.rb:60:in `call'
actionpack (8.1.3) lib/action_dispatch/middleware/executor.rb:20:in `call'
propshaft (1.3.2) lib/propshaft/server.rb:37:in `call'
actionpack (8.1.3) lib/action_dispatch/middleware/static.rb:27:in `call'
rack (3.2.6) lib/rack/sendfile.rb:131:in `call'
actionpack (8.1.3) lib/action_dispatch/middleware/host_authorization.rb:143:in `call'
railties (8.1.3) lib/rails/engine.rb:534:in `call'
puma (8.0.1) lib/puma/configuration.rb:305:in `call'
puma (8.0.1) lib/puma/response.rb:79:in `block in handle_request'
puma (8.0.1) lib/puma/thread_pool.rb:434:in `with_force_shutdown'
puma (8.0.1) lib/puma/response.rb:78:in `handle_request'
puma (8.0.1) lib/puma/server.rb:508:in `process_client'
puma (8.0.1) lib/puma/server.rb:263:in `block in run'
puma (8.0.1) lib/puma/thread_pool.rb:246:in `block in spawn_thread'
Started GET "/events/45" for 127.0.0.1 at 2026-05-06 10:57:32 +0530
Processing by EventsController#show as HTML
  Parameters: {"id"=>"45"}
  [1m[36mEvent Load (0.8ms)[0m  [1m[34mSELECT "events".* FROM "events" WHERE "events"."id" = 45 LIMIT 1 /*action='show',application='BillettoAssignment',controller='events'*/[0m
  ↳ app/controllers/events_controller.rb:49:in `set_event'
  Rendering layout layouts/application.html.erb
  Rendering events/show.html.erb within layouts/application
  Rendered events/show.html.erb within layouts/application (Duration: 2.4ms | GC: 0.2ms)
  Rendered layout layouts/application.html.erb (Duration: 3.5ms | GC: 0.2ms)
Completed 200 OK in 8ms (Views: 4.0ms | ActiveRecord: 0.8ms (1 query, 0 cached) | GC: 0.2ms)


Started GET "/events" for 127.0.0.1 at 2026-05-06 10:57:35 +0530
Processing by EventsController#index as HTML
  Rendering layout layouts/application.html.erb
  Rendering events/index.html.erb within layouts/application
  [1m[36mEvent Exists? (1.2ms)[0m  [1m[34mSELECT 1 AS one FROM "events" LIMIT 1 OFFSET 0 /*action='index',application='BillettoAssignment',controller='events'*/[0m
  ↳ app/views/events/index.html.erb:11
  [1m[36mEvent Load (1.2ms)[0m  [1m[34mSELECT "events".* FROM "events" ORDER BY "events"."start_date" ASC LIMIT 12 OFFSET 0 /*action='index',application='BillettoAssignment',controller='events'*/[0m
  ↳ app/views/events/index.html.erb:22
  [1m[36mEvent Count (1.1ms)[0m  [1m[34mSELECT COUNT(*) FROM "events" /*action='index',application='BillettoAssignment',controller='events'*/[0m
  ↳ app/views/events/index.html.erb:78
  Rendered events/index.html.erb within layouts/application (Duration: 37.7ms | GC: 0.9ms)
  Rendered layout layouts/application.html.erb (Duration: 40.5ms | GC: 0.9ms)
Completed 200 OK in 47ms (Views: 38.7ms | ActiveRecord: 3.5ms (3 queries, 0 cached) | GC: 0.9ms)


Started GET "/events/41" for 127.0.0.1 at 2026-05-06 10:57:37 +0530
Processing by EventsController#show as HTML
  Parameters: {"id"=>"41"}
  [1m[36mEvent Load (1.9ms)[0m  [1m[34mSELECT "events".* FROM "events" WHERE "events"."id" = 41 LIMIT 1 /*action='show',application='BillettoAssignment',controller='events'*/[0m
  ↳ app/controllers/events_controller.rb:49:in `set_event'
  Rendering layout layouts/application.html.erb
  Rendering events/show.html.erb within layouts/application
  Rendered events/show.html.erb within layouts/application (Duration: 8.8ms | GC: 0.8ms)
  Rendered layout layouts/application.html.erb (Duration: 12.8ms | GC: 0.8ms)
Completed 200 OK in 24ms (Views: 14.5ms | ActiveRecord: 1.8ms (1 query, 0 cached) | GC: 0.8ms)


Started POST "/events/41/downvote" for 127.0.0.1 at 2026-05-06 10:57:39 +0530
Processing by EventsController#downvote as TURBO_STREAM
  Parameters: {"authenticity_token"=>"[FILTERED]", "commit"=>"👎 Downvote", "id"=>"41"}
HTTP Origin header (http://127.0.0.1:36595) didn't match request.base_url (http://localhost:3000)
Completed 422 Unprocessable Content in 2ms (ActiveRecord: 0.0ms (0 queries, 0 cached) | GC: 0.0ms)


  
ActionController::InvalidAuthenticityToken (HTTP Origin header (http://127.0.0.1:36595) didn't match request.base_url (http://localhost:3000)):
  
actionpack (8.1.3) lib/action_controller/metal/request_forgery_protection.rb:321:in `handle_unverified_request'
actionpack (8.1.3) lib/action_controller/metal/request_forgery_protection.rb:415:in `handle_unverified_request'
actionpack (8.1.3) lib/action_controller/metal/request_forgery_protection.rb:404:in `verify_authenticity_token'
activesupport (8.1.3) lib/active_support/callbacks.rb:362:in `block in make_lambda'
activesupport (8.1.3) lib/active_support/callbacks.rb:179:in `block in call'
actionpack (8.1.3) lib/abstract_controller/callbacks.rb:36:in `block (2 levels) in <module:Callbacks>'
activesupport (8.1.3) lib/active_support/callbacks.rb:180:in `call'
activesupport (8.1.3) lib/active_support/callbacks.rb:560:in `block in invoke_before'
activesupport (8.1.3) lib/active_support/callbacks.rb:560:in `each'
activesupport (8.1.3) lib/active_support/callbacks.rb:560:in `invoke_before'
activesupport (8.1.3) lib/active_support/callbacks.rb:119:in `block in run_callbacks'
activesupport (8.1.3) lib/active_support/callbacks.rb:141:in `run_callbacks'
actionpack (8.1.3) lib/abstract_controller/callbacks.rb:266:in `process_action'
actionpack (8.1.3) lib/action_controller/metal/rescue.rb:36:in `process_action'
actionpack (8.1.3) lib/action_controller/metal/instrumentation.rb:76:in `block in process_action'
activesupport (8.1.3) lib/active_support/notifications.rb:210:in `block in instrument'
activesupport (8.1.3) lib/active_support/notifications/instrumenter.rb:58:in `instrument'
activesupport (8.1.3) lib/active_support/notifications.rb:210:in `instrument'
actionpack (8.1.3) lib/action_controller/metal/instrumentation.rb:75:in `process_action'
actionpack (8.1.3) lib/action_controller/metal/params_wrapper.rb:259:in `process_action'
activerecord (8.1.3) lib/active_record/railties/controller_runtime.rb:39:in `process_action'
actionpack (8.1.3) lib/abstract_controller/base.rb:154:in `process'
actionview (8.1.3) lib/action_view/rendering.rb:40:in `process'
actionpack (8.1.3) lib/action_controller/metal.rb:252:in `dispatch'
actionpack (8.1.3) lib/action_controller/metal.rb:335:in `dispatch'
actionpack (8.1.3) lib/action_dispatch/routing/route_set.rb:65:in `dispatch'
actionpack (8.1.3) lib/action_dispatch/routing/route_set.rb:50:in `serve'
actionpack (8.1.3) lib/action_dispatch/journey/router.rb:35:in `block in serve'
actionpack (8.1.3) lib/action_dispatch/journey/router.rb:86:in `block in recognize'
actionpack (8.1.3) lib/action_dispatch/journey/router.rb:66:in `each'
actionpack (8.1.3) lib/action_dispatch/journey/router.rb:66:in `recognize'
actionpack (8.1.3) lib/action_dispatch/journey/router.rb:31:in `serve'
actionpack (8.1.3) lib/action_dispatch/routing/route_set.rb:906:in `call'
railties (8.1.3) lib/rails/engine/lazy_route_set.rb:60:in `call'
rails_event_store (2.18.0) lib/rails_event_store/middleware.rb:11:in `block in call'
rails_event_store (2.18.0) lib/rails_event_store/client.rb:85:in `block in with_request_metadata'
ruby_event_store (2.18.0) lib/ruby_event_store/client.rb:301:in `with_metadata'
rails_event_store (2.18.0) lib/rails_event_store/client.rb:85:in `with_request_metadata'
rails_event_store (2.18.0) lib/rails_event_store/middleware.rb:11:in `call'
rack (3.2.6) lib/rack/tempfile_reaper.rb:20:in `call'
rack (3.2.6) lib/rack/etag.rb:29:in `call'
rack (3.2.6) lib/rack/conditional_get.rb:44:in `call'
rack (3.2.6) lib/rack/head.rb:15:in `call'
actionpack (8.1.3) lib/action_dispatch/http/content_security_policy.rb:38:in `call'
rack-session (2.1.2) lib/rack/session/abstract/id.rb:274:in `context'
rack-session (2.1.2) lib/rack/session/abstract/id.rb:268:in `call'
actionpack (8.1.3) lib/action_dispatch/middleware/cookies.rb:708:in `call'
activerecord (8.1.3) lib/active_record/migration.rb:671:in `call'
actionpack (8.1.3) lib/action_dispatch/middleware/callbacks.rb:31:in `block in call'
activesupport (8.1.3) lib/active_support/callbacks.rb:101:in `run_callbacks'
actionpack (8.1.3) lib/action_dispatch/middleware/callbacks.rb:30:in `call'
actionpack (8.1.3) lib/action_dispatch/middleware/executor.rb:20:in `call'
actionpack (8.1.3) lib/action_dispatch/middleware/actionable_exceptions.rb:18:in `call'
actionpack (8.1.3) lib/action_dispatch/middleware/debug_exceptions.rb:31:in `call'
web-console (4.3.0) lib/web_console/middleware.rb:132:in `call_app'
web-console (4.3.0) lib/web_console/middleware.rb:28:in `block in call'
web-console (4.3.0) lib/web_console/middleware.rb:17:in `catch'
web-console (4.3.0) lib/web_console/middleware.rb:17:in `call'
actionpack (8.1.3) lib/action_dispatch/middleware/show_exceptions.rb:32:in `call'
railties (8.1.3) lib/rails/rack/logger.rb:41:in `call_app'
railties (8.1.3) lib/rails/rack/logger.rb:29:in `call'
propshaft (1.3.2) lib/propshaft/quiet_assets.rb:11:in `call'
actionpack (8.1.3) lib/action_dispatch/middleware/remote_ip.rb:98:in `call'
actionpack (8.1.3) lib/action_dispatch/middleware/request_id.rb:34:in `call'
rack (3.2.6) lib/rack/method_override.rb:28:in `call'
rack (3.2.6) lib/rack/runtime.rb:24:in `call'
activesupport (8.1.3) lib/active_support/cache/strategy/local_cache_middleware.rb:30:in `call'
actionpack (8.1.3) lib/action_dispatch/middleware/server_timing.rb:61:in `block in call'
actionpack (8.1.3) lib/action_dispatch/middleware/server_timing.rb:26:in `collect_events'
actionpack (8.1.3) lib/action_dispatch/middleware/server_timing.rb:60:in `call'
actionpack (8.1.3) lib/action_dispatch/middleware/executor.rb:20:in `call'
propshaft (1.3.2) lib/propshaft/server.rb:37:in `call'
actionpack (8.1.3) lib/action_dispatch/middleware/static.rb:27:in `call'
rack (3.2.6) lib/rack/sendfile.rb:131:in `call'
actionpack (8.1.3) lib/action_dispatch/middleware/host_authorization.rb:143:in `call'
railties (8.1.3) lib/rails/engine.rb:534:in `call'
puma (8.0.1) lib/puma/configuration.rb:305:in `call'
puma (8.0.1) lib/puma/response.rb:79:in `block in handle_request'
puma (8.0.1) lib/puma/thread_pool.rb:434:in `with_force_shutdown'
puma (8.0.1) lib/puma/response.rb:78:in `handle_request'
puma (8.0.1) lib/puma/server.rb:508:in `process_client'
puma (8.0.1) lib/puma/server.rb:263:in `block in run'
puma (8.0.1) lib/puma/thread_pool.rb:246:in `block in spawn_thread'
Started GET "/events/41" for 127.0.0.1 at 2026-05-06 10:57:39 +0530
Processing by EventsController#show as HTML
  Parameters: {"id"=>"41"}
  [1m[36mEvent Load (0.5ms)[0m  [1m[34mSELECT "events".* FROM "events" WHERE "events"."id" = 41 LIMIT 1 /*action='show',application='BillettoAssignment',controller='events'*/[0m
  ↳ app/controllers/events_controller.rb:49:in `set_event'
  Rendering layout layouts/application.html.erb
  Rendering events/show.html.erb within layouts/application
  Rendered events/show.html.erb within layouts/application (Duration: 2.1ms | GC: 0.0ms)
  Rendered layout layouts/application.html.erb (Duration: 3.0ms | GC: 0.0ms)
Completed 200 OK in 6ms (Views: 3.6ms | ActiveRecord: 0.5ms (1 query, 0 cached) | GC: 0.0ms)


Started POST "/events/41/upvote" for 127.0.0.1 at 2026-05-06 10:57:41 +0530
Processing by EventsController#upvote as TURBO_STREAM
  Parameters: {"authenticity_token"=>"[FILTERED]", "commit"=>"ðŸ‘\u008D Upvote", "id"=>"41"}
HTTP Origin header (http://127.0.0.1:36595) didn't match request.base_url (http://localhost:3000)
Completed 422 Unprocessable Content in 2ms (ActiveRecord: 0.0ms (0 queries, 0 cached) | GC: 0.0ms)


  
ActionController::InvalidAuthenticityToken (HTTP Origin header (http://127.0.0.1:36595) didn't match request.base_url (http://localhost:3000)):
  
actionpack (8.1.3) lib/action_controller/metal/request_forgery_protection.rb:321:in `handle_unverified_request'
actionpack (8.1.3) lib/action_controller/metal/request_forgery_protection.rb:415:in `handle_unverified_request'
actionpack (8.1.3) lib/action_controller/metal/request_forgery_protection.rb:404:in `verify_authenticity_token'
activesupport (8.1.3) lib/active_support/callbacks.rb:362:in `block in make_lambda'
activesupport (8.1.3) lib/active_support/callbacks.rb:179:in `block in call'
actionpack (8.1.3) lib/abstract_controller/callbacks.rb:36:in `block (2 levels) in <module:Callbacks>'
activesupport (8.1.3) lib/active_support/callbacks.rb:180:in `call'
activesupport (8.1.3) lib/active_support/callbacks.rb:560:in `block in invoke_before'
activesupport (8.1.3) lib/active_support/callbacks.rb:560:in `each'
activesupport (8.1.3) lib/active_support/callbacks.rb:560:in `invoke_before'
activesupport (8.1.3) lib/active_support/callbacks.rb:119:in `block in run_callbacks'
activesupport (8.1.3) lib/active_support/callbacks.rb:141:in `run_callbacks'
actionpack (8.1.3) lib/abstract_controller/callbacks.rb:266:in `process_action'
actionpack (8.1.3) lib/action_controller/metal/rescue.rb:36:in `process_action'
actionpack (8.1.3) lib/action_controller/metal/instrumentation.rb:76:in `block in process_action'
activesupport (8.1.3) lib/active_support/notifications.rb:210:in `block in instrument'
activesupport (8.1.3) lib/active_support/notifications/instrumenter.rb:58:in `instrument'
activesupport (8.1.3) lib/active_support/notifications.rb:210:in `instrument'
actionpack (8.1.3) lib/action_controller/metal/instrumentation.rb:75:in `process_action'
actionpack (8.1.3) lib/action_controller/metal/params_wrapper.rb:259:in `process_action'
activerecord (8.1.3) lib/active_record/railties/controller_runtime.rb:39:in `process_action'
actionpack (8.1.3) lib/abstract_controller/base.rb:154:in `process'
actionview (8.1.3) lib/action_view/rendering.rb:40:in `process'
actionpack (8.1.3) lib/action_controller/metal.rb:252:in `dispatch'
actionpack (8.1.3) lib/action_controller/metal.rb:335:in `dispatch'
actionpack (8.1.3) lib/action_dispatch/routing/route_set.rb:65:in `dispatch'
actionpack (8.1.3) lib/action_dispatch/routing/route_set.rb:50:in `serve'
actionpack (8.1.3) lib/action_dispatch/journey/router.rb:35:in `block in serve'
actionpack (8.1.3) lib/action_dispatch/journey/router.rb:86:in `block in recognize'
actionpack (8.1.3) lib/action_dispatch/journey/router.rb:66:in `each'
actionpack (8.1.3) lib/action_dispatch/journey/router.rb:66:in `recognize'
actionpack (8.1.3) lib/action_dispatch/journey/router.rb:31:in `serve'
actionpack (8.1.3) lib/action_dispatch/routing/route_set.rb:906:in `call'
railties (8.1.3) lib/rails/engine/lazy_route_set.rb:60:in `call'
rails_event_store (2.18.0) lib/rails_event_store/middleware.rb:11:in `block in call'
rails_event_store (2.18.0) lib/rails_event_store/client.rb:85:in `block in with_request_metadata'
ruby_event_store (2.18.0) lib/ruby_event_store/client.rb:301:in `with_metadata'
rails_event_store (2.18.0) lib/rails_event_store/client.rb:85:in `with_request_metadata'
rails_event_store (2.18.0) lib/rails_event_store/middleware.rb:11:in `call'
rack (3.2.6) lib/rack/tempfile_reaper.rb:20:in `call'
rack (3.2.6) lib/rack/etag.rb:29:in `call'
rack (3.2.6) lib/rack/conditional_get.rb:44:in `call'
rack (3.2.6) lib/rack/head.rb:15:in `call'
actionpack (8.1.3) lib/action_dispatch/http/content_security_policy.rb:38:in `call'
rack-session (2.1.2) lib/rack/session/abstract/id.rb:274:in `context'
rack-session (2.1.2) lib/rack/session/abstract/id.rb:268:in `call'
actionpack (8.1.3) lib/action_dispatch/middleware/cookies.rb:708:in `call'
activerecord (8.1.3) lib/active_record/migration.rb:671:in `call'
actionpack (8.1.3) lib/action_dispatch/middleware/callbacks.rb:31:in `block in call'
activesupport (8.1.3) lib/active_support/callbacks.rb:101:in `run_callbacks'
actionpack (8.1.3) lib/action_dispatch/middleware/callbacks.rb:30:in `call'
actionpack (8.1.3) lib/action_dispatch/middleware/executor.rb:20:in `call'
actionpack (8.1.3) lib/action_dispatch/middleware/actionable_exceptions.rb:18:in `call'
actionpack (8.1.3) lib/action_dispatch/middleware/debug_exceptions.rb:31:in `call'
web-console (4.3.0) lib/web_console/middleware.rb:132:in `call_app'
web-console (4.3.0) lib/web_console/middleware.rb:28:in `block in call'
web-console (4.3.0) lib/web_console/middleware.rb:17:in `catch'
web-console (4.3.0) lib/web_console/middleware.rb:17:in `call'
actionpack (8.1.3) lib/action_dispatch/middleware/show_exceptions.rb:32:in `call'
railties (8.1.3) lib/rails/rack/logger.rb:41:in `call_app'
railties (8.1.3) lib/rails/rack/logger.rb:29:in `call'
propshaft (1.3.2) lib/propshaft/quiet_assets.rb:11:in `call'
actionpack (8.1.3) lib/action_dispatch/middleware/remote_ip.rb:98:in `call'
actionpack (8.1.3) lib/action_dispatch/middleware/request_id.rb:34:in `call'
rack (3.2.6) lib/rack/method_override.rb:28:in `call'
rack (3.2.6) lib/rack/runtime.rb:24:in `call'
activesupport (8.1.3) lib/active_support/cache/strategy/local_cache_middleware.rb:30:in `call'
actionpack (8.1.3) lib/action_dispatch/middleware/server_timing.rb:61:in `block in call'
actionpack (8.1.3) lib/action_dispatch/middleware/server_timing.rb:26:in `collect_events'
actionpack (8.1.3) lib/action_dispatch/middleware/server_timing.rb:60:in `call'
actionpack (8.1.3) lib/action_dispatch/middleware/executor.rb:20:in `call'
propshaft (1.3.2) lib/propshaft/server.rb:37:in `call'
actionpack (8.1.3) lib/action_dispatch/middleware/static.rb:27:in `call'
rack (3.2.6) lib/rack/sendfile.rb:131:in `call'
actionpack (8.1.3) lib/action_dispatch/middleware/host_authorization.rb:143:in `call'
railties (8.1.3) lib/rails/engine.rb:534:in `call'
puma (8.0.1) lib/puma/configuration.rb:305:in `call'
puma (8.0.1) lib/puma/response.rb:79:in `block in handle_request'
puma (8.0.1) lib/puma/thread_pool.rb:434:in `with_force_shutdown'
puma (8.0.1) lib/puma/response.rb:78:in `handle_request'
puma (8.0.1) lib/puma/server.rb:508:in `process_client'
puma (8.0.1) lib/puma/server.rb:263:in `block in run'
puma (8.0.1) lib/puma/thread_pool.rb:246:in `block in spawn_thread'
Started GET "/events/41" for 127.0.0.1 at 2026-05-06 10:57:41 +0530
Processing by EventsController#show as HTML
  Parameters: {"id"=>"41"}
  [1m[36mEvent Load (0.5ms)[0m  [1m[34mSELECT "events".* FROM "events" WHERE "events"."id" = 41 LIMIT 1 /*action='show',application='BillettoAssignment',controller='events'*/[0m
  ↳ app/controllers/events_controller.rb:49:in `set_event'
  Rendering layout layouts/application.html.erb
  Rendering events/show.html.erb within layouts/application
  Rendered events/show.html.erb within layouts/application (Duration: 2.6ms | GC: 0.0ms)
  Rendered layout layouts/application.html.erb (Duration: 3.7ms | GC: 0.0ms)
Completed 200 OK in 7ms (Views: 4.3ms | ActiveRecord: 0.5ms (1 query, 0 cached) | GC: 0.2ms)


Started GET "/" for 127.0.0.1 at 2026-05-06 10:58:28 +0530
Processing by EventsController#index as HTML
  Rendering layout layouts/application.html.erb
  Rendering events/index.html.erb within layouts/application
  [1m[36mEvent Exists? (0.5ms)[0m  [1m[34mSELECT 1 AS one FROM "events" LIMIT 1 OFFSET 0 /*action='index',application='BillettoAssignment',controller='events'*/[0m
  ↳ app/views/events/index.html.erb:11
  [1m[36mEvent Load (1.2ms)[0m  [1m[34mSELECT "events".* FROM "events" ORDER BY "events"."start_date" ASC LIMIT 12 OFFSET 0 /*action='index',application='BillettoAssignment',controller='events'*/[0m
  ↳ app/views/events/index.html.erb:22
  [1m[36mEvent Count (0.5ms)[0m  [1m[34mSELECT COUNT(*) FROM "events" /*action='index',application='BillettoAssignment',controller='events'*/[0m
  ↳ app/views/events/index.html.erb:76
  Rendered events/index.html.erb within layouts/application (Duration: 36.4ms | GC: 0.6ms)
  Rendered layout layouts/application.html.erb (Duration: 38.7ms | GC: 0.6ms)
Completed 200 OK in 50ms (Views: 36.4ms | ActiveRecord: 6.3ms (3 queries, 0 cached) | GC: 0.8ms)


Started GET "/events/1" for 127.0.0.1 at 2026-05-06 10:58:31 +0530
Processing by EventsController#show as HTML
  Parameters: {"id"=>"1"}
  [1m[36mEvent Load (0.5ms)[0m  [1m[34mSELECT "events".* FROM "events" WHERE "events"."id" = 1 LIMIT 1 /*action='show',application='BillettoAssignment',controller='events'*/[0m
  ↳ app/controllers/events_controller.rb:49:in `set_event'
  Rendering layout layouts/application.html.erb
  Rendering events/show.html.erb within layouts/application
  Rendered events/show.html.erb within layouts/application (Duration: 3.1ms | GC: 0.2ms)
  Rendered layout layouts/application.html.erb (Duration: 4.0ms | GC: 0.2ms)
Completed 200 OK in 7ms (Views: 4.4ms | ActiveRecord: 0.5ms (1 query, 0 cached) | GC: 0.2ms)


Started POST "/events/1/upvote" for 127.0.0.1 at 2026-05-06 10:58:32 +0530
Processing by EventsController#upvote as TURBO_STREAM
  Parameters: {"authenticity_token"=>"[FILTERED]", "commit"=>"ðŸ‘\u008D", "id"=>"1"}
HTTP Origin header (http://127.0.0.1:36595) didn't match request.base_url (http://localhost:3000)
Completed 422 Unprocessable Content in 1ms (ActiveRecord: 0.0ms (0 queries, 0 cached) | GC: 0.0ms)


  
ActionController::InvalidAuthenticityToken (HTTP Origin header (http://127.0.0.1:36595) didn't match request.base_url (http://localhost:3000)):
  
actionpack (8.1.3) lib/action_controller/metal/request_forgery_protection.rb:321:in `handle_unverified_request'
actionpack (8.1.3) lib/action_controller/metal/request_forgery_protection.rb:415:in `handle_unverified_request'
actionpack (8.1.3) lib/action_controller/metal/request_forgery_protection.rb:404:in `verify_authenticity_token'
activesupport (8.1.3) lib/active_support/callbacks.rb:362:in `block in make_lambda'
activesupport (8.1.3) lib/active_support/callbacks.rb:179:in `block in call'
actionpack (8.1.3) lib/abstract_controller/callbacks.rb:36:in `block (2 levels) in <module:Callbacks>'
activesupport (8.1.3) lib/active_support/callbacks.rb:180:in `call'
activesupport (8.1.3) lib/active_support/callbacks.rb:560:in `block in invoke_before'
activesupport (8.1.3) lib/active_support/callbacks.rb:560:in `each'
activesupport (8.1.3) lib/active_support/callbacks.rb:560:in `invoke_before'
activesupport (8.1.3) lib/active_support/callbacks.rb:119:in `block in run_callbacks'
activesupport (8.1.3) lib/active_support/callbacks.rb:141:in `run_callbacks'
actionpack (8.1.3) lib/abstract_controller/callbacks.rb:266:in `process_action'
actionpack (8.1.3) lib/action_controller/metal/rescue.rb:36:in `process_action'
actionpack (8.1.3) lib/action_controller/metal/instrumentation.rb:76:in `block in process_action'
activesupport (8.1.3) lib/active_support/notifications.rb:210:in `block in instrument'
activesupport (8.1.3) lib/active_support/notifications/instrumenter.rb:58:in `instrument'
activesupport (8.1.3) lib/active_support/notifications.rb:210:in `instrument'
actionpack (8.1.3) lib/action_controller/metal/instrumentation.rb:75:in `process_action'
actionpack (8.1.3) lib/action_controller/metal/params_wrapper.rb:259:in `process_action'
activerecord (8.1.3) lib/active_record/railties/controller_runtime.rb:39:in `process_action'
actionpack (8.1.3) lib/abstract_controller/base.rb:154:in `process'
actionview (8.1.3) lib/action_view/rendering.rb:40:in `process'
actionpack (8.1.3) lib/action_controller/metal.rb:252:in `dispatch'
actionpack (8.1.3) lib/action_controller/metal.rb:335:in `dispatch'
actionpack (8.1.3) lib/action_dispatch/routing/route_set.rb:65:in `dispatch'
actionpack (8.1.3) lib/action_dispatch/routing/route_set.rb:50:in `serve'
actionpack (8.1.3) lib/action_dispatch/journey/router.rb:35:in `block in serve'
actionpack (8.1.3) lib/action_dispatch/journey/router.rb:86:in `block in recognize'
actionpack (8.1.3) lib/action_dispatch/journey/router.rb:66:in `each'
actionpack (8.1.3) lib/action_dispatch/journey/router.rb:66:in `recognize'
actionpack (8.1.3) lib/action_dispatch/journey/router.rb:31:in `serve'
actionpack (8.1.3) lib/action_dispatch/routing/route_set.rb:906:in `call'
railties (8.1.3) lib/rails/engine/lazy_route_set.rb:60:in `call'
rails_event_store (2.18.0) lib/rails_event_store/middleware.rb:11:in `block in call'
rails_event_store (2.18.0) lib/rails_event_store/client.rb:85:in `block in with_request_metadata'
ruby_event_store (2.18.0) lib/ruby_event_store/client.rb:301:in `with_metadata'
rails_event_store (2.18.0) lib/rails_event_store/client.rb:85:in `with_request_metadata'
rails_event_store (2.18.0) lib/rails_event_store/middleware.rb:11:in `call'
rack (3.2.6) lib/rack/tempfile_reaper.rb:20:in `call'
rack (3.2.6) lib/rack/etag.rb:29:in `call'
rack (3.2.6) lib/rack/conditional_get.rb:44:in `call'
rack (3.2.6) lib/rack/head.rb:15:in `call'
actionpack (8.1.3) lib/action_dispatch/http/content_security_policy.rb:38:in `call'
rack-session (2.1.2) lib/rack/session/abstract/id.rb:274:in `context'
rack-session (2.1.2) lib/rack/session/abstract/id.rb:268:in `call'
actionpack (8.1.3) lib/action_dispatch/middleware/cookies.rb:708:in `call'
activerecord (8.1.3) lib/active_record/migration.rb:671:in `call'
actionpack (8.1.3) lib/action_dispatch/middleware/callbacks.rb:31:in `block in call'
activesupport (8.1.3) lib/active_support/callbacks.rb:101:in `run_callbacks'
actionpack (8.1.3) lib/action_dispatch/middleware/callbacks.rb:30:in `call'
actionpack (8.1.3) lib/action_dispatch/middleware/executor.rb:20:in `call'
actionpack (8.1.3) lib/action_dispatch/middleware/actionable_exceptions.rb:18:in `call'
actionpack (8.1.3) lib/action_dispatch/middleware/debug_exceptions.rb:31:in `call'
web-console (4.3.0) lib/web_console/middleware.rb:132:in `call_app'
web-console (4.3.0) lib/web_console/middleware.rb:28:in `block in call'
web-console (4.3.0) lib/web_console/middleware.rb:17:in `catch'
web-console (4.3.0) lib/web_console/middleware.rb:17:in `call'
actionpack (8.1.3) lib/action_dispatch/middleware/show_exceptions.rb:32:in `call'
railties (8.1.3) lib/rails/rack/logger.rb:41:in `call_app'
railties (8.1.3) lib/rails/rack/logger.rb:29:in `call'
propshaft (1.3.2) lib/propshaft/quiet_assets.rb:11:in `call'
actionpack (8.1.3) lib/action_dispatch/middleware/remote_ip.rb:98:in `call'
actionpack (8.1.3) lib/action_dispatch/middleware/request_id.rb:34:in `call'
rack (3.2.6) lib/rack/method_override.rb:28:in `call'
rack (3.2.6) lib/rack/runtime.rb:24:in `call'
activesupport (8.1.3) lib/active_support/cache/strategy/local_cache_middleware.rb:30:in `call'
actionpack (8.1.3) lib/action_dispatch/middleware/server_timing.rb:61:in `block in call'
actionpack (8.1.3) lib/action_dispatch/middleware/server_timing.rb:26:in `collect_events'
actionpack (8.1.3) lib/action_dispatch/middleware/server_timing.rb:60:in `call'
actionpack (8.1.3) lib/action_dispatch/middleware/executor.rb:20:in `call'
propshaft (1.3.2) lib/propshaft/server.rb:37:in `call'
actionpack (8.1.3) lib/action_dispatch/middleware/static.rb:27:in `call'
rack (3.2.6) lib/rack/sendfile.rb:131:in `call'
actionpack (8.1.3) lib/action_dispatch/middleware/host_authorization.rb:143:in `call'
railties (8.1.3) lib/rails/engine.rb:534:in `call'
puma (8.0.1) lib/puma/configuration.rb:305:in `call'
puma (8.0.1) lib/puma/response.rb:79:in `block in handle_request'
puma (8.0.1) lib/puma/thread_pool.rb:434:in `with_force_shutdown'
puma (8.0.1) lib/puma/response.rb:78:in `handle_request'
puma (8.0.1) lib/puma/server.rb:508:in `process_client'
puma (8.0.1) lib/puma/server.rb:263:in `block in run'
puma (8.0.1) lib/puma/thread_pool.rb:246:in `block in spawn_thread'
Started GET "/" for 127.0.0.1 at 2026-05-06 10:58:32 +0530
Processing by EventsController#index as HTML
  Rendering layout layouts/application.html.erb
  Rendering events/index.html.erb within layouts/application
  [1m[36mEvent Exists? (0.4ms)[0m  [1m[34mSELECT 1 AS one FROM "events" LIMIT 1 OFFSET 0 /*action='index',application='BillettoAssignment',controller='events'*/[0m
  ↳ app/views/events/index.html.erb:11
  [1m[36mEvent Load (0.4ms)[0m  [1m[34mSELECT "events".* FROM "events" ORDER BY "events"."start_date" ASC LIMIT 12 OFFSET 0 /*action='index',application='BillettoAssignment',controller='events'*/[0m
  ↳ app/views/events/index.html.erb:22
  [1m[36mEvent Count (0.3ms)[0m  [1m[34mSELECT COUNT(*) FROM "events" /*action='index',application='BillettoAssignment',controller='events'*/[0m
  ↳ app/views/events/index.html.erb:76
  Rendered events/index.html.erb within layouts/application (Duration: 16.7ms | GC: 0.5ms)
  Rendered layout layouts/application.html.erb (Duration: 17.4ms | GC: 0.5ms)
Completed 200 OK in 19ms (Views: 16.7ms | ActiveRecord: 1.1ms (3 queries, 0 cached) | GC: 0.5ms)


Started POST "/events/1/upvote" for 127.0.0.1 at 2026-05-06 10:58:34 +0530
Processing by EventsController#upvote as TURBO_STREAM
  Parameters: {"authenticity_token"=>"[FILTERED]", "commit"=>"ðŸ‘\u008D", "id"=>"1"}
HTTP Origin header (http://127.0.0.1:36595) didn't match request.base_url (http://localhost:3000)
Completed 422 Unprocessable Content in 2ms (ActiveRecord: 0.0ms (0 queries, 0 cached) | GC: 0.0ms)


  
ActionController::InvalidAuthenticityToken (HTTP Origin header (http://127.0.0.1:36595) didn't match request.base_url (http://localhost:3000)):
  
actionpack (8.1.3) lib/action_controller/metal/request_forgery_protection.rb:321:in `handle_unverified_request'
actionpack (8.1.3) lib/action_controller/metal/request_forgery_protection.rb:415:in `handle_unverified_request'
actionpack (8.1.3) lib/action_controller/metal/request_forgery_protection.rb:404:in `verify_authenticity_token'
activesupport (8.1.3) lib/active_support/callbacks.rb:362:in `block in make_lambda'
activesupport (8.1.3) lib/active_support/callbacks.rb:179:in `block in call'
actionpack (8.1.3) lib/abstract_controller/callbacks.rb:36:in `block (2 levels) in <module:Callbacks>'
activesupport (8.1.3) lib/active_support/callbacks.rb:180:in `call'
activesupport (8.1.3) lib/active_support/callbacks.rb:560:in `block in invoke_before'
activesupport (8.1.3) lib/active_support/callbacks.rb:560:in `each'
activesupport (8.1.3) lib/active_support/callbacks.rb:560:in `invoke_before'
activesupport (8.1.3) lib/active_support/callbacks.rb:119:in `block in run_callbacks'
activesupport (8.1.3) lib/active_support/callbacks.rb:141:in `run_callbacks'
actionpack (8.1.3) lib/abstract_controller/callbacks.rb:266:in `process_action'
actionpack (8.1.3) lib/action_controller/metal/rescue.rb:36:in `process_action'
actionpack (8.1.3) lib/action_controller/metal/instrumentation.rb:76:in `block in process_action'
activesupport (8.1.3) lib/active_support/notifications.rb:210:in `block in instrument'
activesupport (8.1.3) lib/active_support/notifications/instrumenter.rb:58:in `instrument'
activesupport (8.1.3) lib/active_support/notifications.rb:210:in `instrument'
actionpack (8.1.3) lib/action_controller/metal/instrumentation.rb:75:in `process_action'
actionpack (8.1.3) lib/action_controller/metal/params_wrapper.rb:259:in `process_action'
activerecord (8.1.3) lib/active_record/railties/controller_runtime.rb:39:in `process_action'
actionpack (8.1.3) lib/abstract_controller/base.rb:154:in `process'
actionview (8.1.3) lib/action_view/rendering.rb:40:in `process'
actionpack (8.1.3) lib/action_controller/metal.rb:252:in `dispatch'
actionpack (8.1.3) lib/action_controller/metal.rb:335:in `dispatch'
actionpack (8.1.3) lib/action_dispatch/routing/route_set.rb:65:in `dispatch'
actionpack (8.1.3) lib/action_dispatch/routing/route_set.rb:50:in `serve'
actionpack (8.1.3) lib/action_dispatch/journey/router.rb:35:in `block in serve'
actionpack (8.1.3) lib/action_dispatch/journey/router.rb:86:in `block in recognize'
actionpack (8.1.3) lib/action_dispatch/journey/router.rb:66:in `each'
actionpack (8.1.3) lib/action_dispatch/journey/router.rb:66:in `recognize'
actionpack (8.1.3) lib/action_dispatch/journey/router.rb:31:in `serve'
actionpack (8.1.3) lib/action_dispatch/routing/route_set.rb:906:in `call'
railties (8.1.3) lib/rails/engine/lazy_route_set.rb:60:in `call'
rails_event_store (2.18.0) lib/rails_event_store/middleware.rb:11:in `block in call'
rails_event_store (2.18.0) lib/rails_event_store/client.rb:85:in `block in with_request_metadata'
ruby_event_store (2.18.0) lib/ruby_event_store/client.rb:301:in `with_metadata'
rails_event_store (2.18.0) lib/rails_event_store/client.rb:85:in `with_request_metadata'
rails_event_store (2.18.0) lib/rails_event_store/middleware.rb:11:in `call'
rack (3.2.6) lib/rack/tempfile_reaper.rb:20:in `call'
rack (3.2.6) lib/rack/etag.rb:29:in `call'
rack (3.2.6) lib/rack/conditional_get.rb:44:in `call'
rack (3.2.6) lib/rack/head.rb:15:in `call'
actionpack (8.1.3) lib/action_dispatch/http/content_security_policy.rb:38:in `call'
rack-session (2.1.2) lib/rack/session/abstract/id.rb:274:in `context'
rack-session (2.1.2) lib/rack/session/abstract/id.rb:268:in `call'
actionpack (8.1.3) lib/action_dispatch/middleware/cookies.rb:708:in `call'
activerecord (8.1.3) lib/active_record/migration.rb:671:in `call'
actionpack (8.1.3) lib/action_dispatch/middleware/callbacks.rb:31:in `block in call'
activesupport (8.1.3) lib/active_support/callbacks.rb:101:in `run_callbacks'
actionpack (8.1.3) lib/action_dispatch/middleware/callbacks.rb:30:in `call'
actionpack (8.1.3) lib/action_dispatch/middleware/executor.rb:20:in `call'
actionpack (8.1.3) lib/action_dispatch/middleware/actionable_exceptions.rb:18:in `call'
actionpack (8.1.3) lib/action_dispatch/middleware/debug_exceptions.rb:31:in `call'
web-console (4.3.0) lib/web_console/middleware.rb:132:in `call_app'
web-console (4.3.0) lib/web_console/middleware.rb:28:in `block in call'
web-console (4.3.0) lib/web_console/middleware.rb:17:in `catch'
web-console (4.3.0) lib/web_console/middleware.rb:17:in `call'
actionpack (8.1.3) lib/action_dispatch/middleware/show_exceptions.rb:32:in `call'
railties (8.1.3) lib/rails/rack/logger.rb:41:in `call_app'
railties (8.1.3) lib/rails/rack/logger.rb:29:in `call'
propshaft (1.3.2) lib/propshaft/quiet_assets.rb:11:in `call'
actionpack (8.1.3) lib/action_dispatch/middleware/remote_ip.rb:98:in `call'
actionpack (8.1.3) lib/action_dispatch/middleware/request_id.rb:34:in `call'
rack (3.2.6) lib/rack/method_override.rb:28:in `call'
rack (3.2.6) lib/rack/runtime.rb:24:in `call'
activesupport (8.1.3) lib/active_support/cache/strategy/local_cache_middleware.rb:30:in `call'
actionpack (8.1.3) lib/action_dispatch/middleware/server_timing.rb:61:in `block in call'
actionpack (8.1.3) lib/action_dispatch/middleware/server_timing.rb:26:in `collect_events'
actionpack (8.1.3) lib/action_dispatch/middleware/server_timing.rb:60:in `call'
actionpack (8.1.3) lib/action_dispatch/middleware/executor.rb:20:in `call'
propshaft (1.3.2) lib/propshaft/server.rb:37:in `call'
actionpack (8.1.3) lib/action_dispatch/middleware/static.rb:27:in `call'
rack (3.2.6) lib/rack/sendfile.rb:131:in `call'
actionpack (8.1.3) lib/action_dispatch/middleware/host_authorization.rb:143:in `call'
railties (8.1.3) lib/rails/engine.rb:534:in `call'
puma (8.0.1) lib/puma/configuration.rb:305:in `call'
puma (8.0.1) lib/puma/response.rb:79:in `block in handle_request'
puma (8.0.1) lib/puma/thread_pool.rb:434:in `with_force_shutdown'
puma (8.0.1) lib/puma/response.rb:78:in `handle_request'
puma (8.0.1) lib/puma/server.rb:508:in `process_client'
puma (8.0.1) lib/puma/server.rb:263:in `block in run'
puma (8.0.1) lib/puma/thread_pool.rb:246:in `block in spawn_thread'
Started GET "/" for 127.0.0.1 at 2026-05-06 10:58:34 +0530
Processing by EventsController#index as HTML
  Rendering layout layouts/application.html.erb
  Rendering events/index.html.erb within layouts/application
  [1m[36mEvent Exists? (0.5ms)[0m  [1m[34mSELECT 1 AS one FROM "events" LIMIT 1 OFFSET 0 /*action='index',application='BillettoAssignment',controller='events'*/[0m
  ↳ app/views/events/index.html.erb:11
  [1m[36mEvent Load (0.5ms)[0m  [1m[34mSELECT "events".* FROM "events" ORDER BY "events"."start_date" ASC LIMIT 12 OFFSET 0 /*action='index',application='BillettoAssignment',controller='events'*/[0m
  ↳ app/views/events/index.html.erb:22
  [1m[36mEvent Count (0.3ms)[0m  [1m[34mSELECT COUNT(*) FROM "events" /*action='index',application='BillettoAssignment',controller='events'*/[0m
  ↳ app/views/events/index.html.erb:76
  Rendered events/index.html.erb within layouts/application (Duration: 14.6ms | GC: 0.0ms)
  Rendered layout layouts/application.html.erb (Duration: 15.5ms | GC: 0.0ms)
Completed 200 OK in 17ms (Views: 14.7ms | ActiveRecord: 1.3ms (3 queries, 0 cached) | GC: 0.0ms)


Started POST "/events/1/upvote" for 127.0.0.1 at 2026-05-06 10:58:36 +0530
Processing by EventsController#upvote as TURBO_STREAM
  Parameters: {"authenticity_token"=>"[FILTERED]", "commit"=>"ðŸ‘\u008D", "id"=>"1"}
HTTP Origin header (http://127.0.0.1:36595) didn't match request.base_url (http://localhost:3000)
Completed 422 Unprocessable Content in 2ms (ActiveRecord: 0.0ms (0 queries, 0 cached) | GC: 0.0ms)


  
ActionController::InvalidAuthenticityToken (HTTP Origin header (http://127.0.0.1:36595) didn't match request.base_url (http://localhost:3000)):
  
actionpack (8.1.3) lib/action_controller/metal/request_forgery_protection.rb:321:in `handle_unverified_request'
actionpack (8.1.3) lib/action_controller/metal/request_forgery_protection.rb:415:in `handle_unverified_request'
actionpack (8.1.3) lib/action_controller/metal/request_forgery_protection.rb:404:in `verify_authenticity_token'
activesupport (8.1.3) lib/active_support/callbacks.rb:362:in `block in make_lambda'
activesupport (8.1.3) lib/active_support/callbacks.rb:179:in `block in call'
actionpack (8.1.3) lib/abstract_controller/callbacks.rb:36:in `block (2 levels) in <module:Callbacks>'
activesupport (8.1.3) lib/active_support/callbacks.rb:180:in `call'
activesupport (8.1.3) lib/active_support/callbacks.rb:560:in `block in invoke_before'
activesupport (8.1.3) lib/active_support/callbacks.rb:560:in `each'
activesupport (8.1.3) lib/active_support/callbacks.rb:560:in `invoke_before'
activesupport (8.1.3) lib/active_support/callbacks.rb:119:in `block in run_callbacks'
activesupport (8.1.3) lib/active_support/callbacks.rb:141:in `run_callbacks'
actionpack (8.1.3) lib/abstract_controller/callbacks.rb:266:in `process_action'
actionpack (8.1.3) lib/action_controller/metal/rescue.rb:36:in `process_action'
actionpack (8.1.3) lib/action_controller/metal/instrumentation.rb:76:in `block in process_action'
activesupport (8.1.3) lib/active_support/notifications.rb:210:in `block in instrument'
activesupport (8.1.3) lib/active_support/notifications/instrumenter.rb:58:in `instrument'
activesupport (8.1.3) lib/active_support/notifications.rb:210:in `instrument'
actionpack (8.1.3) lib/action_controller/metal/instrumentation.rb:75:in `process_action'
actionpack (8.1.3) lib/action_controller/metal/params_wrapper.rb:259:in `process_action'
activerecord (8.1.3) lib/active_record/railties/controller_runtime.rb:39:in `process_action'
actionpack (8.1.3) lib/abstract_controller/base.rb:154:in `process'
actionview (8.1.3) lib/action_view/rendering.rb:40:in `process'
actionpack (8.1.3) lib/action_controller/metal.rb:252:in `dispatch'
actionpack (8.1.3) lib/action_controller/metal.rb:335:in `dispatch'
actionpack (8.1.3) lib/action_dispatch/routing/route_set.rb:65:in `dispatch'
actionpack (8.1.3) lib/action_dispatch/routing/route_set.rb:50:in `serve'
actionpack (8.1.3) lib/action_dispatch/journey/router.rb:35:in `block in serve'
actionpack (8.1.3) lib/action_dispatch/journey/router.rb:86:in `block in recognize'
actionpack (8.1.3) lib/action_dispatch/journey/router.rb:66:in `each'
actionpack (8.1.3) lib/action_dispatch/journey/router.rb:66:in `recognize'
actionpack (8.1.3) lib/action_dispatch/journey/router.rb:31:in `serve'
actionpack (8.1.3) lib/action_dispatch/routing/route_set.rb:906:in `call'
railties (8.1.3) lib/rails/engine/lazy_route_set.rb:60:in `call'
rails_event_store (2.18.0) lib/rails_event_store/middleware.rb:11:in `block in call'
rails_event_store (2.18.0) lib/rails_event_store/client.rb:85:in `block in with_request_metadata'
ruby_event_store (2.18.0) lib/ruby_event_store/client.rb:301:in `with_metadata'
rails_event_store (2.18.0) lib/rails_event_store/client.rb:85:in `with_request_metadata'
rails_event_store (2.18.0) lib/rails_event_store/middleware.rb:11:in `call'
rack (3.2.6) lib/rack/tempfile_reaper.rb:20:in `call'
rack (3.2.6) lib/rack/etag.rb:29:in `call'
rack (3.2.6) lib/rack/conditional_get.rb:44:in `call'
rack (3.2.6) lib/rack/head.rb:15:in `call'
actionpack (8.1.3) lib/action_dispatch/http/content_security_policy.rb:38:in `call'
rack-session (2.1.2) lib/rack/session/abstract/id.rb:274:in `context'
rack-session (2.1.2) lib/rack/session/abstract/id.rb:268:in `call'
actionpack (8.1.3) lib/action_dispatch/middleware/cookies.rb:708:in `call'
activerecord (8.1.3) lib/active_record/migration.rb:671:in `call'
actionpack (8.1.3) lib/action_dispatch/middleware/callbacks.rb:31:in `block in call'
activesupport (8.1.3) lib/active_support/callbacks.rb:101:in `run_callbacks'
actionpack (8.1.3) lib/action_dispatch/middleware/callbacks.rb:30:in `call'
actionpack (8.1.3) lib/action_dispatch/middleware/executor.rb:20:in `call'
actionpack (8.1.3) lib/action_dispatch/middleware/actionable_exceptions.rb:18:in `call'
actionpack (8.1.3) lib/action_dispatch/middleware/debug_exceptions.rb:31:in `call'
web-console (4.3.0) lib/web_console/middleware.rb:132:in `call_app'
web-console (4.3.0) lib/web_console/middleware.rb:28:in `block in call'
web-console (4.3.0) lib/web_console/middleware.rb:17:in `catch'
web-console (4.3.0) lib/web_console/middleware.rb:17:in `call'
actionpack (8.1.3) lib/action_dispatch/middleware/show_exceptions.rb:32:in `call'
railties (8.1.3) lib/rails/rack/logger.rb:41:in `call_app'
railties (8.1.3) lib/rails/rack/logger.rb:29:in `call'
propshaft (1.3.2) lib/propshaft/quiet_assets.rb:11:in `call'
actionpack (8.1.3) lib/action_dispatch/middleware/remote_ip.rb:98:in `call'
actionpack (8.1.3) lib/action_dispatch/middleware/request_id.rb:34:in `call'
rack (3.2.6) lib/rack/method_override.rb:28:in `call'
rack (3.2.6) lib/rack/runtime.rb:24:in `call'
activesupport (8.1.3) lib/active_support/cache/strategy/local_cache_middleware.rb:30:in `call'
actionpack (8.1.3) lib/action_dispatch/middleware/server_timing.rb:61:in `block in call'
actionpack (8.1.3) lib/action_dispatch/middleware/server_timing.rb:26:in `collect_events'
actionpack (8.1.3) lib/action_dispatch/middleware/server_timing.rb:60:in `call'
actionpack (8.1.3) lib/action_dispatch/middleware/executor.rb:20:in `call'
propshaft (1.3.2) lib/propshaft/server.rb:37:in `call'
actionpack (8.1.3) lib/action_dispatch/middleware/static.rb:27:in `call'
rack (3.2.6) lib/rack/sendfile.rb:131:in `call'
actionpack (8.1.3) lib/action_dispatch/middleware/host_authorization.rb:143:in `call'
railties (8.1.3) lib/rails/engine.rb:534:in `call'
puma (8.0.1) lib/puma/configuration.rb:305:in `call'
puma (8.0.1) lib/puma/response.rb:79:in `block in handle_request'
puma (8.0.1) lib/puma/thread_pool.rb:434:in `with_force_shutdown'
puma (8.0.1) lib/puma/response.rb:78:in `handle_request'
puma (8.0.1) lib/puma/server.rb:508:in `process_client'
puma (8.0.1) lib/puma/server.rb:263:in `block in run'
puma (8.0.1) lib/puma/thread_pool.rb:246:in `block in spawn_thread'
Started GET "/" for 127.0.0.1 at 2026-05-06 10:58:36 +0530
Processing by EventsController#index as HTML
  Rendering layout layouts/application.html.erb
  Rendering events/index.html.erb within layouts/application
  [1m[36mEvent Exists? (0.5ms)[0m  [1m[34mSELECT 1 AS one FROM "events" LIMIT 1 OFFSET 0 /*action='index',application='BillettoAssignment',controller='events'*/[0m
  ↳ app/views/events/index.html.erb:11
  [1m[36mEvent Load (0.5ms)[0m  [1m[34mSELECT "events".* FROM "events" ORDER BY "events"."start_date" ASC LIMIT 12 OFFSET 0 /*action='index',application='BillettoAssignment',controller='events'*/[0m
  ↳ app/views/events/index.html.erb:22
  [1m[36mEvent Count (0.3ms)[0m  [1m[34mSELECT COUNT(*) FROM "events" /*action='index',application='BillettoAssignment',controller='events'*/[0m
  ↳ app/views/events/index.html.erb:76
  Rendered events/index.html.erb within layouts/application (Duration: 17.4ms | GC: 3.0ms)
  Rendered layout layouts/application.html.erb (Duration: 18.2ms | GC: 3.0ms)
Completed 200 OK in 20ms (Views: 17.4ms | ActiveRecord: 1.3ms (3 queries, 0 cached) | GC: 3.0ms)


Started POST "/events/1/downvote" for 127.0.0.1 at 2026-05-06 10:58:38 +0530
Processing by EventsController#downvote as TURBO_STREAM
  Parameters: {"authenticity_token"=>"[FILTERED]", "commit"=>"ðŸ‘Ž", "id"=>"1"}
HTTP Origin header (http://127.0.0.1:36595) didn't match request.base_url (http://localhost:3000)
Completed 422 Unprocessable Content in 2ms (ActiveRecord: 0.0ms (0 queries, 0 cached) | GC: 0.0ms)


  
ActionController::InvalidAuthenticityToken (HTTP Origin header (http://127.0.0.1:36595) didn't match request.base_url (http://localhost:3000)):
  
actionpack (8.1.3) lib/action_controller/metal/request_forgery_protection.rb:321:in `handle_unverified_request'
actionpack (8.1.3) lib/action_controller/metal/request_forgery_protection.rb:415:in `handle_unverified_request'
actionpack (8.1.3) lib/action_controller/metal/request_forgery_protection.rb:404:in `verify_authenticity_token'
activesupport (8.1.3) lib/active_support/callbacks.rb:362:in `block in make_lambda'
activesupport (8.1.3) lib/active_support/callbacks.rb:179:in `block in call'
actionpack (8.1.3) lib/abstract_controller/callbacks.rb:36:in `block (2 levels) in <module:Callbacks>'
activesupport (8.1.3) lib/active_support/callbacks.rb:180:in `call'
activesupport (8.1.3) lib/active_support/callbacks.rb:560:in `block in invoke_before'
activesupport (8.1.3) lib/active_support/callbacks.rb:560:in `each'
activesupport (8.1.3) lib/active_support/callbacks.rb:560:in `invoke_before'
activesupport (8.1.3) lib/active_support/callbacks.rb:119:in `block in run_callbacks'
activesupport (8.1.3) lib/active_support/callbacks.rb:141:in `run_callbacks'
actionpack (8.1.3) lib/abstract_controller/callbacks.rb:266:in `process_action'
actionpack (8.1.3) lib/action_controller/metal/rescue.rb:36:in `process_action'
actionpack (8.1.3) lib/action_controller/metal/instrumentation.rb:76:in `block in process_action'
activesupport (8.1.3) lib/active_support/notifications.rb:210:in `block in instrument'
activesupport (8.1.3) lib/active_support/notifications/instrumenter.rb:58:in `instrument'
activesupport (8.1.3) lib/active_support/notifications.rb:210:in `instrument'
actionpack (8.1.3) lib/action_controller/metal/instrumentation.rb:75:in `process_action'
actionpack (8.1.3) lib/action_controller/metal/params_wrapper.rb:259:in `process_action'
activerecord (8.1.3) lib/active_record/railties/controller_runtime.rb:39:in `process_action'
actionpack (8.1.3) lib/abstract_controller/base.rb:154:in `process'
actionview (8.1.3) lib/action_view/rendering.rb:40:in `process'
actionpack (8.1.3) lib/action_controller/metal.rb:252:in `dispatch'
actionpack (8.1.3) lib/action_controller/metal.rb:335:in `dispatch'
actionpack (8.1.3) lib/action_dispatch/routing/route_set.rb:65:in `dispatch'
actionpack (8.1.3) lib/action_dispatch/routing/route_set.rb:50:in `serve'
actionpack (8.1.3) lib/action_dispatch/journey/router.rb:35:in `block in serve'
actionpack (8.1.3) lib/action_dispatch/journey/router.rb:86:in `block in recognize'
actionpack (8.1.3) lib/action_dispatch/journey/router.rb:66:in `each'
actionpack (8.1.3) lib/action_dispatch/journey/router.rb:66:in `recognize'
actionpack (8.1.3) lib/action_dispatch/journey/router.rb:31:in `serve'
actionpack (8.1.3) lib/action_dispatch/routing/route_set.rb:906:in `call'
railties (8.1.3) lib/rails/engine/lazy_route_set.rb:60:in `call'
rails_event_store (2.18.0) lib/rails_event_store/middleware.rb:11:in `block in call'
rails_event_store (2.18.0) lib/rails_event_store/client.rb:85:in `block in with_request_metadata'
ruby_event_store (2.18.0) lib/ruby_event_store/client.rb:301:in `with_metadata'
rails_event_store (2.18.0) lib/rails_event_store/client.rb:85:in `with_request_metadata'
rails_event_store (2.18.0) lib/rails_event_store/middleware.rb:11:in `call'
rack (3.2.6) lib/rack/tempfile_reaper.rb:20:in `call'
rack (3.2.6) lib/rack/etag.rb:29:in `call'
rack (3.2.6) lib/rack/conditional_get.rb:44:in `call'
rack (3.2.6) lib/rack/head.rb:15:in `call'
actionpack (8.1.3) lib/action_dispatch/http/content_security_policy.rb:38:in `call'
rack-session (2.1.2) lib/rack/session/abstract/id.rb:274:in `context'
rack-session (2.1.2) lib/rack/session/abstract/id.rb:268:in `call'
actionpack (8.1.3) lib/action_dispatch/middleware/cookies.rb:708:in `call'
activerecord (8.1.3) lib/active_record/migration.rb:671:in `call'
actionpack (8.1.3) lib/action_dispatch/middleware/callbacks.rb:31:in `block in call'
activesupport (8.1.3) lib/active_support/callbacks.rb:101:in `run_callbacks'
actionpack (8.1.3) lib/action_dispatch/middleware/callbacks.rb:30:in `call'
actionpack (8.1.3) lib/action_dispatch/middleware/executor.rb:20:in `call'
actionpack (8.1.3) lib/action_dispatch/middleware/actionable_exceptions.rb:18:in `call'
actionpack (8.1.3) lib/action_dispatch/middleware/debug_exceptions.rb:31:in `call'
web-console (4.3.0) lib/web_console/middleware.rb:132:in `call_app'
web-console (4.3.0) lib/web_console/middleware.rb:28:in `block in call'
web-console (4.3.0) lib/web_console/middleware.rb:17:in `catch'
web-console (4.3.0) lib/web_console/middleware.rb:17:in `call'
actionpack (8.1.3) lib/action_dispatch/middleware/show_exceptions.rb:32:in `call'
railties (8.1.3) lib/rails/rack/logger.rb:41:in `call_app'
railties (8.1.3) lib/rails/rack/logger.rb:29:in `call'
propshaft (1.3.2) lib/propshaft/quiet_assets.rb:11:in `call'
actionpack (8.1.3) lib/action_dispatch/middleware/remote_ip.rb:98:in `call'
actionpack (8.1.3) lib/action_dispatch/middleware/request_id.rb:34:in `call'
rack (3.2.6) lib/rack/method_override.rb:28:in `call'
rack (3.2.6) lib/rack/runtime.rb:24:in `call'
activesupport (8.1.3) lib/active_support/cache/strategy/local_cache_middleware.rb:30:in `call'
actionpack (8.1.3) lib/action_dispatch/middleware/server_timing.rb:61:in `block in call'
actionpack (8.1.3) lib/action_dispatch/middleware/server_timing.rb:26:in `collect_events'
actionpack (8.1.3) lib/action_dispatch/middleware/server_timing.rb:60:in `call'
actionpack (8.1.3) lib/action_dispatch/middleware/executor.rb:20:in `call'
propshaft (1.3.2) lib/propshaft/server.rb:37:in `call'
actionpack (8.1.3) lib/action_dispatch/middleware/static.rb:27:in `call'
rack (3.2.6) lib/rack/sendfile.rb:131:in `call'
actionpack (8.1.3) lib/action_dispatch/middleware/host_authorization.rb:143:in `call'
railties (8.1.3) lib/rails/engine.rb:534:in `call'
puma (8.0.1) lib/puma/configuration.rb:305:in `call'
puma (8.0.1) lib/puma/response.rb:79:in `block in handle_request'
puma (8.0.1) lib/puma/thread_pool.rb:434:in `with_force_shutdown'
puma (8.0.1) lib/puma/response.rb:78:in `handle_request'
puma (8.0.1) lib/puma/server.rb:508:in `process_client'
puma (8.0.1) lib/puma/server.rb:263:in `block in run'
puma (8.0.1) lib/puma/thread_pool.rb:246:in `block in spawn_thread'
Started GET "/" for 127.0.0.1 at 2026-05-06 10:58:38 +0530
Processing by EventsController#index as HTML
  Rendering layout layouts/application.html.erb
  Rendering events/index.html.erb within layouts/application
  [1m[36mEvent Exists? (0.4ms)[0m  [1m[34mSELECT 1 AS one FROM "events" LIMIT 1 OFFSET 0 /*action='index',application='BillettoAssignment',controller='events'*/[0m
  ↳ app/views/events/index.html.erb:11
  [1m[36mEvent Load (0.5ms)[0m  [1m[34mSELECT "events".* FROM "events" ORDER BY "events"."start_date" ASC LIMIT 12 OFFSET 0 /*action='index',application='BillettoAssignment',controller='events'*/[0m
  ↳ app/views/events/index.html.erb:22
  [1m[36mEvent Count (0.4ms)[0m  [1m[34mSELECT COUNT(*) FROM "events" /*action='index',application='BillettoAssignment',controller='events'*/[0m
  ↳ app/views/events/index.html.erb:76
  Rendered events/index.html.erb within layouts/application (Duration: 16.1ms | GC: 0.5ms)
  Rendered layout layouts/application.html.erb (Duration: 16.8ms | GC: 0.5ms)
Completed 200 OK in 18ms (Views: 16.1ms | ActiveRecord: 1.3ms (3 queries, 0 cached) | GC: 0.5ms)


Started GET "/events/1" for 127.0.0.1 at 2026-05-06 10:58:39 +0530
Processing by EventsController#show as HTML
  Parameters: {"id"=>"1"}
  [1m[36mEvent Load (1.4ms)[0m  [1m[34mSELECT "events".* FROM "events" WHERE "events"."id" = 1 LIMIT 1 /*action='show',application='BillettoAssignment',controller='events'*/[0m
  ↳ app/controllers/events_controller.rb:49:in `set_event'
  Rendering layout layouts/application.html.erb
  Rendering events/show.html.erb within layouts/application
  Rendered events/show.html.erb within layouts/application (Duration: 9.6ms | GC: 0.7ms)
  Rendered layout layouts/application.html.erb (Duration: 12.6ms | GC: 0.7ms)
Completed 200 OK in 22ms (Views: 14.1ms | ActiveRecord: 1.3ms (1 query, 0 cached) | GC: 0.7ms)


Started POST "/events/1/upvote" for 127.0.0.1 at 2026-05-06 10:58:40 +0530
Processing by EventsController#upvote as TURBO_STREAM
  Parameters: {"authenticity_token"=>"[FILTERED]", "commit"=>"👍 Upvote", "id"=>"1"}
HTTP Origin header (http://127.0.0.1:36595) didn't match request.base_url (http://localhost:3000)
Completed 422 Unprocessable Content in 1ms (ActiveRecord: 0.0ms (0 queries, 0 cached) | GC: 0.0ms)


  
ActionController::InvalidAuthenticityToken (HTTP Origin header (http://127.0.0.1:36595) didn't match request.base_url (http://localhost:3000)):
  
actionpack (8.1.3) lib/action_controller/metal/request_forgery_protection.rb:321:in `handle_unverified_request'
actionpack (8.1.3) lib/action_controller/metal/request_forgery_protection.rb:415:in `handle_unverified_request'
actionpack (8.1.3) lib/action_controller/metal/request_forgery_protection.rb:404:in `verify_authenticity_token'
activesupport (8.1.3) lib/active_support/callbacks.rb:362:in `block in make_lambda'
activesupport (8.1.3) lib/active_support/callbacks.rb:179:in `block in call'
actionpack (8.1.3) lib/abstract_controller/callbacks.rb:36:in `block (2 levels) in <module:Callbacks>'
activesupport (8.1.3) lib/active_support/callbacks.rb:180:in `call'
activesupport (8.1.3) lib/active_support/callbacks.rb:560:in `block in invoke_before'
activesupport (8.1.3) lib/active_support/callbacks.rb:560:in `each'
activesupport (8.1.3) lib/active_support/callbacks.rb:560:in `invoke_before'
activesupport (8.1.3) lib/active_support/callbacks.rb:119:in `block in run_callbacks'
activesupport (8.1.3) lib/active_support/callbacks.rb:141:in `run_callbacks'
actionpack (8.1.3) lib/abstract_controller/callbacks.rb:266:in `process_action'
actionpack (8.1.3) lib/action_controller/metal/rescue.rb:36:in `process_action'
actionpack (8.1.3) lib/action_controller/metal/instrumentation.rb:76:in `block in process_action'
activesupport (8.1.3) lib/active_support/notifications.rb:210:in `block in instrument'
activesupport (8.1.3) lib/active_support/notifications/instrumenter.rb:58:in `instrument'
activesupport (8.1.3) lib/active_support/notifications.rb:210:in `instrument'
actionpack (8.1.3) lib/action_controller/metal/instrumentation.rb:75:in `process_action'
actionpack (8.1.3) lib/action_controller/metal/params_wrapper.rb:259:in `process_action'
activerecord (8.1.3) lib/active_record/railties/controller_runtime.rb:39:in `process_action'
actionpack (8.1.3) lib/abstract_controller/base.rb:154:in `process'
actionview (8.1.3) lib/action_view/rendering.rb:40:in `process'
actionpack (8.1.3) lib/action_controller/metal.rb:252:in `dispatch'
actionpack (8.1.3) lib/action_controller/metal.rb:335:in `dispatch'
actionpack (8.1.3) lib/action_dispatch/routing/route_set.rb:65:in `dispatch'
actionpack (8.1.3) lib/action_dispatch/routing/route_set.rb:50:in `serve'
actionpack (8.1.3) lib/action_dispatch/journey/router.rb:35:in `block in serve'
actionpack (8.1.3) lib/action_dispatch/journey/router.rb:86:in `block in recognize'
actionpack (8.1.3) lib/action_dispatch/journey/router.rb:66:in `each'
actionpack (8.1.3) lib/action_dispatch/journey/router.rb:66:in `recognize'
actionpack (8.1.3) lib/action_dispatch/journey/router.rb:31:in `serve'
actionpack (8.1.3) lib/action_dispatch/routing/route_set.rb:906:in `call'
railties (8.1.3) lib/rails/engine/lazy_route_set.rb:60:in `call'
rails_event_store (2.18.0) lib/rails_event_store/middleware.rb:11:in `block in call'
rails_event_store (2.18.0) lib/rails_event_store/client.rb:85:in `block in with_request_metadata'
ruby_event_store (2.18.0) lib/ruby_event_store/client.rb:301:in `with_metadata'
rails_event_store (2.18.0) lib/rails_event_store/client.rb:85:in `with_request_metadata'
rails_event_store (2.18.0) lib/rails_event_store/middleware.rb:11:in `call'
rack (3.2.6) lib/rack/tempfile_reaper.rb:20:in `call'
rack (3.2.6) lib/rack/etag.rb:29:in `call'
rack (3.2.6) lib/rack/conditional_get.rb:44:in `call'
rack (3.2.6) lib/rack/head.rb:15:in `call'
actionpack (8.1.3) lib/action_dispatch/http/content_security_policy.rb:38:in `call'
rack-session (2.1.2) lib/rack/session/abstract/id.rb:274:in `context'
rack-session (2.1.2) lib/rack/session/abstract/id.rb:268:in `call'
actionpack (8.1.3) lib/action_dispatch/middleware/cookies.rb:708:in `call'
activerecord (8.1.3) lib/active_record/migration.rb:671:in `call'
actionpack (8.1.3) lib/action_dispatch/middleware/callbacks.rb:31:in `block in call'
activesupport (8.1.3) lib/active_support/callbacks.rb:101:in `run_callbacks'
actionpack (8.1.3) lib/action_dispatch/middleware/callbacks.rb:30:in `call'
actionpack (8.1.3) lib/action_dispatch/middleware/executor.rb:20:in `call'
actionpack (8.1.3) lib/action_dispatch/middleware/actionable_exceptions.rb:18:in `call'
actionpack (8.1.3) lib/action_dispatch/middleware/debug_exceptions.rb:31:in `call'
web-console (4.3.0) lib/web_console/middleware.rb:132:in `call_app'
web-console (4.3.0) lib/web_console/middleware.rb:28:in `block in call'
web-console (4.3.0) lib/web_console/middleware.rb:17:in `catch'
web-console (4.3.0) lib/web_console/middleware.rb:17:in `call'
actionpack (8.1.3) lib/action_dispatch/middleware/show_exceptions.rb:32:in `call'
railties (8.1.3) lib/rails/rack/logger.rb:41:in `call_app'
railties (8.1.3) lib/rails/rack/logger.rb:29:in `call'
propshaft (1.3.2) lib/propshaft/quiet_assets.rb:11:in `call'
actionpack (8.1.3) lib/action_dispatch/middleware/remote_ip.rb:98:in `call'
actionpack (8.1.3) lib/action_dispatch/middleware/request_id.rb:34:in `call'
rack (3.2.6) lib/rack/method_override.rb:28:in `call'
rack (3.2.6) lib/rack/runtime.rb:24:in `call'
activesupport (8.1.3) lib/active_support/cache/strategy/local_cache_middleware.rb:30:in `call'
actionpack (8.1.3) lib/action_dispatch/middleware/server_timing.rb:61:in `block in call'
actionpack (8.1.3) lib/action_dispatch/middleware/server_timing.rb:26:in `collect_events'
actionpack (8.1.3) lib/action_dispatch/middleware/server_timing.rb:60:in `call'
actionpack (8.1.3) lib/action_dispatch/middleware/executor.rb:20:in `call'
propshaft (1.3.2) lib/propshaft/server.rb:37:in `call'
actionpack (8.1.3) lib/action_dispatch/middleware/static.rb:27:in `call'
rack (3.2.6) lib/rack/sendfile.rb:131:in `call'
actionpack (8.1.3) lib/action_dispatch/middleware/host_authorization.rb:143:in `call'
railties (8.1.3) lib/rails/engine.rb:534:in `call'
puma (8.0.1) lib/puma/configuration.rb:305:in `call'
puma (8.0.1) lib/puma/response.rb:79:in `block in handle_request'
puma (8.0.1) lib/puma/thread_pool.rb:434:in `with_force_shutdown'
puma (8.0.1) lib/puma/response.rb:78:in `handle_request'
puma (8.0.1) lib/puma/server.rb:508:in `process_client'
puma (8.0.1) lib/puma/server.rb:263:in `block in run'
puma (8.0.1) lib/puma/thread_pool.rb:246:in `block in spawn_thread'
Started GET "/events/1" for 127.0.0.1 at 2026-05-06 10:58:41 +0530
Processing by EventsController#show as HTML
  Parameters: {"id"=>"1"}
  [1m[36mEvent Load (0.4ms)[0m  [1m[34mSELECT "events".* FROM "events" WHERE "events"."id" = 1 LIMIT 1 /*action='show',application='BillettoAssignment',controller='events'*/[0m
  ↳ app/controllers/events_controller.rb:49:in `set_event'
  Rendering layout layouts/application.html.erb
  Rendering events/show.html.erb within layouts/application
  Rendered events/show.html.erb within layouts/application (Duration: 2.1ms | GC: 0.0ms)
  Rendered layout layouts/application.html.erb (Duration: 2.9ms | GC: 0.0ms)
Completed 200 OK in 6ms (Views: 3.5ms | ActiveRecord: 0.4ms (1 query, 0 cached) | GC: 0.0ms)


Started POST "/events/1/downvote" for 127.0.0.1 at 2026-05-06 10:58:42 +0530
Processing by EventsController#downvote as TURBO_STREAM
  Parameters: {"authenticity_token"=>"[FILTERED]", "commit"=>"ðŸ‘Ž Downvote", "id"=>"1"}
HTTP Origin header (http://127.0.0.1:36595) didn't match request.base_url (http://localhost:3000)
Completed 422 Unprocessable Content in 2ms (ActiveRecord: 0.0ms (0 queries, 0 cached) | GC: 0.0ms)


  
ActionController::InvalidAuthenticityToken (HTTP Origin header (http://127.0.0.1:36595) didn't match request.base_url (http://localhost:3000)):
  
actionpack (8.1.3) lib/action_controller/metal/request_forgery_protection.rb:321:in `handle_unverified_request'
actionpack (8.1.3) lib/action_controller/metal/request_forgery_protection.rb:415:in `handle_unverified_request'
actionpack (8.1.3) lib/action_controller/metal/request_forgery_protection.rb:404:in `verify_authenticity_token'
activesupport (8.1.3) lib/active_support/callbacks.rb:362:in `block in make_lambda'
activesupport (8.1.3) lib/active_support/callbacks.rb:179:in `block in call'
actionpack (8.1.3) lib/abstract_controller/callbacks.rb:36:in `block (2 levels) in <module:Callbacks>'
activesupport (8.1.3) lib/active_support/callbacks.rb:180:in `call'
activesupport (8.1.3) lib/active_support/callbacks.rb:560:in `block in invoke_before'
activesupport (8.1.3) lib/active_support/callbacks.rb:560:in `each'
activesupport (8.1.3) lib/active_support/callbacks.rb:560:in `invoke_before'
activesupport (8.1.3) lib/active_support/callbacks.rb:119:in `block in run_callbacks'
activesupport (8.1.3) lib/active_support/callbacks.rb:141:in `run_callbacks'
actionpack (8.1.3) lib/abstract_controller/callbacks.rb:266:in `process_action'
actionpack (8.1.3) lib/action_controller/metal/rescue.rb:36:in `process_action'
actionpack (8.1.3) lib/action_controller/metal/instrumentation.rb:76:in `block in process_action'
activesupport (8.1.3) lib/active_support/notifications.rb:210:in `block in instrument'
activesupport (8.1.3) lib/active_support/notifications/instrumenter.rb:58:in `instrument'
activesupport (8.1.3) lib/active_support/notifications.rb:210:in `instrument'
actionpack (8.1.3) lib/action_controller/metal/instrumentation.rb:75:in `process_action'
actionpack (8.1.3) lib/action_controller/metal/params_wrapper.rb:259:in `process_action'
activerecord (8.1.3) lib/active_record/railties/controller_runtime.rb:39:in `process_action'
actionpack (8.1.3) lib/abstract_controller/base.rb:154:in `process'
actionview (8.1.3) lib/action_view/rendering.rb:40:in `process'
actionpack (8.1.3) lib/action_controller/metal.rb:252:in `dispatch'
actionpack (8.1.3) lib/action_controller/metal.rb:335:in `dispatch'
actionpack (8.1.3) lib/action_dispatch/routing/route_set.rb:65:in `dispatch'
actionpack (8.1.3) lib/action_dispatch/routing/route_set.rb:50:in `serve'
actionpack (8.1.3) lib/action_dispatch/journey/router.rb:35:in `block in serve'
actionpack (8.1.3) lib/action_dispatch/journey/router.rb:86:in `block in recognize'
actionpack (8.1.3) lib/action_dispatch/journey/router.rb:66:in `each'
actionpack (8.1.3) lib/action_dispatch/journey/router.rb:66:in `recognize'
actionpack (8.1.3) lib/action_dispatch/journey/router.rb:31:in `serve'
actionpack (8.1.3) lib/action_dispatch/routing/route_set.rb:906:in `call'
railties (8.1.3) lib/rails/engine/lazy_route_set.rb:60:in `call'
rails_event_store (2.18.0) lib/rails_event_store/middleware.rb:11:in `block in call'
rails_event_store (2.18.0) lib/rails_event_store/client.rb:85:in `block in with_request_metadata'
ruby_event_store (2.18.0) lib/ruby_event_store/client.rb:301:in `with_metadata'
rails_event_store (2.18.0) lib/rails_event_store/client.rb:85:in `with_request_metadata'
rails_event_store (2.18.0) lib/rails_event_store/middleware.rb:11:in `call'
rack (3.2.6) lib/rack/tempfile_reaper.rb:20:in `call'
rack (3.2.6) lib/rack/etag.rb:29:in `call'
rack (3.2.6) lib/rack/conditional_get.rb:44:in `call'
rack (3.2.6) lib/rack/head.rb:15:in `call'
actionpack (8.1.3) lib/action_dispatch/http/content_security_policy.rb:38:in `call'
rack-session (2.1.2) lib/rack/session/abstract/id.rb:274:in `context'
rack-session (2.1.2) lib/rack/session/abstract/id.rb:268:in `call'
actionpack (8.1.3) lib/action_dispatch/middleware/cookies.rb:708:in `call'
activerecord (8.1.3) lib/active_record/migration.rb:671:in `call'
actionpack (8.1.3) lib/action_dispatch/middleware/callbacks.rb:31:in `block in call'
activesupport (8.1.3) lib/active_support/callbacks.rb:101:in `run_callbacks'
actionpack (8.1.3) lib/action_dispatch/middleware/callbacks.rb:30:in `call'
actionpack (8.1.3) lib/action_dispatch/middleware/executor.rb:20:in `call'
actionpack (8.1.3) lib/action_dispatch/middleware/actionable_exceptions.rb:18:in `call'
actionpack (8.1.3) lib/action_dispatch/middleware/debug_exceptions.rb:31:in `call'
web-console (4.3.0) lib/web_console/middleware.rb:132:in `call_app'
web-console (4.3.0) lib/web_console/middleware.rb:28:in `block in call'
web-console (4.3.0) lib/web_console/middleware.rb:17:in `catch'
web-console (4.3.0) lib/web_console/middleware.rb:17:in `call'
actionpack (8.1.3) lib/action_dispatch/middleware/show_exceptions.rb:32:in `call'
railties (8.1.3) lib/rails/rack/logger.rb:41:in `call_app'
railties (8.1.3) lib/rails/rack/logger.rb:29:in `call'
propshaft (1.3.2) lib/propshaft/quiet_assets.rb:11:in `call'
actionpack (8.1.3) lib/action_dispatch/middleware/remote_ip.rb:98:in `call'
actionpack (8.1.3) lib/action_dispatch/middleware/request_id.rb:34:in `call'
rack (3.2.6) lib/rack/method_override.rb:28:in `call'
rack (3.2.6) lib/rack/runtime.rb:24:in `call'
activesupport (8.1.3) lib/active_support/cache/strategy/local_cache_middleware.rb:30:in `call'
actionpack (8.1.3) lib/action_dispatch/middleware/server_timing.rb:61:in `block in call'
actionpack (8.1.3) lib/action_dispatch/middleware/server_timing.rb:26:in `collect_events'
actionpack (8.1.3) lib/action_dispatch/middleware/server_timing.rb:60:in `call'
actionpack (8.1.3) lib/action_dispatch/middleware/executor.rb:20:in `call'
propshaft (1.3.2) lib/propshaft/server.rb:37:in `call'
actionpack (8.1.3) lib/action_dispatch/middleware/static.rb:27:in `call'
rack (3.2.6) lib/rack/sendfile.rb:131:in `call'
actionpack (8.1.3) lib/action_dispatch/middleware/host_authorization.rb:143:in `call'
railties (8.1.3) lib/rails/engine.rb:534:in `call'
puma (8.0.1) lib/puma/configuration.rb:305:in `call'
puma (8.0.1) lib/puma/response.rb:79:in `block in handle_request'
puma (8.0.1) lib/puma/thread_pool.rb:434:in `with_force_shutdown'
puma (8.0.1) lib/puma/response.rb:78:in `handle_request'
puma (8.0.1) lib/puma/server.rb:508:in `process_client'
puma (8.0.1) lib/puma/server.rb:263:in `block in run'
puma (8.0.1) lib/puma/thread_pool.rb:246:in `block in spawn_thread'
Started GET "/events/1" for 127.0.0.1 at 2026-05-06 10:58:42 +0530
Processing by EventsController#show as HTML
  Parameters: {"id"=>"1"}
  [1m[36mEvent Load (0.7ms)[0m  [1m[34mSELECT "events".* FROM "events" WHERE "events"."id" = 1 LIMIT 1 /*action='show',application='BillettoAssignment',controller='events'*/[0m
  ↳ app/controllers/events_controller.rb:49:in `set_event'
  Rendering layout layouts/application.html.erb
  Rendering events/show.html.erb within layouts/application
  Rendered events/show.html.erb within layouts/application (Duration: 2.3ms | GC: 0.0ms)
  Rendered layout layouts/application.html.erb (Duration: 3.4ms | GC: 0.0ms)
Completed 200 OK in 7ms (Views: 4.1ms | ActiveRecord: 0.7ms (1 query, 0 cached) | GC: 0.1ms)


Started POST "/events/1/downvote" for 127.0.0.1 at 2026-05-06 10:58:43 +0530
Processing by EventsController#downvote as TURBO_STREAM
  Parameters: {"authenticity_token"=>"[FILTERED]", "commit"=>"ðŸ‘Ž Downvote", "id"=>"1"}
HTTP Origin header (http://127.0.0.1:36595) didn't match request.base_url (http://localhost:3000)
Completed 422 Unprocessable Content in 1ms (ActiveRecord: 0.0ms (0 queries, 0 cached) | GC: 0.0ms)


  
ActionController::InvalidAuthenticityToken (HTTP Origin header (http://127.0.0.1:36595) didn't match request.base_url (http://localhost:3000)):
  
actionpack (8.1.3) lib/action_controller/metal/request_forgery_protection.rb:321:in `handle_unverified_request'
actionpack (8.1.3) lib/action_controller/metal/request_forgery_protection.rb:415:in `handle_unverified_request'
actionpack (8.1.3) lib/action_controller/metal/request_forgery_protection.rb:404:in `verify_authenticity_token'
activesupport (8.1.3) lib/active_support/callbacks.rb:362:in `block in make_lambda'
activesupport (8.1.3) lib/active_support/callbacks.rb:179:in `block in call'
actionpack (8.1.3) lib/abstract_controller/callbacks.rb:36:in `block (2 levels) in <module:Callbacks>'
activesupport (8.1.3) lib/active_support/callbacks.rb:180:in `call'
activesupport (8.1.3) lib/active_support/callbacks.rb:560:in `block in invoke_before'
activesupport (8.1.3) lib/active_support/callbacks.rb:560:in `each'
activesupport (8.1.3) lib/active_support/callbacks.rb:560:in `invoke_before'
activesupport (8.1.3) lib/active_support/callbacks.rb:119:in `block in run_callbacks'
activesupport (8.1.3) lib/active_support/callbacks.rb:141:in `run_callbacks'
actionpack (8.1.3) lib/abstract_controller/callbacks.rb:266:in `process_action'
actionpack (8.1.3) lib/action_controller/metal/rescue.rb:36:in `process_action'
actionpack (8.1.3) lib/action_controller/metal/instrumentation.rb:76:in `block in process_action'
activesupport (8.1.3) lib/active_support/notifications.rb:210:in `block in instrument'
activesupport (8.1.3) lib/active_support/notifications/instrumenter.rb:58:in `instrument'
activesupport (8.1.3) lib/active_support/notifications.rb:210:in `instrument'
actionpack (8.1.3) lib/action_controller/metal/instrumentation.rb:75:in `process_action'
actionpack (8.1.3) lib/action_controller/metal/params_wrapper.rb:259:in `process_action'
activerecord (8.1.3) lib/active_record/railties/controller_runtime.rb:39:in `process_action'
actionpack (8.1.3) lib/abstract_controller/base.rb:154:in `process'
actionview (8.1.3) lib/action_view/rendering.rb:40:in `process'
actionpack (8.1.3) lib/action_controller/metal.rb:252:in `dispatch'
actionpack (8.1.3) lib/action_controller/metal.rb:335:in `dispatch'
actionpack (8.1.3) lib/action_dispatch/routing/route_set.rb:65:in `dispatch'
actionpack (8.1.3) lib/action_dispatch/routing/route_set.rb:50:in `serve'
actionpack (8.1.3) lib/action_dispatch/journey/router.rb:35:in `block in serve'
actionpack (8.1.3) lib/action_dispatch/journey/router.rb:86:in `block in recognize'
actionpack (8.1.3) lib/action_dispatch/journey/router.rb:66:in `each'
actionpack (8.1.3) lib/action_dispatch/journey/router.rb:66:in `recognize'
actionpack (8.1.3) lib/action_dispatch/journey/router.rb:31:in `serve'
actionpack (8.1.3) lib/action_dispatch/routing/route_set.rb:906:in `call'
railties (8.1.3) lib/rails/engine/lazy_route_set.rb:60:in `call'
rails_event_store (2.18.0) lib/rails_event_store/middleware.rb:11:in `block in call'
rails_event_store (2.18.0) lib/rails_event_store/client.rb:85:in `block in with_request_metadata'
ruby_event_store (2.18.0) lib/ruby_event_store/client.rb:301:in `with_metadata'
rails_event_store (2.18.0) lib/rails_event_store/client.rb:85:in `with_request_metadata'
rails_event_store (2.18.0) lib/rails_event_store/middleware.rb:11:in `call'
rack (3.2.6) lib/rack/tempfile_reaper.rb:20:in `call'
rack (3.2.6) lib/rack/etag.rb:29:in `call'
rack (3.2.6) lib/rack/conditional_get.rb:44:in `call'
rack (3.2.6) lib/rack/head.rb:15:in `call'
actionpack (8.1.3) lib/action_dispatch/http/content_security_policy.rb:38:in `call'
rack-session (2.1.2) lib/rack/session/abstract/id.rb:274:in `context'
rack-session (2.1.2) lib/rack/session/abstract/id.rb:268:in `call'
actionpack (8.1.3) lib/action_dispatch/middleware/cookies.rb:708:in `call'
activerecord (8.1.3) lib/active_record/migration.rb:671:in `call'
actionpack (8.1.3) lib/action_dispatch/middleware/callbacks.rb:31:in `block in call'
activesupport (8.1.3) lib/active_support/callbacks.rb:101:in `run_callbacks'
actionpack (8.1.3) lib/action_dispatch/middleware/callbacks.rb:30:in `call'
actionpack (8.1.3) lib/action_dispatch/middleware/executor.rb:20:in `call'
actionpack (8.1.3) lib/action_dispatch/middleware/actionable_exceptions.rb:18:in `call'
actionpack (8.1.3) lib/action_dispatch/middleware/debug_exceptions.rb:31:in `call'
web-console (4.3.0) lib/web_console/middleware.rb:132:in `call_app'
web-console (4.3.0) lib/web_console/middleware.rb:28:in `block in call'
web-console (4.3.0) lib/web_console/middleware.rb:17:in `catch'
web-console (4.3.0) lib/web_console/middleware.rb:17:in `call'
actionpack (8.1.3) lib/action_dispatch/middleware/show_exceptions.rb:32:in `call'
railties (8.1.3) lib/rails/rack/logger.rb:41:in `call_app'
railties (8.1.3) lib/rails/rack/logger.rb:29:in `call'
propshaft (1.3.2) lib/propshaft/quiet_assets.rb:11:in `call'
actionpack (8.1.3) lib/action_dispatch/middleware/remote_ip.rb:98:in `call'
actionpack (8.1.3) lib/action_dispatch/middleware/request_id.rb:34:in `call'
rack (3.2.6) lib/rack/method_override.rb:28:in `call'
rack (3.2.6) lib/rack/runtime.rb:24:in `call'
activesupport (8.1.3) lib/active_support/cache/strategy/local_cache_middleware.rb:30:in `call'
actionpack (8.1.3) lib/action_dispatch/middleware/server_timing.rb:61:in `block in call'
actionpack (8.1.3) lib/action_dispatch/middleware/server_timing.rb:26:in `collect_events'
actionpack (8.1.3) lib/action_dispatch/middleware/server_timing.rb:60:in `call'
actionpack (8.1.3) lib/action_dispatch/middleware/executor.rb:20:in `call'
propshaft (1.3.2) lib/propshaft/server.rb:37:in `call'
actionpack (8.1.3) lib/action_dispatch/middleware/static.rb:27:in `call'
rack (3.2.6) lib/rack/sendfile.rb:131:in `call'
actionpack (8.1.3) lib/action_dispatch/middleware/host_authorization.rb:143:in `call'
railties (8.1.3) lib/rails/engine.rb:534:in `call'
puma (8.0.1) lib/puma/configuration.rb:305:in `call'
puma (8.0.1) lib/puma/response.rb:79:in `block in handle_request'
puma (8.0.1) lib/puma/thread_pool.rb:434:in `with_force_shutdown'
puma (8.0.1) lib/puma/response.rb:78:in `handle_request'
puma (8.0.1) lib/puma/server.rb:508:in `process_client'
puma (8.0.1) lib/puma/server.rb:263:in `block in run'
puma (8.0.1) lib/puma/thread_pool.rb:246:in `block in spawn_thread'
Started GET "/events/1" for 127.0.0.1 at 2026-05-06 10:58:43 +0530
Processing by EventsController#show as HTML
  Parameters: {"id"=>"1"}
  [1m[36mEvent Load (0.5ms)[0m  [1m[34mSELECT "events".* FROM "events" WHERE "events"."id" = 1 LIMIT 1 /*action='show',application='BillettoAssignment',controller='events'*/[0m
  ↳ app/controllers/events_controller.rb:49:in `set_event'
  Rendering layout layouts/application.html.erb
  Rendering events/show.html.erb within layouts/application
  Rendered events/show.html.erb within layouts/application (Duration: 2.0ms | GC: 0.0ms)
  Rendered layout layouts/application.html.erb (Duration: 2.9ms | GC: 0.1ms)
Completed 200 OK in 6ms (Views: 3.4ms | ActiveRecord: 0.5ms (1 query, 0 cached) | GC: 0.1ms)


Started POST "/events/1/downvote" for 127.0.0.1 at 2026-05-06 10:58:43 +0530
Processing by EventsController#downvote as TURBO_STREAM
  Parameters: {"authenticity_token"=>"[FILTERED]", "commit"=>"ðŸ‘Ž Downvote", "id"=>"1"}
HTTP Origin header (http://127.0.0.1:36595) didn't match request.base_url (http://localhost:3000)
Completed 422 Unprocessable Content in 2ms (ActiveRecord: 0.0ms (0 queries, 0 cached) | GC: 0.0ms)


  
ActionController::InvalidAuthenticityToken (HTTP Origin header (http://127.0.0.1:36595) didn't match request.base_url (http://localhost:3000)):
  
actionpack (8.1.3) lib/action_controller/metal/request_forgery_protection.rb:321:in `handle_unverified_request'
actionpack (8.1.3) lib/action_controller/metal/request_forgery_protection.rb:415:in `handle_unverified_request'
actionpack (8.1.3) lib/action_controller/metal/request_forgery_protection.rb:404:in `verify_authenticity_token'
activesupport (8.1.3) lib/active_support/callbacks.rb:362:in `block in make_lambda'
activesupport (8.1.3) lib/active_support/callbacks.rb:179:in `block in call'
actionpack (8.1.3) lib/abstract_controller/callbacks.rb:36:in `block (2 levels) in <module:Callbacks>'
activesupport (8.1.3) lib/active_support/callbacks.rb:180:in `call'
activesupport (8.1.3) lib/active_support/callbacks.rb:560:in `block in invoke_before'
activesupport (8.1.3) lib/active_support/callbacks.rb:560:in `each'
activesupport (8.1.3) lib/active_support/callbacks.rb:560:in `invoke_before'
activesupport (8.1.3) lib/active_support/callbacks.rb:119:in `block in run_callbacks'
activesupport (8.1.3) lib/active_support/callbacks.rb:141:in `run_callbacks'
actionpack (8.1.3) lib/abstract_controller/callbacks.rb:266:in `process_action'
actionpack (8.1.3) lib/action_controller/metal/rescue.rb:36:in `process_action'
actionpack (8.1.3) lib/action_controller/metal/instrumentation.rb:76:in `block in process_action'
activesupport (8.1.3) lib/active_support/notifications.rb:210:in `block in instrument'
activesupport (8.1.3) lib/active_support/notifications/instrumenter.rb:58:in `instrument'
activesupport (8.1.3) lib/active_support/notifications.rb:210:in `instrument'
actionpack (8.1.3) lib/action_controller/metal/instrumentation.rb:75:in `process_action'
actionpack (8.1.3) lib/action_controller/metal/params_wrapper.rb:259:in `process_action'
activerecord (8.1.3) lib/active_record/railties/controller_runtime.rb:39:in `process_action'
actionpack (8.1.3) lib/abstract_controller/base.rb:154:in `process'
actionview (8.1.3) lib/action_view/rendering.rb:40:in `process'
actionpack (8.1.3) lib/action_controller/metal.rb:252:in `dispatch'
actionpack (8.1.3) lib/action_controller/metal.rb:335:in `dispatch'
actionpack (8.1.3) lib/action_dispatch/routing/route_set.rb:65:in `dispatch'
actionpack (8.1.3) lib/action_dispatch/routing/route_set.rb:50:in `serve'
actionpack (8.1.3) lib/action_dispatch/journey/router.rb:35:in `block in serve'
actionpack (8.1.3) lib/action_dispatch/journey/router.rb:86:in `block in recognize'
actionpack (8.1.3) lib/action_dispatch/journey/router.rb:66:in `each'
actionpack (8.1.3) lib/action_dispatch/journey/router.rb:66:in `recognize'
actionpack (8.1.3) lib/action_dispatch/journey/router.rb:31:in `serve'
actionpack (8.1.3) lib/action_dispatch/routing/route_set.rb:906:in `call'
railties (8.1.3) lib/rails/engine/lazy_route_set.rb:60:in `call'
rails_event_store (2.18.0) lib/rails_event_store/middleware.rb:11:in `block in call'
rails_event_store (2.18.0) lib/rails_event_store/client.rb:85:in `block in with_request_metadata'
ruby_event_store (2.18.0) lib/ruby_event_store/client.rb:301:in `with_metadata'
rails_event_store (2.18.0) lib/rails_event_store/client.rb:85:in `with_request_metadata'
rails_event_store (2.18.0) lib/rails_event_store/middleware.rb:11:in `call'
rack (3.2.6) lib/rack/tempfile_reaper.rb:20:in `call'
rack (3.2.6) lib/rack/etag.rb:29:in `call'
rack (3.2.6) lib/rack/conditional_get.rb:44:in `call'
rack (3.2.6) lib/rack/head.rb:15:in `call'
actionpack (8.1.3) lib/action_dispatch/http/content_security_policy.rb:38:in `call'
rack-session (2.1.2) lib/rack/session/abstract/id.rb:274:in `context'
rack-session (2.1.2) lib/rack/session/abstract/id.rb:268:in `call'
actionpack (8.1.3) lib/action_dispatch/middleware/cookies.rb:708:in `call'
activerecord (8.1.3) lib/active_record/migration.rb:671:in `call'
actionpack (8.1.3) lib/action_dispatch/middleware/callbacks.rb:31:in `block in call'
activesupport (8.1.3) lib/active_support/callbacks.rb:101:in `run_callbacks'
actionpack (8.1.3) lib/action_dispatch/middleware/callbacks.rb:30:in `call'
actionpack (8.1.3) lib/action_dispatch/middleware/executor.rb:20:in `call'
actionpack (8.1.3) lib/action_dispatch/middleware/actionable_exceptions.rb:18:in `call'
actionpack (8.1.3) lib/action_dispatch/middleware/debug_exceptions.rb:31:in `call'
web-console (4.3.0) lib/web_console/middleware.rb:132:in `call_app'
web-console (4.3.0) lib/web_console/middleware.rb:28:in `block in call'
web-console (4.3.0) lib/web_console/middleware.rb:17:in `catch'
web-console (4.3.0) lib/web_console/middleware.rb:17:in `call'
actionpack (8.1.3) lib/action_dispatch/middleware/show_exceptions.rb:32:in `call'
railties (8.1.3) lib/rails/rack/logger.rb:41:in `call_app'
railties (8.1.3) lib/rails/rack/logger.rb:29:in `call'
propshaft (1.3.2) lib/propshaft/quiet_assets.rb:11:in `call'
actionpack (8.1.3) lib/action_dispatch/middleware/remote_ip.rb:98:in `call'
actionpack (8.1.3) lib/action_dispatch/middleware/request_id.rb:34:in `call'
rack (3.2.6) lib/rack/method_override.rb:28:in `call'
rack (3.2.6) lib/rack/runtime.rb:24:in `call'
activesupport (8.1.3) lib/active_support/cache/strategy/local_cache_middleware.rb:30:in `call'
actionpack (8.1.3) lib/action_dispatch/middleware/server_timing.rb:61:in `block in call'
actionpack (8.1.3) lib/action_dispatch/middleware/server_timing.rb:26:in `collect_events'
actionpack (8.1.3) lib/action_dispatch/middleware/server_timing.rb:60:in `call'
actionpack (8.1.3) lib/action_dispatch/middleware/executor.rb:20:in `call'
propshaft (1.3.2) lib/propshaft/server.rb:37:in `call'
actionpack (8.1.3) lib/action_dispatch/middleware/static.rb:27:in `call'
rack (3.2.6) lib/rack/sendfile.rb:131:in `call'
actionpack (8.1.3) lib/action_dispatch/middleware/host_authorization.rb:143:in `call'
railties (8.1.3) lib/rails/engine.rb:534:in `call'
puma (8.0.1) lib/puma/configuration.rb:305:in `call'
puma (8.0.1) lib/puma/response.rb:79:in `block in handle_request'
puma (8.0.1) lib/puma/thread_pool.rb:434:in `with_force_shutdown'
puma (8.0.1) lib/puma/response.rb:78:in `handle_request'
puma (8.0.1) lib/puma/server.rb:508:in `process_client'
puma (8.0.1) lib/puma/server.rb:263:in `block in run'
puma (8.0.1) lib/puma/thread_pool.rb:246:in `block in spawn_thread'
Started GET "/events/1" for 127.0.0.1 at 2026-05-06 10:58:43 +0530
Processing by EventsController#show as HTML
  Parameters: {"id"=>"1"}
  [1m[36mEvent Load (0.6ms)[0m  [1m[34mSELECT "events".* FROM "events" WHERE "events"."id" = 1 LIMIT 1 /*action='show',application='BillettoAssignment',controller='events'*/[0m
  ↳ app/controllers/events_controller.rb:49:in `set_event'
  Rendering layout layouts/application.html.erb
  Rendering events/show.html.erb within layouts/application
  Rendered events/show.html.erb within layouts/application (Duration: 2.2ms | GC: 0.0ms)
  Rendered layout layouts/application.html.erb (Duration: 3.1ms | GC: 0.0ms)
Completed 200 OK in 6ms (Views: 3.5ms | ActiveRecord: 0.5ms (1 query, 0 cached) | GC: 0.0ms)


Started POST "/events/1/downvote" for 127.0.0.1 at 2026-05-06 10:58:44 +0530
Processing by EventsController#downvote as TURBO_STREAM
  Parameters: {"authenticity_token"=>"[FILTERED]", "commit"=>"ðŸ‘Ž Downvote", "id"=>"1"}
HTTP Origin header (http://127.0.0.1:36595) didn't match request.base_url (http://localhost:3000)
Completed 422 Unprocessable Content in 1ms (ActiveRecord: 0.0ms (0 queries, 0 cached) | GC: 0.0ms)


  
ActionController::InvalidAuthenticityToken (HTTP Origin header (http://127.0.0.1:36595) didn't match request.base_url (http://localhost:3000)):
  
actionpack (8.1.3) lib/action_controller/metal/request_forgery_protection.rb:321:in `handle_unverified_request'
actionpack (8.1.3) lib/action_controller/metal/request_forgery_protection.rb:415:in `handle_unverified_request'
actionpack (8.1.3) lib/action_controller/metal/request_forgery_protection.rb:404:in `verify_authenticity_token'
activesupport (8.1.3) lib/active_support/callbacks.rb:362:in `block in make_lambda'
activesupport (8.1.3) lib/active_support/callbacks.rb:179:in `block in call'
actionpack (8.1.3) lib/abstract_controller/callbacks.rb:36:in `block (2 levels) in <module:Callbacks>'
activesupport (8.1.3) lib/active_support/callbacks.rb:180:in `call'
activesupport (8.1.3) lib/active_support/callbacks.rb:560:in `block in invoke_before'
activesupport (8.1.3) lib/active_support/callbacks.rb:560:in `each'
activesupport (8.1.3) lib/active_support/callbacks.rb:560:in `invoke_before'
activesupport (8.1.3) lib/active_support/callbacks.rb:119:in `block in run_callbacks'
activesupport (8.1.3) lib/active_support/callbacks.rb:141:in `run_callbacks'
actionpack (8.1.3) lib/abstract_controller/callbacks.rb:266:in `process_action'
actionpack (8.1.3) lib/action_controller/metal/rescue.rb:36:in `process_action'
actionpack (8.1.3) lib/action_controller/metal/instrumentation.rb:76:in `block in process_action'
activesupport (8.1.3) lib/active_support/notifications.rb:210:in `block in instrument'
activesupport (8.1.3) lib/active_support/notifications/instrumenter.rb:58:in `instrument'
activesupport (8.1.3) lib/active_support/notifications.rb:210:in `instrument'
actionpack (8.1.3) lib/action_controller/metal/instrumentation.rb:75:in `process_action'
actionpack (8.1.3) lib/action_controller/metal/params_wrapper.rb:259:in `process_action'
activerecord (8.1.3) lib/active_record/railties/controller_runtime.rb:39:in `process_action'
actionpack (8.1.3) lib/abstract_controller/base.rb:154:in `process'
actionview (8.1.3) lib/action_view/rendering.rb:40:in `process'
actionpack (8.1.3) lib/action_controller/metal.rb:252:in `dispatch'
actionpack (8.1.3) lib/action_controller/metal.rb:335:in `dispatch'
actionpack (8.1.3) lib/action_dispatch/routing/route_set.rb:65:in `dispatch'
actionpack (8.1.3) lib/action_dispatch/routing/route_set.rb:50:in `serve'
actionpack (8.1.3) lib/action_dispatch/journey/router.rb:35:in `block in serve'
actionpack (8.1.3) lib/action_dispatch/journey/router.rb:86:in `block in recognize'
actionpack (8.1.3) lib/action_dispatch/journey/router.rb:66:in `each'
actionpack (8.1.3) lib/action_dispatch/journey/router.rb:66:in `recognize'
actionpack (8.1.3) lib/action_dispatch/journey/router.rb:31:in `serve'
actionpack (8.1.3) lib/action_dispatch/routing/route_set.rb:906:in `call'
railties (8.1.3) lib/rails/engine/lazy_route_set.rb:60:in `call'
rails_event_store (2.18.0) lib/rails_event_store/middleware.rb:11:in `block in call'
rails_event_store (2.18.0) lib/rails_event_store/client.rb:85:in `block in with_request_metadata'
ruby_event_store (2.18.0) lib/ruby_event_store/client.rb:301:in `with_metadata'
rails_event_store (2.18.0) lib/rails_event_store/client.rb:85:in `with_request_metadata'
rails_event_store (2.18.0) lib/rails_event_store/middleware.rb:11:in `call'
rack (3.2.6) lib/rack/tempfile_reaper.rb:20:in `call'
rack (3.2.6) lib/rack/etag.rb:29:in `call'
rack (3.2.6) lib/rack/conditional_get.rb:44:in `call'
rack (3.2.6) lib/rack/head.rb:15:in `call'
actionpack (8.1.3) lib/action_dispatch/http/content_security_policy.rb:38:in `call'
rack-session (2.1.2) lib/rack/session/abstract/id.rb:274:in `context'
rack-session (2.1.2) lib/rack/session/abstract/id.rb:268:in `call'
actionpack (8.1.3) lib/action_dispatch/middleware/cookies.rb:708:in `call'
activerecord (8.1.3) lib/active_record/migration.rb:671:in `call'
actionpack (8.1.3) lib/action_dispatch/middleware/callbacks.rb:31:in `block in call'
activesupport (8.1.3) lib/active_support/callbacks.rb:101:in `run_callbacks'
actionpack (8.1.3) lib/action_dispatch/middleware/callbacks.rb:30:in `call'
actionpack (8.1.3) lib/action_dispatch/middleware/executor.rb:20:in `call'
actionpack (8.1.3) lib/action_dispatch/middleware/actionable_exceptions.rb:18:in `call'
actionpack (8.1.3) lib/action_dispatch/middleware/debug_exceptions.rb:31:in `call'
web-console (4.3.0) lib/web_console/middleware.rb:132:in `call_app'
web-console (4.3.0) lib/web_console/middleware.rb:28:in `block in call'
web-console (4.3.0) lib/web_console/middleware.rb:17:in `catch'
web-console (4.3.0) lib/web_console/middleware.rb:17:in `call'
actionpack (8.1.3) lib/action_dispatch/middleware/show_exceptions.rb:32:in `call'
railties (8.1.3) lib/rails/rack/logger.rb:41:in `call_app'
railties (8.1.3) lib/rails/rack/logger.rb:29:in `call'
propshaft (1.3.2) lib/propshaft/quiet_assets.rb:11:in `call'
actionpack (8.1.3) lib/action_dispatch/middleware/remote_ip.rb:98:in `call'
actionpack (8.1.3) lib/action_dispatch/middleware/request_id.rb:34:in `call'
rack (3.2.6) lib/rack/method_override.rb:28:in `call'
rack (3.2.6) lib/rack/runtime.rb:24:in `call'
activesupport (8.1.3) lib/active_support/cache/strategy/local_cache_middleware.rb:30:in `call'
actionpack (8.1.3) lib/action_dispatch/middleware/server_timing.rb:61:in `block in call'
actionpack (8.1.3) lib/action_dispatch/middleware/server_timing.rb:26:in `collect_events'
actionpack (8.1.3) lib/action_dispatch/middleware/server_timing.rb:60:in `call'
actionpack (8.1.3) lib/action_dispatch/middleware/executor.rb:20:in `call'
propshaft (1.3.2) lib/propshaft/server.rb:37:in `call'
actionpack (8.1.3) lib/action_dispatch/middleware/static.rb:27:in `call'
rack (3.2.6) lib/rack/sendfile.rb:131:in `call'
actionpack (8.1.3) lib/action_dispatch/middleware/host_authorization.rb:143:in `call'
railties (8.1.3) lib/rails/engine.rb:534:in `call'
puma (8.0.1) lib/puma/configuration.rb:305:in `call'
puma (8.0.1) lib/puma/response.rb:79:in `block in handle_request'
puma (8.0.1) lib/puma/thread_pool.rb:434:in `with_force_shutdown'
puma (8.0.1) lib/puma/response.rb:78:in `handle_request'
puma (8.0.1) lib/puma/server.rb:508:in `process_client'
puma (8.0.1) lib/puma/server.rb:263:in `block in run'
puma (8.0.1) lib/puma/thread_pool.rb:246:in `block in spawn_thread'
Started GET "/events/1" for 127.0.0.1 at 2026-05-06 10:58:44 +0530
Processing by EventsController#show as HTML
  Parameters: {"id"=>"1"}
  [1m[36mEvent Load (0.4ms)[0m  [1m[34mSELECT "events".* FROM "events" WHERE "events"."id" = 1 LIMIT 1 /*action='show',application='BillettoAssignment',controller='events'*/[0m
  ↳ app/controllers/events_controller.rb:49:in `set_event'
  Rendering layout layouts/application.html.erb
  Rendering events/show.html.erb within layouts/application
  Rendered events/show.html.erb within layouts/application (Duration: 2.1ms | GC: 0.0ms)
  Rendered layout layouts/application.html.erb (Duration: 3.0ms | GC: 0.0ms)
Completed 200 OK in 6ms (Views: 3.4ms | ActiveRecord: 0.4ms (1 query, 0 cached) | GC: 0.1ms)


Started POST "/events/1/downvote" for 127.0.0.1 at 2026-05-06 10:58:44 +0530
Processing by EventsController#downvote as TURBO_STREAM
  Parameters: {"authenticity_token"=>"[FILTERED]", "commit"=>"ðŸ‘Ž Downvote", "id"=>"1"}
HTTP Origin header (http://127.0.0.1:36595) didn't match request.base_url (http://localhost:3000)
Completed 422 Unprocessable Content in 2ms (ActiveRecord: 0.0ms (0 queries, 0 cached) | GC: 0.0ms)


  
ActionController::InvalidAuthenticityToken (HTTP Origin header (http://127.0.0.1:36595) didn't match request.base_url (http://localhost:3000)):
  
actionpack (8.1.3) lib/action_controller/metal/request_forgery_protection.rb:321:in `handle_unverified_request'
actionpack (8.1.3) lib/action_controller/metal/request_forgery_protection.rb:415:in `handle_unverified_request'
actionpack (8.1.3) lib/action_controller/metal/request_forgery_protection.rb:404:in `verify_authenticity_token'
activesupport (8.1.3) lib/active_support/callbacks.rb:362:in `block in make_lambda'
activesupport (8.1.3) lib/active_support/callbacks.rb:179:in `block in call'
actionpack (8.1.3) lib/abstract_controller/callbacks.rb:36:in `block (2 levels) in <module:Callbacks>'
activesupport (8.1.3) lib/active_support/callbacks.rb:180:in `call'
activesupport (8.1.3) lib/active_support/callbacks.rb:560:in `block in invoke_before'
activesupport (8.1.3) lib/active_support/callbacks.rb:560:in `each'
activesupport (8.1.3) lib/active_support/callbacks.rb:560:in `invoke_before'
activesupport (8.1.3) lib/active_support/callbacks.rb:119:in `block in run_callbacks'
activesupport (8.1.3) lib/active_support/callbacks.rb:141:in `run_callbacks'
actionpack (8.1.3) lib/abstract_controller/callbacks.rb:266:in `process_action'
actionpack (8.1.3) lib/action_controller/metal/rescue.rb:36:in `process_action'
actionpack (8.1.3) lib/action_controller/metal/instrumentation.rb:76:in `block in process_action'
activesupport (8.1.3) lib/active_support/notifications.rb:210:in `block in instrument'
activesupport (8.1.3) lib/active_support/notifications/instrumenter.rb:58:in `instrument'
activesupport (8.1.3) lib/active_support/notifications.rb:210:in `instrument'
actionpack (8.1.3) lib/action_controller/metal/instrumentation.rb:75:in `process_action'
actionpack (8.1.3) lib/action_controller/metal/params_wrapper.rb:259:in `process_action'
activerecord (8.1.3) lib/active_record/railties/controller_runtime.rb:39:in `process_action'
actionpack (8.1.3) lib/abstract_controller/base.rb:154:in `process'
actionview (8.1.3) lib/action_view/rendering.rb:40:in `process'
actionpack (8.1.3) lib/action_controller/metal.rb:252:in `dispatch'
actionpack (8.1.3) lib/action_controller/metal.rb:335:in `dispatch'
actionpack (8.1.3) lib/action_dispatch/routing/route_set.rb:65:in `dispatch'
actionpack (8.1.3) lib/action_dispatch/routing/route_set.rb:50:in `serve'
actionpack (8.1.3) lib/action_dispatch/journey/router.rb:35:in `block in serve'
actionpack (8.1.3) lib/action_dispatch/journey/router.rb:86:in `block in recognize'
actionpack (8.1.3) lib/action_dispatch/journey/router.rb:66:in `each'
actionpack (8.1.3) lib/action_dispatch/journey/router.rb:66:in `recognize'
actionpack (8.1.3) lib/action_dispatch/journey/router.rb:31:in `serve'
actionpack (8.1.3) lib/action_dispatch/routing/route_set.rb:906:in `call'
railties (8.1.3) lib/rails/engine/lazy_route_set.rb:60:in `call'
rails_event_store (2.18.0) lib/rails_event_store/middleware.rb:11:in `block in call'
rails_event_store (2.18.0) lib/rails_event_store/client.rb:85:in `block in with_request_metadata'
ruby_event_store (2.18.0) lib/ruby_event_store/client.rb:301:in `with_metadata'
rails_event_store (2.18.0) lib/rails_event_store/client.rb:85:in `with_request_metadata'
rails_event_store (2.18.0) lib/rails_event_store/middleware.rb:11:in `call'
rack (3.2.6) lib/rack/tempfile_reaper.rb:20:in `call'
rack (3.2.6) lib/rack/etag.rb:29:in `call'
rack (3.2.6) lib/rack/conditional_get.rb:44:in `call'
rack (3.2.6) lib/rack/head.rb:15:in `call'
actionpack (8.1.3) lib/action_dispatch/http/content_security_policy.rb:38:in `call'
rack-session (2.1.2) lib/rack/session/abstract/id.rb:274:in `context'
rack-session (2.1.2) lib/rack/session/abstract/id.rb:268:in `call'
actionpack (8.1.3) lib/action_dispatch/middleware/cookies.rb:708:in `call'
activerecord (8.1.3) lib/active_record/migration.rb:671:in `call'
actionpack (8.1.3) lib/action_dispatch/middleware/callbacks.rb:31:in `block in call'
activesupport (8.1.3) lib/active_support/callbacks.rb:101:in `run_callbacks'
actionpack (8.1.3) lib/action_dispatch/middleware/callbacks.rb:30:in `call'
actionpack (8.1.3) lib/action_dispatch/middleware/executor.rb:20:in `call'
actionpack (8.1.3) lib/action_dispatch/middleware/actionable_exceptions.rb:18:in `call'
actionpack (8.1.3) lib/action_dispatch/middleware/debug_exceptions.rb:31:in `call'
web-console (4.3.0) lib/web_console/middleware.rb:132:in `call_app'
web-console (4.3.0) lib/web_console/middleware.rb:28:in `block in call'
web-console (4.3.0) lib/web_console/middleware.rb:17:in `catch'
web-console (4.3.0) lib/web_console/middleware.rb:17:in `call'
actionpack (8.1.3) lib/action_dispatch/middleware/show_exceptions.rb:32:in `call'
railties (8.1.3) lib/rails/rack/logger.rb:41:in `call_app'
railties (8.1.3) lib/rails/rack/logger.rb:29:in `call'
propshaft (1.3.2) lib/propshaft/quiet_assets.rb:11:in `call'
actionpack (8.1.3) lib/action_dispatch/middleware/remote_ip.rb:98:in `call'
actionpack (8.1.3) lib/action_dispatch/middleware/request_id.rb:34:in `call'
rack (3.2.6) lib/rack/method_override.rb:28:in `call'
rack (3.2.6) lib/rack/runtime.rb:24:in `call'
activesupport (8.1.3) lib/active_support/cache/strategy/local_cache_middleware.rb:30:in `call'
actionpack (8.1.3) lib/action_dispatch/middleware/server_timing.rb:61:in `block in call'
actionpack (8.1.3) lib/action_dispatch/middleware/server_timing.rb:26:in `collect_events'
actionpack (8.1.3) lib/action_dispatch/middleware/server_timing.rb:60:in `call'
actionpack (8.1.3) lib/action_dispatch/middleware/executor.rb:20:in `call'
propshaft (1.3.2) lib/propshaft/server.rb:37:in `call'
actionpack (8.1.3) lib/action_dispatch/middleware/static.rb:27:in `call'
rack (3.2.6) lib/rack/sendfile.rb:131:in `call'
actionpack (8.1.3) lib/action_dispatch/middleware/host_authorization.rb:143:in `call'
railties (8.1.3) lib/rails/engine.rb:534:in `call'
puma (8.0.1) lib/puma/configuration.rb:305:in `call'
puma (8.0.1) lib/puma/response.rb:79:in `block in handle_request'
puma (8.0.1) lib/puma/thread_pool.rb:434:in `with_force_shutdown'
puma (8.0.1) lib/puma/response.rb:78:in `handle_request'
puma (8.0.1) lib/puma/server.rb:508:in `process_client'
puma (8.0.1) lib/puma/server.rb:263:in `block in run'
puma (8.0.1) lib/puma/thread_pool.rb:246:in `block in spawn_thread'
Started GET "/events/1" for 127.0.0.1 at 2026-05-06 10:58:44 +0530
Processing by EventsController#show as HTML
  Parameters: {"id"=>"1"}
  [1m[36mEvent Load (0.4ms)[0m  [1m[34mSELECT "events".* FROM "events" WHERE "events"."id" = 1 LIMIT 1 /*action='show',application='BillettoAssignment',controller='events'*/[0m
  ↳ app/controllers/events_controller.rb:49:in `set_event'
  Rendering layout layouts/application.html.erb
  Rendering events/show.html.erb within layouts/application
  Rendered events/show.html.erb within layouts/application (Duration: 1.6ms | GC: 0.0ms)
  Rendered layout layouts/application.html.erb (Duration: 2.3ms | GC: 0.0ms)
Completed 200 OK in 5ms (Views: 2.8ms | ActiveRecord: 0.4ms (1 query, 0 cached) | GC: 0.0ms)


Started POST "/events/1/downvote" for 127.0.0.1 at 2026-05-06 10:58:45 +0530
Processing by EventsController#downvote as TURBO_STREAM
  Parameters: {"authenticity_token"=>"[FILTERED]", "commit"=>"ðŸ‘Ž Downvote", "id"=>"1"}
HTTP Origin header (http://127.0.0.1:36595) didn't match request.base_url (http://localhost:3000)
Completed 422 Unprocessable Content in 2ms (ActiveRecord: 0.0ms (0 queries, 0 cached) | GC: 0.0ms)


  
ActionController::InvalidAuthenticityToken (HTTP Origin header (http://127.0.0.1:36595) didn't match request.base_url (http://localhost:3000)):
  
actionpack (8.1.3) lib/action_controller/metal/request_forgery_protection.rb:321:in `handle_unverified_request'
actionpack (8.1.3) lib/action_controller/metal/request_forgery_protection.rb:415:in `handle_unverified_request'
actionpack (8.1.3) lib/action_controller/metal/request_forgery_protection.rb:404:in `verify_authenticity_token'
activesupport (8.1.3) lib/active_support/callbacks.rb:362:in `block in make_lambda'
activesupport (8.1.3) lib/active_support/callbacks.rb:179:in `block in call'
actionpack (8.1.3) lib/abstract_controller/callbacks.rb:36:in `block (2 levels) in <module:Callbacks>'
activesupport (8.1.3) lib/active_support/callbacks.rb:180:in `call'
activesupport (8.1.3) lib/active_support/callbacks.rb:560:in `block in invoke_before'
activesupport (8.1.3) lib/active_support/callbacks.rb:560:in `each'
activesupport (8.1.3) lib/active_support/callbacks.rb:560:in `invoke_before'
activesupport (8.1.3) lib/active_support/callbacks.rb:119:in `block in run_callbacks'
activesupport (8.1.3) lib/active_support/callbacks.rb:141:in `run_callbacks'
actionpack (8.1.3) lib/abstract_controller/callbacks.rb:266:in `process_action'
actionpack (8.1.3) lib/action_controller/metal/rescue.rb:36:in `process_action'
actionpack (8.1.3) lib/action_controller/metal/instrumentation.rb:76:in `block in process_action'
activesupport (8.1.3) lib/active_support/notifications.rb:210:in `block in instrument'
activesupport (8.1.3) lib/active_support/notifications/instrumenter.rb:58:in `instrument'
activesupport (8.1.3) lib/active_support/notifications.rb:210:in `instrument'
actionpack (8.1.3) lib/action_controller/metal/instrumentation.rb:75:in `process_action'
actionpack (8.1.3) lib/action_controller/metal/params_wrapper.rb:259:in `process_action'
activerecord (8.1.3) lib/active_record/railties/controller_runtime.rb:39:in `process_action'
actionpack (8.1.3) lib/abstract_controller/base.rb:154:in `process'
actionview (8.1.3) lib/action_view/rendering.rb:40:in `process'
actionpack (8.1.3) lib/action_controller/metal.rb:252:in `dispatch'
actionpack (8.1.3) lib/action_controller/metal.rb:335:in `dispatch'
actionpack (8.1.3) lib/action_dispatch/routing/route_set.rb:65:in `dispatch'
actionpack (8.1.3) lib/action_dispatch/routing/route_set.rb:50:in `serve'
actionpack (8.1.3) lib/action_dispatch/journey/router.rb:35:in `block in serve'
actionpack (8.1.3) lib/action_dispatch/journey/router.rb:86:in `block in recognize'
actionpack (8.1.3) lib/action_dispatch/journey/router.rb:66:in `each'
actionpack (8.1.3) lib/action_dispatch/journey/router.rb:66:in `recognize'
actionpack (8.1.3) lib/action_dispatch/journey/router.rb:31:in `serve'
actionpack (8.1.3) lib/action_dispatch/routing/route_set.rb:906:in `call'
railties (8.1.3) lib/rails/engine/lazy_route_set.rb:60:in `call'
rails_event_store (2.18.0) lib/rails_event_store/middleware.rb:11:in `block in call'
rails_event_store (2.18.0) lib/rails_event_store/client.rb:85:in `block in with_request_metadata'
ruby_event_store (2.18.0) lib/ruby_event_store/client.rb:301:in `with_metadata'
rails_event_store (2.18.0) lib/rails_event_store/client.rb:85:in `with_request_metadata'
rails_event_store (2.18.0) lib/rails_event_store/middleware.rb:11:in `call'
rack (3.2.6) lib/rack/tempfile_reaper.rb:20:in `call'
rack (3.2.6) lib/rack/etag.rb:29:in `call'
rack (3.2.6) lib/rack/conditional_get.rb:44:in `call'
rack (3.2.6) lib/rack/head.rb:15:in `call'
actionpack (8.1.3) lib/action_dispatch/http/content_security_policy.rb:38:in `call'
rack-session (2.1.2) lib/rack/session/abstract/id.rb:274:in `context'
rack-session (2.1.2) lib/rack/session/abstract/id.rb:268:in `call'
actionpack (8.1.3) lib/action_dispatch/middleware/cookies.rb:708:in `call'
activerecord (8.1.3) lib/active_record/migration.rb:671:in `call'
actionpack (8.1.3) lib/action_dispatch/middleware/callbacks.rb:31:in `block in call'
activesupport (8.1.3) lib/active_support/callbacks.rb:101:in `run_callbacks'
actionpack (8.1.3) lib/action_dispatch/middleware/callbacks.rb:30:in `call'
actionpack (8.1.3) lib/action_dispatch/middleware/executor.rb:20:in `call'
actionpack (8.1.3) lib/action_dispatch/middleware/actionable_exceptions.rb:18:in `call'
actionpack (8.1.3) lib/action_dispatch/middleware/debug_exceptions.rb:31:in `call'
web-console (4.3.0) lib/web_console/middleware.rb:132:in `call_app'
web-console (4.3.0) lib/web_console/middleware.rb:28:in `block in call'
web-console (4.3.0) lib/web_console/middleware.rb:17:in `catch'
web-console (4.3.0) lib/web_console/middleware.rb:17:in `call'
actionpack (8.1.3) lib/action_dispatch/middleware/show_exceptions.rb:32:in `call'
railties (8.1.3) lib/rails/rack/logger.rb:41:in `call_app'
railties (8.1.3) lib/rails/rack/logger.rb:29:in `call'
propshaft (1.3.2) lib/propshaft/quiet_assets.rb:11:in `call'
actionpack (8.1.3) lib/action_dispatch/middleware/remote_ip.rb:98:in `call'
actionpack (8.1.3) lib/action_dispatch/middleware/request_id.rb:34:in `call'
rack (3.2.6) lib/rack/method_override.rb:28:in `call'
rack (3.2.6) lib/rack/runtime.rb:24:in `call'
activesupport (8.1.3) lib/active_support/cache/strategy/local_cache_middleware.rb:30:in `call'
actionpack (8.1.3) lib/action_dispatch/middleware/server_timing.rb:61:in `block in call'
actionpack (8.1.3) lib/action_dispatch/middleware/server_timing.rb:26:in `collect_events'
actionpack (8.1.3) lib/action_dispatch/middleware/server_timing.rb:60:in `call'
actionpack (8.1.3) lib/action_dispatch/middleware/executor.rb:20:in `call'
propshaft (1.3.2) lib/propshaft/server.rb:37:in `call'
actionpack (8.1.3) lib/action_dispatch/middleware/static.rb:27:in `call'
rack (3.2.6) lib/rack/sendfile.rb:131:in `call'
actionpack (8.1.3) lib/action_dispatch/middleware/host_authorization.rb:143:in `call'
railties (8.1.3) lib/rails/engine.rb:534:in `call'
puma (8.0.1) lib/puma/configuration.rb:305:in `call'
puma (8.0.1) lib/puma/response.rb:79:in `block in handle_request'
puma (8.0.1) lib/puma/thread_pool.rb:434:in `with_force_shutdown'
puma (8.0.1) lib/puma/response.rb:78:in `handle_request'
puma (8.0.1) lib/puma/server.rb:508:in `process_client'
puma (8.0.1) lib/puma/server.rb:263:in `block in run'
puma (8.0.1) lib/puma/thread_pool.rb:246:in `block in spawn_thread'
Started GET "/events/1" for 127.0.0.1 at 2026-05-06 10:58:45 +0530
Processing by EventsController#show as HTML
  Parameters: {"id"=>"1"}
  [1m[36mEvent Load (0.5ms)[0m  [1m[34mSELECT "events".* FROM "events" WHERE "events"."id" = 1 LIMIT 1 /*action='show',application='BillettoAssignment',controller='events'*/[0m
  ↳ app/controllers/events_controller.rb:49:in `set_event'
  Rendering layout layouts/application.html.erb
  Rendering events/show.html.erb within layouts/application
  Rendered events/show.html.erb within layouts/application (Duration: 1.3ms | GC: 0.0ms)
  Rendered layout layouts/application.html.erb (Duration: 1.9ms | GC: 0.0ms)
Completed 200 OK in 5ms (Views: 2.3ms | ActiveRecord: 0.5ms (1 query, 0 cached) | GC: 0.0ms)


Started POST "/events/1/upvote" for 127.0.0.1 at 2026-05-06 10:58:46 +0530
Processing by EventsController#upvote as TURBO_STREAM
  Parameters: {"authenticity_token"=>"[FILTERED]", "commit"=>"ðŸ‘\u008D Upvote", "id"=>"1"}
HTTP Origin header (http://127.0.0.1:36595) didn't match request.base_url (http://localhost:3000)
Completed 422 Unprocessable Content in 1ms (ActiveRecord: 0.0ms (0 queries, 0 cached) | GC: 0.0ms)


  
ActionController::InvalidAuthenticityToken (HTTP Origin header (http://127.0.0.1:36595) didn't match request.base_url (http://localhost:3000)):
  
actionpack (8.1.3) lib/action_controller/metal/request_forgery_protection.rb:321:in `handle_unverified_request'
actionpack (8.1.3) lib/action_controller/metal/request_forgery_protection.rb:415:in `handle_unverified_request'
actionpack (8.1.3) lib/action_controller/metal/request_forgery_protection.rb:404:in `verify_authenticity_token'
activesupport (8.1.3) lib/active_support/callbacks.rb:362:in `block in make_lambda'
activesupport (8.1.3) lib/active_support/callbacks.rb:179:in `block in call'
actionpack (8.1.3) lib/abstract_controller/callbacks.rb:36:in `block (2 levels) in <module:Callbacks>'
activesupport (8.1.3) lib/active_support/callbacks.rb:180:in `call'
activesupport (8.1.3) lib/active_support/callbacks.rb:560:in `block in invoke_before'
activesupport (8.1.3) lib/active_support/callbacks.rb:560:in `each'
activesupport (8.1.3) lib/active_support/callbacks.rb:560:in `invoke_before'
activesupport (8.1.3) lib/active_support/callbacks.rb:119:in `block in run_callbacks'
activesupport (8.1.3) lib/active_support/callbacks.rb:141:in `run_callbacks'
actionpack (8.1.3) lib/abstract_controller/callbacks.rb:266:in `process_action'
actionpack (8.1.3) lib/action_controller/metal/rescue.rb:36:in `process_action'
actionpack (8.1.3) lib/action_controller/metal/instrumentation.rb:76:in `block in process_action'
activesupport (8.1.3) lib/active_support/notifications.rb:210:in `block in instrument'
activesupport (8.1.3) lib/active_support/notifications/instrumenter.rb:58:in `instrument'
activesupport (8.1.3) lib/active_support/notifications.rb:210:in `instrument'
actionpack (8.1.3) lib/action_controller/metal/instrumentation.rb:75:in `process_action'
actionpack (8.1.3) lib/action_controller/metal/params_wrapper.rb:259:in `process_action'
activerecord (8.1.3) lib/active_record/railties/controller_runtime.rb:39:in `process_action'
actionpack (8.1.3) lib/abstract_controller/base.rb:154:in `process'
actionview (8.1.3) lib/action_view/rendering.rb:40:in `process'
actionpack (8.1.3) lib/action_controller/metal.rb:252:in `dispatch'
actionpack (8.1.3) lib/action_controller/metal.rb:335:in `dispatch'
actionpack (8.1.3) lib/action_dispatch/routing/route_set.rb:65:in `dispatch'
actionpack (8.1.3) lib/action_dispatch/routing/route_set.rb:50:in `serve'
actionpack (8.1.3) lib/action_dispatch/journey/router.rb:35:in `block in serve'
actionpack (8.1.3) lib/action_dispatch/journey/router.rb:86:in `block in recognize'
actionpack (8.1.3) lib/action_dispatch/journey/router.rb:66:in `each'
actionpack (8.1.3) lib/action_dispatch/journey/router.rb:66:in `recognize'
actionpack (8.1.3) lib/action_dispatch/journey/router.rb:31:in `serve'
actionpack (8.1.3) lib/action_dispatch/routing/route_set.rb:906:in `call'
railties (8.1.3) lib/rails/engine/lazy_route_set.rb:60:in `call'
rails_event_store (2.18.0) lib/rails_event_store/middleware.rb:11:in `block in call'
rails_event_store (2.18.0) lib/rails_event_store/client.rb:85:in `block in with_request_metadata'
ruby_event_store (2.18.0) lib/ruby_event_store/client.rb:301:in `with_metadata'
rails_event_store (2.18.0) lib/rails_event_store/client.rb:85:in `with_request_metadata'
rails_event_store (2.18.0) lib/rails_event_store/middleware.rb:11:in `call'
rack (3.2.6) lib/rack/tempfile_reaper.rb:20:in `call'
rack (3.2.6) lib/rack/etag.rb:29:in `call'
rack (3.2.6) lib/rack/conditional_get.rb:44:in `call'
rack (3.2.6) lib/rack/head.rb:15:in `call'
actionpack (8.1.3) lib/action_dispatch/http/content_security_policy.rb:38:in `call'
rack-session (2.1.2) lib/rack/session/abstract/id.rb:274:in `context'
rack-session (2.1.2) lib/rack/session/abstract/id.rb:268:in `call'
actionpack (8.1.3) lib/action_dispatch/middleware/cookies.rb:708:in `call'
activerecord (8.1.3) lib/active_record/migration.rb:671:in `call'
actionpack (8.1.3) lib/action_dispatch/middleware/callbacks.rb:31:in `block in call'
activesupport (8.1.3) lib/active_support/callbacks.rb:101:in `run_callbacks'
actionpack (8.1.3) lib/action_dispatch/middleware/callbacks.rb:30:in `call'
actionpack (8.1.3) lib/action_dispatch/middleware/executor.rb:20:in `call'
actionpack (8.1.3) lib/action_dispatch/middleware/actionable_exceptions.rb:18:in `call'
actionpack (8.1.3) lib/action_dispatch/middleware/debug_exceptions.rb:31:in `call'
web-console (4.3.0) lib/web_console/middleware.rb:132:in `call_app'
web-console (4.3.0) lib/web_console/middleware.rb:28:in `block in call'
web-console (4.3.0) lib/web_console/middleware.rb:17:in `catch'
web-console (4.3.0) lib/web_console/middleware.rb:17:in `call'
actionpack (8.1.3) lib/action_dispatch/middleware/show_exceptions.rb:32:in `call'
railties (8.1.3) lib/rails/rack/logger.rb:41:in `call_app'
railties (8.1.3) lib/rails/rack/logger.rb:29:in `call'
propshaft (1.3.2) lib/propshaft/quiet_assets.rb:11:in `call'
actionpack (8.1.3) lib/action_dispatch/middleware/remote_ip.rb:98:in `call'
actionpack (8.1.3) lib/action_dispatch/middleware/request_id.rb:34:in `call'
rack (3.2.6) lib/rack/method_override.rb:28:in `call'
rack (3.2.6) lib/rack/runtime.rb:24:in `call'
activesupport (8.1.3) lib/active_support/cache/strategy/local_cache_middleware.rb:30:in `call'
actionpack (8.1.3) lib/action_dispatch/middleware/server_timing.rb:61:in `block in call'
actionpack (8.1.3) lib/action_dispatch/middleware/server_timing.rb:26:in `collect_events'
actionpack (8.1.3) lib/action_dispatch/middleware/server_timing.rb:60:in `call'
actionpack (8.1.3) lib/action_dispatch/middleware/executor.rb:20:in `call'
propshaft (1.3.2) lib/propshaft/server.rb:37:in `call'
actionpack (8.1.3) lib/action_dispatch/middleware/static.rb:27:in `call'
rack (3.2.6) lib/rack/sendfile.rb:131:in `call'
actionpack (8.1.3) lib/action_dispatch/middleware/host_authorization.rb:143:in `call'
railties (8.1.3) lib/rails/engine.rb:534:in `call'
puma (8.0.1) lib/puma/configuration.rb:305:in `call'
puma (8.0.1) lib/puma/response.rb:79:in `block in handle_request'
puma (8.0.1) lib/puma/thread_pool.rb:434:in `with_force_shutdown'
puma (8.0.1) lib/puma/response.rb:78:in `handle_request'
puma (8.0.1) lib/puma/server.rb:508:in `process_client'
puma (8.0.1) lib/puma/server.rb:263:in `block in run'
puma (8.0.1) lib/puma/thread_pool.rb:246:in `block in spawn_thread'
Started GET "/events/1" for 127.0.0.1 at 2026-05-06 10:58:46 +0530
Processing by EventsController#show as HTML
  Parameters: {"id"=>"1"}
  [1m[36mEvent Load (0.5ms)[0m  [1m[34mSELECT "events".* FROM "events" WHERE "events"."id" = 1 LIMIT 1 /*action='show',application='BillettoAssignment',controller='events'*/[0m
  ↳ app/controllers/events_controller.rb:49:in `set_event'
  Rendering layout layouts/application.html.erb
  Rendering events/show.html.erb within layouts/application
  Rendered events/show.html.erb within layouts/application (Duration: 1.8ms | GC: 0.0ms)
  Rendered layout layouts/application.html.erb (Duration: 2.5ms | GC: 0.0ms)
Completed 200 OK in 5ms (Views: 3.1ms | ActiveRecord: 0.5ms (1 query, 0 cached) | GC: 0.0ms)


Started GET "/admin/events/import" for 127.0.0.1 at 2026-05-06 10:58:52 +0530
  
ActionController::RoutingError (No route matches [GET] "/admin/events/import"):
  
Started GET "/events/1" for 127.0.0.1 at 2026-05-06 10:58:56 +0530
Processing by EventsController#show as HTML
  Parameters: {"id"=>"1"}
  [1m[36mEvent Load (0.5ms)[0m  [1m[34mSELECT "events".* FROM "events" WHERE "events"."id" = 1 LIMIT 1 /*action='show',application='BillettoAssignment',controller='events'*/[0m
  ↳ app/controllers/events_controller.rb:49:in `set_event'
  Rendering layout layouts/application.html.erb
  Rendering events/show.html.erb within layouts/application
  Rendered events/show.html.erb within layouts/application (Duration: 3.0ms | GC: 0.3ms)
  Rendered layout layouts/application.html.erb (Duration: 4.4ms | GC: 0.3ms)
Completed 200 OK in 8ms (Views: 5.0ms | ActiveRecord: 0.5ms (1 query, 0 cached) | GC: 0.3ms)


Started GET "/?filter=past" for 127.0.0.1 at 2026-05-06 10:58:57 +0530
Processing by EventsController#index as HTML
  Parameters: {"filter"=>"past"}
  Rendering layout layouts/application.html.erb
  Rendering events/index.html.erb within layouts/application
  [1m[36mEvent Exists? (1.3ms)[0m  [1m[34mSELECT 1 AS one FROM "events" WHERE (start_date <= '2026-05-06 05:28:57.795077') LIMIT 1 OFFSET 0 /*action='index',application='BillettoAssignment',controller='events'*/[0m
  ↳ app/views/events/index.html.erb:11
  Rendered events/index.html.erb within layouts/application (Duration: 8.4ms | GC: 0.9ms)
  Rendered layout layouts/application.html.erb (Duration: 13.8ms | GC: 0.9ms)
Completed 200 OK in 21ms (Views: 14.5ms | ActiveRecord: 1.3ms (1 query, 0 cached) | GC: 0.9ms)


Started GET "/?filter=upcoming" for 127.0.0.1 at 2026-05-06 10:58:57 +0530
Processing by EventsController#index as HTML
  Parameters: {"filter"=>"upcoming"}
  Rendering layout layouts/application.html.erb
  Rendering events/index.html.erb within layouts/application
  [1m[36mEvent Exists? (1.1ms)[0m  [1m[34mSELECT 1 AS one FROM "events" WHERE (start_date > '2026-05-06 05:28:57.952604') LIMIT 1 OFFSET 0 /*action='index',application='BillettoAssignment',controller='events'*/[0m
  ↳ app/views/events/index.html.erb:11
  [1m[36mEvent Load (1.1ms)[0m  [1m[34mSELECT "events".* FROM "events" WHERE (start_date > '2026-05-06 05:28:57.952604') ORDER BY "events"."start_date" ASC LIMIT 12 OFFSET 0 /*action='index',application='BillettoAssignment',controller='events'*/[0m
  ↳ app/views/events/index.html.erb:22
  [1m[36mEvent Count (1.0ms)[0m  [1m[34mSELECT COUNT(*) FROM "events" WHERE (start_date > '2026-05-06 05:28:57.952604') /*action='index',application='BillettoAssignment',controller='events'*/[0m
  ↳ app/views/events/index.html.erb:76
  Rendered events/index.html.erb within layouts/application (Duration: 42.3ms | GC: 0.0ms)
  Rendered layout layouts/application.html.erb (Duration: 44.9ms | GC: 0.0ms)
Completed 200 OK in 48ms (Views: 42.8ms | ActiveRecord: 3.2ms (3 queries, 0 cached) | GC: 0.0ms)


Started GET "/" for 127.0.0.1 at 2026-05-06 10:58:58 +0530
Processing by EventsController#index as HTML
  Rendering layout layouts/application.html.erb
  Rendering events/index.html.erb within layouts/application
  [1m[36mEvent Exists? (0.7ms)[0m  [1m[34mSELECT 1 AS one FROM "events" LIMIT 1 OFFSET 0 /*action='index',application='BillettoAssignment',controller='events'*/[0m
  ↳ app/views/events/index.html.erb:11
  [1m[36mEvent Load (0.8ms)[0m  [1m[34mSELECT "events".* FROM "events" ORDER BY "events"."start_date" ASC LIMIT 12 OFFSET 0 /*action='index',application='BillettoAssignment',controller='events'*/[0m
  ↳ app/views/events/index.html.erb:22
  [1m[36mEvent Count (0.7ms)[0m  [1m[34mSELECT COUNT(*) FROM "events" /*action='index',application='BillettoAssignment',controller='events'*/[0m
  ↳ app/views/events/index.html.erb:76
  Rendered events/index.html.erb within layouts/application (Duration: 36.6ms | GC: 4.4ms)
  Rendered layout layouts/application.html.erb (Duration: 38.1ms | GC: 4.4ms)
Completed 200 OK in 40ms (Views: 36.7ms | ActiveRecord: 2.1ms (3 queries, 0 cached) | GC: 4.4ms)


Started POST "/events/11/downvote" for 127.0.0.1 at 2026-05-06 10:59:01 +0530
Processing by EventsController#downvote as TURBO_STREAM
  Parameters: {"authenticity_token"=>"[FILTERED]", "commit"=>"👎", "id"=>"11"}
HTTP Origin header (http://127.0.0.1:36595) didn't match request.base_url (http://localhost:3000)
Completed 422 Unprocessable Content in 1ms (ActiveRecord: 0.0ms (0 queries, 0 cached) | GC: 0.0ms)


  
ActionController::InvalidAuthenticityToken (HTTP Origin header (http://127.0.0.1:36595) didn't match request.base_url (http://localhost:3000)):
  
actionpack (8.1.3) lib/action_controller/metal/request_forgery_protection.rb:321:in `handle_unverified_request'
actionpack (8.1.3) lib/action_controller/metal/request_forgery_protection.rb:415:in `handle_unverified_request'
actionpack (8.1.3) lib/action_controller/metal/request_forgery_protection.rb:404:in `verify_authenticity_token'
activesupport (8.1.3) lib/active_support/callbacks.rb:362:in `block in make_lambda'
activesupport (8.1.3) lib/active_support/callbacks.rb:179:in `block in call'
actionpack (8.1.3) lib/abstract_controller/callbacks.rb:36:in `block (2 levels) in <module:Callbacks>'
activesupport (8.1.3) lib/active_support/callbacks.rb:180:in `call'
activesupport (8.1.3) lib/active_support/callbacks.rb:560:in `block in invoke_before'
activesupport (8.1.3) lib/active_support/callbacks.rb:560:in `each'
activesupport (8.1.3) lib/active_support/callbacks.rb:560:in `invoke_before'
activesupport (8.1.3) lib/active_support/callbacks.rb:119:in `block in run_callbacks'
activesupport (8.1.3) lib/active_support/callbacks.rb:141:in `run_callbacks'
actionpack (8.1.3) lib/abstract_controller/callbacks.rb:266:in `process_action'
actionpack (8.1.3) lib/action_controller/metal/rescue.rb:36:in `process_action'
actionpack (8.1.3) lib/action_controller/metal/instrumentation.rb:76:in `block in process_action'
activesupport (8.1.3) lib/active_support/notifications.rb:210:in `block in instrument'
activesupport (8.1.3) lib/active_support/notifications/instrumenter.rb:58:in `instrument'
activesupport (8.1.3) lib/active_support/notifications.rb:210:in `instrument'
actionpack (8.1.3) lib/action_controller/metal/instrumentation.rb:75:in `process_action'
actionpack (8.1.3) lib/action_controller/metal/params_wrapper.rb:259:in `process_action'
activerecord (8.1.3) lib/active_record/railties/controller_runtime.rb:39:in `process_action'
actionpack (8.1.3) lib/abstract_controller/base.rb:154:in `process'
actionview (8.1.3) lib/action_view/rendering.rb:40:in `process'
actionpack (8.1.3) lib/action_controller/metal.rb:252:in `dispatch'
actionpack (8.1.3) lib/action_controller/metal.rb:335:in `dispatch'
actionpack (8.1.3) lib/action_dispatch/routing/route_set.rb:65:in `dispatch'
actionpack (8.1.3) lib/action_dispatch/routing/route_set.rb:50:in `serve'
actionpack (8.1.3) lib/action_dispatch/journey/router.rb:35:in `block in serve'
actionpack (8.1.3) lib/action_dispatch/journey/router.rb:86:in `block in recognize'
actionpack (8.1.3) lib/action_dispatch/journey/router.rb:66:in `each'
actionpack (8.1.3) lib/action_dispatch/journey/router.rb:66:in `recognize'
actionpack (8.1.3) lib/action_dispatch/journey/router.rb:31:in `serve'
actionpack (8.1.3) lib/action_dispatch/routing/route_set.rb:906:in `call'
railties (8.1.3) lib/rails/engine/lazy_route_set.rb:60:in `call'
rails_event_store (2.18.0) lib/rails_event_store/middleware.rb:11:in `block in call'
rails_event_store (2.18.0) lib/rails_event_store/client.rb:85:in `block in with_request_metadata'
ruby_event_store (2.18.0) lib/ruby_event_store/client.rb:301:in `with_metadata'
rails_event_store (2.18.0) lib/rails_event_store/client.rb:85:in `with_request_metadata'
rails_event_store (2.18.0) lib/rails_event_store/middleware.rb:11:in `call'
rack (3.2.6) lib/rack/tempfile_reaper.rb:20:in `call'
rack (3.2.6) lib/rack/etag.rb:29:in `call'
rack (3.2.6) lib/rack/conditional_get.rb:44:in `call'
rack (3.2.6) lib/rack/head.rb:15:in `call'
actionpack (8.1.3) lib/action_dispatch/http/content_security_policy.rb:38:in `call'
rack-session (2.1.2) lib/rack/session/abstract/id.rb:274:in `context'
rack-session (2.1.2) lib/rack/session/abstract/id.rb:268:in `call'
actionpack (8.1.3) lib/action_dispatch/middleware/cookies.rb:708:in `call'
activerecord (8.1.3) lib/active_record/migration.rb:671:in `call'
actionpack (8.1.3) lib/action_dispatch/middleware/callbacks.rb:31:in `block in call'
activesupport (8.1.3) lib/active_support/callbacks.rb:101:in `run_callbacks'
actionpack (8.1.3) lib/action_dispatch/middleware/callbacks.rb:30:in `call'
actionpack (8.1.3) lib/action_dispatch/middleware/executor.rb:20:in `call'
actionpack (8.1.3) lib/action_dispatch/middleware/actionable_exceptions.rb:18:in `call'
actionpack (8.1.3) lib/action_dispatch/middleware/debug_exceptions.rb:31:in `call'
web-console (4.3.0) lib/web_console/middleware.rb:132:in `call_app'
web-console (4.3.0) lib/web_console/middleware.rb:28:in `block in call'
web-console (4.3.0) lib/web_console/middleware.rb:17:in `catch'
web-console (4.3.0) lib/web_console/middleware.rb:17:in `call'
actionpack (8.1.3) lib/action_dispatch/middleware/show_exceptions.rb:32:in `call'
railties (8.1.3) lib/rails/rack/logger.rb:41:in `call_app'
railties (8.1.3) lib/rails/rack/logger.rb:29:in `call'
propshaft (1.3.2) lib/propshaft/quiet_assets.rb:11:in `call'
actionpack (8.1.3) lib/action_dispatch/middleware/remote_ip.rb:98:in `call'
actionpack (8.1.3) lib/action_dispatch/middleware/request_id.rb:34:in `call'
rack (3.2.6) lib/rack/method_override.rb:28:in `call'
rack (3.2.6) lib/rack/runtime.rb:24:in `call'
activesupport (8.1.3) lib/active_support/cache/strategy/local_cache_middleware.rb:30:in `call'
actionpack (8.1.3) lib/action_dispatch/middleware/server_timing.rb:61:in `block in call'
actionpack (8.1.3) lib/action_dispatch/middleware/server_timing.rb:26:in `collect_events'
actionpack (8.1.3) lib/action_dispatch/middleware/server_timing.rb:60:in `call'
actionpack (8.1.3) lib/action_dispatch/middleware/executor.rb:20:in `call'
propshaft (1.3.2) lib/propshaft/server.rb:37:in `call'
actionpack (8.1.3) lib/action_dispatch/middleware/static.rb:27:in `call'
rack (3.2.6) lib/rack/sendfile.rb:131:in `call'
actionpack (8.1.3) lib/action_dispatch/middleware/host_authorization.rb:143:in `call'
railties (8.1.3) lib/rails/engine.rb:534:in `call'
puma (8.0.1) lib/puma/configuration.rb:305:in `call'
puma (8.0.1) lib/puma/response.rb:79:in `block in handle_request'
puma (8.0.1) lib/puma/thread_pool.rb:434:in `with_force_shutdown'
puma (8.0.1) lib/puma/response.rb:78:in `handle_request'
puma (8.0.1) lib/puma/server.rb:508:in `process_client'
puma (8.0.1) lib/puma/server.rb:263:in `block in run'
puma (8.0.1) lib/puma/thread_pool.rb:246:in `block in spawn_thread'
Started GET "/" for 127.0.0.1 at 2026-05-06 10:59:01 +0530
Processing by EventsController#index as HTML
  Rendering layout layouts/application.html.erb
  Rendering events/index.html.erb within layouts/application
  [1m[36mEvent Exists? (0.4ms)[0m  [1m[34mSELECT 1 AS one FROM "events" LIMIT 1 OFFSET 0 /*action='index',application='BillettoAssignment',controller='events'*/[0m
  ↳ app/views/events/index.html.erb:11
  [1m[36mEvent Load (0.5ms)[0m  [1m[34mSELECT "events".* FROM "events" ORDER BY "events"."start_date" ASC LIMIT 12 OFFSET 0 /*action='index',application='BillettoAssignment',controller='events'*/[0m
  ↳ app/views/events/index.html.erb:22
  [1m[36mEvent Count (0.3ms)[0m  [1m[34mSELECT COUNT(*) FROM "events" /*action='index',application='BillettoAssignment',controller='events'*/[0m
  ↳ app/views/events/index.html.erb:76
  Rendered events/index.html.erb within layouts/application (Duration: 16.7ms | GC: 0.3ms)
  Rendered layout layouts/application.html.erb (Duration: 17.8ms | GC: 0.3ms)
Completed 200 OK in 19ms (Views: 17.1ms | ActiveRecord: 1.2ms (3 queries, 0 cached) | GC: 0.3ms)


Started GET "/events/11" for 127.0.0.1 at 2026-05-06 10:59:04 +0530
Processing by EventsController#show as HTML
  Parameters: {"id"=>"11"}
  [1m[36mEvent Load (1.5ms)[0m  [1m[34mSELECT "events".* FROM "events" WHERE "events"."id" = 11 LIMIT 1 /*action='show',application='BillettoAssignment',controller='events'*/[0m
  ↳ app/controllers/events_controller.rb:49:in `set_event'
  Rendering layout layouts/application.html.erb
  Rendering events/show.html.erb within layouts/application
  Rendered events/show.html.erb within layouts/application (Duration: 7.1ms | GC: 0.0ms)
  Rendered layout layouts/application.html.erb (Duration: 10.7ms | GC: 0.0ms)
Completed 200 OK in 21ms (Views: 12.3ms | ActiveRecord: 1.4ms (1 query, 0 cached) | GC: 0.0ms)


Started POST "/events/6/upvote" for 127.0.0.1 at 2026-05-06 10:59:05 +0530
Processing by EventsController#upvote as TURBO_STREAM
  Parameters: {"authenticity_token"=>"[FILTERED]", "commit"=>"ðŸ‘\u008D", "id"=>"6"}
HTTP Origin header (http://127.0.0.1:36595) didn't match request.base_url (http://localhost:3000)
Completed 422 Unprocessable Content in 1ms (ActiveRecord: 0.0ms (0 queries, 0 cached) | GC: 0.0ms)


  
ActionController::InvalidAuthenticityToken (HTTP Origin header (http://127.0.0.1:36595) didn't match request.base_url (http://localhost:3000)):
  
actionpack (8.1.3) lib/action_controller/metal/request_forgery_protection.rb:321:in `handle_unverified_request'
actionpack (8.1.3) lib/action_controller/metal/request_forgery_protection.rb:415:in `handle_unverified_request'
actionpack (8.1.3) lib/action_controller/metal/request_forgery_protection.rb:404:in `verify_authenticity_token'
activesupport (8.1.3) lib/active_support/callbacks.rb:362:in `block in make_lambda'
activesupport (8.1.3) lib/active_support/callbacks.rb:179:in `block in call'
actionpack (8.1.3) lib/abstract_controller/callbacks.rb:36:in `block (2 levels) in <module:Callbacks>'
activesupport (8.1.3) lib/active_support/callbacks.rb:180:in `call'
activesupport (8.1.3) lib/active_support/callbacks.rb:560:in `block in invoke_before'
activesupport (8.1.3) lib/active_support/callbacks.rb:560:in `each'
activesupport (8.1.3) lib/active_support/callbacks.rb:560:in `invoke_before'
activesupport (8.1.3) lib/active_support/callbacks.rb:119:in `block in run_callbacks'
activesupport (8.1.3) lib/active_support/callbacks.rb:141:in `run_callbacks'
actionpack (8.1.3) lib/abstract_controller/callbacks.rb:266:in `process_action'
actionpack (8.1.3) lib/action_controller/metal/rescue.rb:36:in `process_action'
actionpack (8.1.3) lib/action_controller/metal/instrumentation.rb:76:in `block in process_action'
activesupport (8.1.3) lib/active_support/notifications.rb:210:in `block in instrument'
activesupport (8.1.3) lib/active_support/notifications/instrumenter.rb:58:in `instrument'
activesupport (8.1.3) lib/active_support/notifications.rb:210:in `instrument'
actionpack (8.1.3) lib/action_controller/metal/instrumentation.rb:75:in `process_action'
actionpack (8.1.3) lib/action_controller/metal/params_wrapper.rb:259:in `process_action'
activerecord (8.1.3) lib/active_record/railties/controller_runtime.rb:39:in `process_action'
actionpack (8.1.3) lib/abstract_controller/base.rb:154:in `process'
actionview (8.1.3) lib/action_view/rendering.rb:40:in `process'
actionpack (8.1.3) lib/action_controller/metal.rb:252:in `dispatch'
actionpack (8.1.3) lib/action_controller/metal.rb:335:in `dispatch'
actionpack (8.1.3) lib/action_dispatch/routing/route_set.rb:65:in `dispatch'
actionpack (8.1.3) lib/action_dispatch/routing/route_set.rb:50:in `serve'
actionpack (8.1.3) lib/action_dispatch/journey/router.rb:35:in `block in serve'
actionpack (8.1.3) lib/action_dispatch/journey/router.rb:86:in `block in recognize'
actionpack (8.1.3) lib/action_dispatch/journey/router.rb:66:in `each'
actionpack (8.1.3) lib/action_dispatch/journey/router.rb:66:in `recognize'
actionpack (8.1.3) lib/action_dispatch/journey/router.rb:31:in `serve'
actionpack (8.1.3) lib/action_dispatch/routing/route_set.rb:906:in `call'
railties (8.1.3) lib/rails/engine/lazy_route_set.rb:60:in `call'
rails_event_store (2.18.0) lib/rails_event_store/middleware.rb:11:in `block in call'
rails_event_store (2.18.0) lib/rails_event_store/client.rb:85:in `block in with_request_metadata'
ruby_event_store (2.18.0) lib/ruby_event_store/client.rb:301:in `with_metadata'
rails_event_store (2.18.0) lib/rails_event_store/client.rb:85:in `with_request_metadata'
rails_event_store (2.18.0) lib/rails_event_store/middleware.rb:11:in `call'
rack (3.2.6) lib/rack/tempfile_reaper.rb:20:in `call'
rack (3.2.6) lib/rack/etag.rb:29:in `call'
rack (3.2.6) lib/rack/conditional_get.rb:44:in `call'
rack (3.2.6) lib/rack/head.rb:15:in `call'
actionpack (8.1.3) lib/action_dispatch/http/content_security_policy.rb:38:in `call'
rack-session (2.1.2) lib/rack/session/abstract/id.rb:274:in `context'
rack-session (2.1.2) lib/rack/session/abstract/id.rb:268:in `call'
actionpack (8.1.3) lib/action_dispatch/middleware/cookies.rb:708:in `call'
activerecord (8.1.3) lib/active_record/migration.rb:671:in `call'
actionpack (8.1.3) lib/action_dispatch/middleware/callbacks.rb:31:in `block in call'
activesupport (8.1.3) lib/active_support/callbacks.rb:101:in `run_callbacks'
actionpack (8.1.3) lib/action_dispatch/middleware/callbacks.rb:30:in `call'
actionpack (8.1.3) lib/action_dispatch/middleware/executor.rb:20:in `call'
actionpack (8.1.3) lib/action_dispatch/middleware/actionable_exceptions.rb:18:in `call'
actionpack (8.1.3) lib/action_dispatch/middleware/debug_exceptions.rb:31:in `call'
web-console (4.3.0) lib/web_console/middleware.rb:132:in `call_app'
web-console (4.3.0) lib/web_console/middleware.rb:28:in `block in call'
web-console (4.3.0) lib/web_console/middleware.rb:17:in `catch'
web-console (4.3.0) lib/web_console/middleware.rb:17:in `call'
actionpack (8.1.3) lib/action_dispatch/middleware/show_exceptions.rb:32:in `call'
railties (8.1.3) lib/rails/rack/logger.rb:41:in `call_app'
railties (8.1.3) lib/rails/rack/logger.rb:29:in `call'
propshaft (1.3.2) lib/propshaft/quiet_assets.rb:11:in `call'
actionpack (8.1.3) lib/action_dispatch/middleware/remote_ip.rb:98:in `call'
actionpack (8.1.3) lib/action_dispatch/middleware/request_id.rb:34:in `call'
rack (3.2.6) lib/rack/method_override.rb:28:in `call'
rack (3.2.6) lib/rack/runtime.rb:24:in `call'
activesupport (8.1.3) lib/active_support/cache/strategy/local_cache_middleware.rb:30:in `call'
actionpack (8.1.3) lib/action_dispatch/middleware/server_timing.rb:61:in `block in call'
actionpack (8.1.3) lib/action_dispatch/middleware/server_timing.rb:26:in `collect_events'
actionpack (8.1.3) lib/action_dispatch/middleware/server_timing.rb:60:in `call'
actionpack (8.1.3) lib/action_dispatch/middleware/executor.rb:20:in `call'
propshaft (1.3.2) lib/propshaft/server.rb:37:in `call'
actionpack (8.1.3) lib/action_dispatch/middleware/static.rb:27:in `call'
rack (3.2.6) lib/rack/sendfile.rb:131:in `call'
actionpack (8.1.3) lib/action_dispatch/middleware/host_authorization.rb:143:in `call'
railties (8.1.3) lib/rails/engine.rb:534:in `call'
puma (8.0.1) lib/puma/configuration.rb:305:in `call'
puma (8.0.1) lib/puma/response.rb:79:in `block in handle_request'
puma (8.0.1) lib/puma/thread_pool.rb:434:in `with_force_shutdown'
puma (8.0.1) lib/puma/response.rb:78:in `handle_request'
puma (8.0.1) lib/puma/server.rb:508:in `process_client'
puma (8.0.1) lib/puma/server.rb:263:in `block in run'
puma (8.0.1) lib/puma/thread_pool.rb:246:in `block in spawn_thread'
Started GET "/" for 127.0.0.1 at 2026-05-06 10:59:05 +0530
Processing by EventsController#index as HTML
  Rendering layout layouts/application.html.erb
  Rendering events/index.html.erb within layouts/application
  [1m[36mEvent Exists? (0.4ms)[0m  [1m[34mSELECT 1 AS one FROM "events" LIMIT 1 OFFSET 0 /*action='index',application='BillettoAssignment',controller='events'*/[0m
  ↳ app/views/events/index.html.erb:11
  [1m[36mEvent Load (0.4ms)[0m  [1m[34mSELECT "events".* FROM "events" ORDER BY "events"."start_date" ASC LIMIT 12 OFFSET 0 /*action='index',application='BillettoAssignment',controller='events'*/[0m
  ↳ app/views/events/index.html.erb:22
  [1m[36mEvent Count (0.3ms)[0m  [1m[34mSELECT COUNT(*) FROM "events" /*action='index',application='BillettoAssignment',controller='events'*/[0m
  ↳ app/views/events/index.html.erb:76
  Rendered events/index.html.erb within layouts/application (Duration: 15.8ms | GC: 0.0ms)
  Rendered layout layouts/application.html.erb (Duration: 16.6ms | GC: 0.0ms)
Completed 200 OK in 18ms (Views: 16.0ms | ActiveRecord: 1.1ms (3 queries, 0 cached) | GC: 0.0ms)


Started POST "/events/6/downvote" for 127.0.0.1 at 2026-05-06 10:59:05 +0530
Processing by EventsController#downvote as TURBO_STREAM
  Parameters: {"authenticity_token"=>"[FILTERED]", "commit"=>"ðŸ‘Ž", "id"=>"6"}
HTTP Origin header (http://127.0.0.1:36595) didn't match request.base_url (http://localhost:3000)
Completed 422 Unprocessable Content in 2ms (ActiveRecord: 0.0ms (0 queries, 0 cached) | GC: 0.0ms)


  
ActionController::InvalidAuthenticityToken (HTTP Origin header (http://127.0.0.1:36595) didn't match request.base_url (http://localhost:3000)):
  
actionpack (8.1.3) lib/action_controller/metal/request_forgery_protection.rb:321:in `handle_unverified_request'
actionpack (8.1.3) lib/action_controller/metal/request_forgery_protection.rb:415:in `handle_unverified_request'
actionpack (8.1.3) lib/action_controller/metal/request_forgery_protection.rb:404:in `verify_authenticity_token'
activesupport (8.1.3) lib/active_support/callbacks.rb:362:in `block in make_lambda'
activesupport (8.1.3) lib/active_support/callbacks.rb:179:in `block in call'
actionpack (8.1.3) lib/abstract_controller/callbacks.rb:36:in `block (2 levels) in <module:Callbacks>'
activesupport (8.1.3) lib/active_support/callbacks.rb:180:in `call'
activesupport (8.1.3) lib/active_support/callbacks.rb:560:in `block in invoke_before'
activesupport (8.1.3) lib/active_support/callbacks.rb:560:in `each'
activesupport (8.1.3) lib/active_support/callbacks.rb:560:in `invoke_before'
activesupport (8.1.3) lib/active_support/callbacks.rb:119:in `block in run_callbacks'
activesupport (8.1.3) lib/active_support/callbacks.rb:141:in `run_callbacks'
actionpack (8.1.3) lib/abstract_controller/callbacks.rb:266:in `process_action'
actionpack (8.1.3) lib/action_controller/metal/rescue.rb:36:in `process_action'
actionpack (8.1.3) lib/action_controller/metal/instrumentation.rb:76:in `block in process_action'
activesupport (8.1.3) lib/active_support/notifications.rb:210:in `block in instrument'
activesupport (8.1.3) lib/active_support/notifications/instrumenter.rb:58:in `instrument'
activesupport (8.1.3) lib/active_support/notifications.rb:210:in `instrument'
actionpack (8.1.3) lib/action_controller/metal/instrumentation.rb:75:in `process_action'
actionpack (8.1.3) lib/action_controller/metal/params_wrapper.rb:259:in `process_action'
activerecord (8.1.3) lib/active_record/railties/controller_runtime.rb:39:in `process_action'
actionpack (8.1.3) lib/abstract_controller/base.rb:154:in `process'
actionview (8.1.3) lib/action_view/rendering.rb:40:in `process'
actionpack (8.1.3) lib/action_controller/metal.rb:252:in `dispatch'
actionpack (8.1.3) lib/action_controller/metal.rb:335:in `dispatch'
actionpack (8.1.3) lib/action_dispatch/routing/route_set.rb:65:in `dispatch'
actionpack (8.1.3) lib/action_dispatch/routing/route_set.rb:50:in `serve'
actionpack (8.1.3) lib/action_dispatch/journey/router.rb:35:in `block in serve'
actionpack (8.1.3) lib/action_dispatch/journey/router.rb:86:in `block in recognize'
actionpack (8.1.3) lib/action_dispatch/journey/router.rb:66:in `each'
actionpack (8.1.3) lib/action_dispatch/journey/router.rb:66:in `recognize'
actionpack (8.1.3) lib/action_dispatch/journey/router.rb:31:in `serve'
actionpack (8.1.3) lib/action_dispatch/routing/route_set.rb:906:in `call'
railties (8.1.3) lib/rails/engine/lazy_route_set.rb:60:in `call'
rails_event_store (2.18.0) lib/rails_event_store/middleware.rb:11:in `block in call'
rails_event_store (2.18.0) lib/rails_event_store/client.rb:85:in `block in with_request_metadata'
ruby_event_store (2.18.0) lib/ruby_event_store/client.rb:301:in `with_metadata'
rails_event_store (2.18.0) lib/rails_event_store/client.rb:85:in `with_request_metadata'
rails_event_store (2.18.0) lib/rails_event_store/middleware.rb:11:in `call'
rack (3.2.6) lib/rack/tempfile_reaper.rb:20:in `call'
rack (3.2.6) lib/rack/etag.rb:29:in `call'
rack (3.2.6) lib/rack/conditional_get.rb:44:in `call'
rack (3.2.6) lib/rack/head.rb:15:in `call'
actionpack (8.1.3) lib/action_dispatch/http/content_security_policy.rb:38:in `call'
rack-session (2.1.2) lib/rack/session/abstract/id.rb:274:in `context'
rack-session (2.1.2) lib/rack/session/abstract/id.rb:268:in `call'
actionpack (8.1.3) lib/action_dispatch/middleware/cookies.rb:708:in `call'
activerecord (8.1.3) lib/active_record/migration.rb:671:in `call'
actionpack (8.1.3) lib/action_dispatch/middleware/callbacks.rb:31:in `block in call'
activesupport (8.1.3) lib/active_support/callbacks.rb:101:in `run_callbacks'
actionpack (8.1.3) lib/action_dispatch/middleware/callbacks.rb:30:in `call'
actionpack (8.1.3) lib/action_dispatch/middleware/executor.rb:20:in `call'
actionpack (8.1.3) lib/action_dispatch/middleware/actionable_exceptions.rb:18:in `call'
actionpack (8.1.3) lib/action_dispatch/middleware/debug_exceptions.rb:31:in `call'
web-console (4.3.0) lib/web_console/middleware.rb:132:in `call_app'
web-console (4.3.0) lib/web_console/middleware.rb:28:in `block in call'
web-console (4.3.0) lib/web_console/middleware.rb:17:in `catch'
web-console (4.3.0) lib/web_console/middleware.rb:17:in `call'
actionpack (8.1.3) lib/action_dispatch/middleware/show_exceptions.rb:32:in `call'
railties (8.1.3) lib/rails/rack/logger.rb:41:in `call_app'
railties (8.1.3) lib/rails/rack/logger.rb:29:in `call'
propshaft (1.3.2) lib/propshaft/quiet_assets.rb:11:in `call'
actionpack (8.1.3) lib/action_dispatch/middleware/remote_ip.rb:98:in `call'
actionpack (8.1.3) lib/action_dispatch/middleware/request_id.rb:34:in `call'
rack (3.2.6) lib/rack/method_override.rb:28:in `call'
rack (3.2.6) lib/rack/runtime.rb:24:in `call'
activesupport (8.1.3) lib/active_support/cache/strategy/local_cache_middleware.rb:30:in `call'
actionpack (8.1.3) lib/action_dispatch/middleware/server_timing.rb:61:in `block in call'
actionpack (8.1.3) lib/action_dispatch/middleware/server_timing.rb:26:in `collect_events'
actionpack (8.1.3) lib/action_dispatch/middleware/server_timing.rb:60:in `call'
actionpack (8.1.3) lib/action_dispatch/middleware/executor.rb:20:in `call'
propshaft (1.3.2) lib/propshaft/server.rb:37:in `call'
actionpack (8.1.3) lib/action_dispatch/middleware/static.rb:27:in `call'
rack (3.2.6) lib/rack/sendfile.rb:131:in `call'
actionpack (8.1.3) lib/action_dispatch/middleware/host_authorization.rb:143:in `call'
railties (8.1.3) lib/rails/engine.rb:534:in `call'
puma (8.0.1) lib/puma/configuration.rb:305:in `call'
puma (8.0.1) lib/puma/response.rb:79:in `block in handle_request'
puma (8.0.1) lib/puma/thread_pool.rb:434:in `with_force_shutdown'
puma (8.0.1) lib/puma/response.rb:78:in `handle_request'
puma (8.0.1) lib/puma/server.rb:508:in `process_client'
puma (8.0.1) lib/puma/server.rb:263:in `block in run'
puma (8.0.1) lib/puma/thread_pool.rb:246:in `block in spawn_thread'
Started GET "/" for 127.0.0.1 at 2026-05-06 10:59:05 +0530
Processing by EventsController#index as HTML
  Rendering layout layouts/application.html.erb
  Rendering events/index.html.erb within layouts/application
  [1m[36mEvent Exists? (0.4ms)[0m  [1m[34mSELECT 1 AS one FROM "events" LIMIT 1 OFFSET 0 /*action='index',application='BillettoAssignment',controller='events'*/[0m
  ↳ app/views/events/index.html.erb:11
  [1m[36mEvent Load (0.3ms)[0m  [1m[34mSELECT "events".* FROM "events" ORDER BY "events"."start_date" ASC LIMIT 12 OFFSET 0 /*action='index',application='BillettoAssignment',controller='events'*/[0m
  ↳ app/views/events/index.html.erb:22
  [1m[36mEvent Count (0.3ms)[0m  [1m[34mSELECT COUNT(*) FROM "events" /*action='index',application='BillettoAssignment',controller='events'*/[0m
  ↳ app/views/events/index.html.erb:76
  Rendered events/index.html.erb within layouts/application (Duration: 14.6ms | GC: 0.2ms)
  Rendered layout layouts/application.html.erb (Duration: 15.9ms | GC: 0.4ms)
Completed 200 OK in 17ms (Views: 15.6ms | ActiveRecord: 1.0ms (3 queries, 0 cached) | GC: 0.4ms)


Started GET "/events/6" for 127.0.0.1 at 2026-05-06 10:59:06 +0530
Processing by EventsController#show as HTML
  Parameters: {"id"=>"6"}
  [1m[36mEvent Load (0.4ms)[0m  [1m[34mSELECT "events".* FROM "events" WHERE "events"."id" = 6 LIMIT 1 /*action='show',application='BillettoAssignment',controller='events'*/[0m
  ↳ app/controllers/events_controller.rb:49:in `set_event'
  Rendering layout layouts/application.html.erb
  Rendering events/show.html.erb within layouts/application
  Rendered events/show.html.erb within layouts/application (Duration: 1.8ms | GC: 0.0ms)
  Rendered layout layouts/application.html.erb (Duration: 2.8ms | GC: 0.1ms)
Completed 200 OK in 6ms (Views: 3.2ms | ActiveRecord: 0.4ms (1 query, 0 cached) | GC: 0.1ms)


Started POST "/events/1/downvote" for 127.0.0.1 at 2026-05-06 10:59:06 +0530
Processing by EventsController#downvote as TURBO_STREAM
  Parameters: {"authenticity_token"=>"[FILTERED]", "commit"=>"ðŸ‘Ž", "id"=>"1"}
HTTP Origin header (http://127.0.0.1:36595) didn't match request.base_url (http://localhost:3000)
Completed 422 Unprocessable Content in 1ms (ActiveRecord: 0.0ms (0 queries, 0 cached) | GC: 0.0ms)


  
ActionController::InvalidAuthenticityToken (HTTP Origin header (http://127.0.0.1:36595) didn't match request.base_url (http://localhost:3000)):
  
actionpack (8.1.3) lib/action_controller/metal/request_forgery_protection.rb:321:in `handle_unverified_request'
actionpack (8.1.3) lib/action_controller/metal/request_forgery_protection.rb:415:in `handle_unverified_request'
actionpack (8.1.3) lib/action_controller/metal/request_forgery_protection.rb:404:in `verify_authenticity_token'
activesupport (8.1.3) lib/active_support/callbacks.rb:362:in `block in make_lambda'
activesupport (8.1.3) lib/active_support/callbacks.rb:179:in `block in call'
actionpack (8.1.3) lib/abstract_controller/callbacks.rb:36:in `block (2 levels) in <module:Callbacks>'
activesupport (8.1.3) lib/active_support/callbacks.rb:180:in `call'
activesupport (8.1.3) lib/active_support/callbacks.rb:560:in `block in invoke_before'
activesupport (8.1.3) lib/active_support/callbacks.rb:560:in `each'
activesupport (8.1.3) lib/active_support/callbacks.rb:560:in `invoke_before'
activesupport (8.1.3) lib/active_support/callbacks.rb:119:in `block in run_callbacks'
activesupport (8.1.3) lib/active_support/callbacks.rb:141:in `run_callbacks'
actionpack (8.1.3) lib/abstract_controller/callbacks.rb:266:in `process_action'
actionpack (8.1.3) lib/action_controller/metal/rescue.rb:36:in `process_action'
actionpack (8.1.3) lib/action_controller/metal/instrumentation.rb:76:in `block in process_action'
activesupport (8.1.3) lib/active_support/notifications.rb:210:in `block in instrument'
activesupport (8.1.3) lib/active_support/notifications/instrumenter.rb:58:in `instrument'
activesupport (8.1.3) lib/active_support/notifications.rb:210:in `instrument'
actionpack (8.1.3) lib/action_controller/metal/instrumentation.rb:75:in `process_action'
actionpack (8.1.3) lib/action_controller/metal/params_wrapper.rb:259:in `process_action'
activerecord (8.1.3) lib/active_record/railties/controller_runtime.rb:39:in `process_action'
actionpack (8.1.3) lib/abstract_controller/base.rb:154:in `process'
actionview (8.1.3) lib/action_view/rendering.rb:40:in `process'
actionpack (8.1.3) lib/action_controller/metal.rb:252:in `dispatch'
actionpack (8.1.3) lib/action_controller/metal.rb:335:in `dispatch'
actionpack (8.1.3) lib/action_dispatch/routing/route_set.rb:65:in `dispatch'
actionpack (8.1.3) lib/action_dispatch/routing/route_set.rb:50:in `serve'
actionpack (8.1.3) lib/action_dispatch/journey/router.rb:35:in `block in serve'
actionpack (8.1.3) lib/action_dispatch/journey/router.rb:86:in `block in recognize'
actionpack (8.1.3) lib/action_dispatch/journey/router.rb:66:in `each'
actionpack (8.1.3) lib/action_dispatch/journey/router.rb:66:in `recognize'
actionpack (8.1.3) lib/action_dispatch/journey/router.rb:31:in `serve'
actionpack (8.1.3) lib/action_dispatch/routing/route_set.rb:906:in `call'
railties (8.1.3) lib/rails/engine/lazy_route_set.rb:60:in `call'
rails_event_store (2.18.0) lib/rails_event_store/middleware.rb:11:in `block in call'
rails_event_store (2.18.0) lib/rails_event_store/client.rb:85:in `block in with_request_metadata'
ruby_event_store (2.18.0) lib/ruby_event_store/client.rb:301:in `with_metadata'
rails_event_store (2.18.0) lib/rails_event_store/client.rb:85:in `with_request_metadata'
rails_event_store (2.18.0) lib/rails_event_store/middleware.rb:11:in `call'
rack (3.2.6) lib/rack/tempfile_reaper.rb:20:in `call'
rack (3.2.6) lib/rack/etag.rb:29:in `call'
rack (3.2.6) lib/rack/conditional_get.rb:44:in `call'
rack (3.2.6) lib/rack/head.rb:15:in `call'
actionpack (8.1.3) lib/action_dispatch/http/content_security_policy.rb:38:in `call'
rack-session (2.1.2) lib/rack/session/abstract/id.rb:274:in `context'
rack-session (2.1.2) lib/rack/session/abstract/id.rb:268:in `call'
actionpack (8.1.3) lib/action_dispatch/middleware/cookies.rb:708:in `call'
activerecord (8.1.3) lib/active_record/migration.rb:671:in `call'
actionpack (8.1.3) lib/action_dispatch/middleware/callbacks.rb:31:in `block in call'
activesupport (8.1.3) lib/active_support/callbacks.rb:101:in `run_callbacks'
actionpack (8.1.3) lib/action_dispatch/middleware/callbacks.rb:30:in `call'
actionpack (8.1.3) lib/action_dispatch/middleware/executor.rb:20:in `call'
actionpack (8.1.3) lib/action_dispatch/middleware/actionable_exceptions.rb:18:in `call'
actionpack (8.1.3) lib/action_dispatch/middleware/debug_exceptions.rb:31:in `call'
web-console (4.3.0) lib/web_console/middleware.rb:132:in `call_app'
web-console (4.3.0) lib/web_console/middleware.rb:28:in `block in call'
web-console (4.3.0) lib/web_console/middleware.rb:17:in `catch'
web-console (4.3.0) lib/web_console/middleware.rb:17:in `call'
actionpack (8.1.3) lib/action_dispatch/middleware/show_exceptions.rb:32:in `call'
railties (8.1.3) lib/rails/rack/logger.rb:41:in `call_app'
railties (8.1.3) lib/rails/rack/logger.rb:29:in `call'
propshaft (1.3.2) lib/propshaft/quiet_assets.rb:11:in `call'
actionpack (8.1.3) lib/action_dispatch/middleware/remote_ip.rb:98:in `call'
actionpack (8.1.3) lib/action_dispatch/middleware/request_id.rb:34:in `call'
rack (3.2.6) lib/rack/method_override.rb:28:in `call'
rack (3.2.6) lib/rack/runtime.rb:24:in `call'
activesupport (8.1.3) lib/active_support/cache/strategy/local_cache_middleware.rb:30:in `call'
actionpack (8.1.3) lib/action_dispatch/middleware/server_timing.rb:61:in `block in call'
actionpack (8.1.3) lib/action_dispatch/middleware/server_timing.rb:26:in `collect_events'
actionpack (8.1.3) lib/action_dispatch/middleware/server_timing.rb:60:in `call'
actionpack (8.1.3) lib/action_dispatch/middleware/executor.rb:20:in `call'
propshaft (1.3.2) lib/propshaft/server.rb:37:in `call'
actionpack (8.1.3) lib/action_dispatch/middleware/static.rb:27:in `call'
rack (3.2.6) lib/rack/sendfile.rb:131:in `call'
actionpack (8.1.3) lib/action_dispatch/middleware/host_authorization.rb:143:in `call'
railties (8.1.3) lib/rails/engine.rb:534:in `call'
puma (8.0.1) lib/puma/configuration.rb:305:in `call'
puma (8.0.1) lib/puma/response.rb:79:in `block in handle_request'
puma (8.0.1) lib/puma/thread_pool.rb:434:in `with_force_shutdown'
puma (8.0.1) lib/puma/response.rb:78:in `handle_request'
puma (8.0.1) lib/puma/server.rb:508:in `process_client'
puma (8.0.1) lib/puma/server.rb:263:in `block in run'
puma (8.0.1) lib/puma/thread_pool.rb:246:in `block in spawn_thread'
Started GET "/" for 127.0.0.1 at 2026-05-06 10:59:06 +0530
Processing by EventsController#index as HTML
  Rendering layout layouts/application.html.erb
  Rendering events/index.html.erb within layouts/application
  [1m[36mEvent Exists? (1.0ms)[0m  [1m[34mSELECT 1 AS one FROM "events" LIMIT 1 OFFSET 0 /*action='index',application='BillettoAssignment',controller='events'*/[0m
  ↳ app/views/events/index.html.erb:11
  [1m[36mEvent Load (0.5ms)[0m  [1m[34mSELECT "events".* FROM "events" ORDER BY "events"."start_date" ASC LIMIT 12 OFFSET 0 /*action='index',application='BillettoAssignment',controller='events'*/[0m
  ↳ app/views/events/index.html.erb:22
  [1m[36mEvent Count (0.3ms)[0m  [1m[34mSELECT COUNT(*) FROM "events" /*action='index',application='BillettoAssignment',controller='events'*/[0m
  ↳ app/views/events/index.html.erb:76
  Rendered events/index.html.erb within layouts/application (Duration: 16.1ms | GC: 0.1ms)
  Rendered layout layouts/application.html.erb (Duration: 16.8ms | GC: 0.1ms)
Completed 200 OK in 18ms (Views: 15.3ms | ActiveRecord: 1.8ms (3 queries, 0 cached) | GC: 0.1ms)


Started GET "/events/1" for 127.0.0.1 at 2026-05-06 10:59:06 +0530
Processing by EventsController#show as HTML
  Parameters: {"id"=>"1"}
  [1m[36mEvent Load (1.1ms)[0m  [1m[34mSELECT "events".* FROM "events" WHERE "events"."id" = 1 LIMIT 1 /*action='show',application='BillettoAssignment',controller='events'*/[0m
  ↳ app/controllers/events_controller.rb:49:in `set_event'
  Rendering layout layouts/application.html.erb
  Rendering events/show.html.erb within layouts/application
  Rendered events/show.html.erb within layouts/application (Duration: 7.7ms | GC: 0.0ms)
  Rendered layout layouts/application.html.erb (Duration: 11.3ms | GC: 0.0ms)
Completed 200 OK in 22ms (Views: 14.1ms | ActiveRecord: 1.1ms (1 query, 0 cached) | GC: 0.0ms)


Started POST "/events/1/upvote" for 127.0.0.1 at 2026-05-06 10:59:07 +0530
Processing by EventsController#upvote as TURBO_STREAM
  Parameters: {"authenticity_token"=>"[FILTERED]", "commit"=>"ðŸ‘\u008D", "id"=>"1"}
HTTP Origin header (http://127.0.0.1:36595) didn't match request.base_url (http://localhost:3000)
Completed 422 Unprocessable Content in 2ms (ActiveRecord: 0.0ms (0 queries, 0 cached) | GC: 0.0ms)


  
ActionController::InvalidAuthenticityToken (HTTP Origin header (http://127.0.0.1:36595) didn't match request.base_url (http://localhost:3000)):
  
actionpack (8.1.3) lib/action_controller/metal/request_forgery_protection.rb:321:in `handle_unverified_request'
actionpack (8.1.3) lib/action_controller/metal/request_forgery_protection.rb:415:in `handle_unverified_request'
actionpack (8.1.3) lib/action_controller/metal/request_forgery_protection.rb:404:in `verify_authenticity_token'
activesupport (8.1.3) lib/active_support/callbacks.rb:362:in `block in make_lambda'
activesupport (8.1.3) lib/active_support/callbacks.rb:179:in `block in call'
actionpack (8.1.3) lib/abstract_controller/callbacks.rb:36:in `block (2 levels) in <module:Callbacks>'
activesupport (8.1.3) lib/active_support/callbacks.rb:180:in `call'
activesupport (8.1.3) lib/active_support/callbacks.rb:560:in `block in invoke_before'
activesupport (8.1.3) lib/active_support/callbacks.rb:560:in `each'
activesupport (8.1.3) lib/active_support/callbacks.rb:560:in `invoke_before'
activesupport (8.1.3) lib/active_support/callbacks.rb:119:in `block in run_callbacks'
activesupport (8.1.3) lib/active_support/callbacks.rb:141:in `run_callbacks'
actionpack (8.1.3) lib/abstract_controller/callbacks.rb:266:in `process_action'
actionpack (8.1.3) lib/action_controller/metal/rescue.rb:36:in `process_action'
actionpack (8.1.3) lib/action_controller/metal/instrumentation.rb:76:in `block in process_action'
activesupport (8.1.3) lib/active_support/notifications.rb:210:in `block in instrument'
activesupport (8.1.3) lib/active_support/notifications/instrumenter.rb:58:in `instrument'
activesupport (8.1.3) lib/active_support/notifications.rb:210:in `instrument'
actionpack (8.1.3) lib/action_controller/metal/instrumentation.rb:75:in `process_action'
actionpack (8.1.3) lib/action_controller/metal/params_wrapper.rb:259:in `process_action'
activerecord (8.1.3) lib/active_record/railties/controller_runtime.rb:39:in `process_action'
actionpack (8.1.3) lib/abstract_controller/base.rb:154:in `process'
actionview (8.1.3) lib/action_view/rendering.rb:40:in `process'
actionpack (8.1.3) lib/action_controller/metal.rb:252:in `dispatch'
actionpack (8.1.3) lib/action_controller/metal.rb:335:in `dispatch'
actionpack (8.1.3) lib/action_dispatch/routing/route_set.rb:65:in `dispatch'
actionpack (8.1.3) lib/action_dispatch/routing/route_set.rb:50:in `serve'
actionpack (8.1.3) lib/action_dispatch/journey/router.rb:35:in `block in serve'
actionpack (8.1.3) lib/action_dispatch/journey/router.rb:86:in `block in recognize'
actionpack (8.1.3) lib/action_dispatch/journey/router.rb:66:in `each'
actionpack (8.1.3) lib/action_dispatch/journey/router.rb:66:in `recognize'
actionpack (8.1.3) lib/action_dispatch/journey/router.rb:31:in `serve'
actionpack (8.1.3) lib/action_dispatch/routing/route_set.rb:906:in `call'
railties (8.1.3) lib/rails/engine/lazy_route_set.rb:60:in `call'
rails_event_store (2.18.0) lib/rails_event_store/middleware.rb:11:in `block in call'
rails_event_store (2.18.0) lib/rails_event_store/client.rb:85:in `block in with_request_metadata'
ruby_event_store (2.18.0) lib/ruby_event_store/client.rb:301:in `with_metadata'
rails_event_store (2.18.0) lib/rails_event_store/client.rb:85:in `with_request_metadata'
rails_event_store (2.18.0) lib/rails_event_store/middleware.rb:11:in `call'
rack (3.2.6) lib/rack/tempfile_reaper.rb:20:in `call'
rack (3.2.6) lib/rack/etag.rb:29:in `call'
rack (3.2.6) lib/rack/conditional_get.rb:44:in `call'
rack (3.2.6) lib/rack/head.rb:15:in `call'
actionpack (8.1.3) lib/action_dispatch/http/content_security_policy.rb:38:in `call'
rack-session (2.1.2) lib/rack/session/abstract/id.rb:274:in `context'
rack-session (2.1.2) lib/rack/session/abstract/id.rb:268:in `call'
actionpack (8.1.3) lib/action_dispatch/middleware/cookies.rb:708:in `call'
activerecord (8.1.3) lib/active_record/migration.rb:671:in `call'
actionpack (8.1.3) lib/action_dispatch/middleware/callbacks.rb:31:in `block in call'
activesupport (8.1.3) lib/active_support/callbacks.rb:101:in `run_callbacks'
actionpack (8.1.3) lib/action_dispatch/middleware/callbacks.rb:30:in `call'
actionpack (8.1.3) lib/action_dispatch/middleware/executor.rb:20:in `call'
actionpack (8.1.3) lib/action_dispatch/middleware/actionable_exceptions.rb:18:in `call'
actionpack (8.1.3) lib/action_dispatch/middleware/debug_exceptions.rb:31:in `call'
web-console (4.3.0) lib/web_console/middleware.rb:132:in `call_app'
web-console (4.3.0) lib/web_console/middleware.rb:28:in `block in call'
web-console (4.3.0) lib/web_console/middleware.rb:17:in `catch'
web-console (4.3.0) lib/web_console/middleware.rb:17:in `call'
actionpack (8.1.3) lib/action_dispatch/middleware/show_exceptions.rb:32:in `call'
railties (8.1.3) lib/rails/rack/logger.rb:41:in `call_app'
railties (8.1.3) lib/rails/rack/logger.rb:29:in `call'
propshaft (1.3.2) lib/propshaft/quiet_assets.rb:11:in `call'
actionpack (8.1.3) lib/action_dispatch/middleware/remote_ip.rb:98:in `call'
actionpack (8.1.3) lib/action_dispatch/middleware/request_id.rb:34:in `call'
rack (3.2.6) lib/rack/method_override.rb:28:in `call'
rack (3.2.6) lib/rack/runtime.rb:24:in `call'
activesupport (8.1.3) lib/active_support/cache/strategy/local_cache_middleware.rb:30:in `call'
actionpack (8.1.3) lib/action_dispatch/middleware/server_timing.rb:61:in `block in call'
actionpack (8.1.3) lib/action_dispatch/middleware/server_timing.rb:26:in `collect_events'
actionpack (8.1.3) lib/action_dispatch/middleware/server_timing.rb:60:in `call'
actionpack (8.1.3) lib/action_dispatch/middleware/executor.rb:20:in `call'
propshaft (1.3.2) lib/propshaft/server.rb:37:in `call'
actionpack (8.1.3) lib/action_dispatch/middleware/static.rb:27:in `call'
rack (3.2.6) lib/rack/sendfile.rb:131:in `call'
actionpack (8.1.3) lib/action_dispatch/middleware/host_authorization.rb:143:in `call'
railties (8.1.3) lib/rails/engine.rb:534:in `call'
puma (8.0.1) lib/puma/configuration.rb:305:in `call'
puma (8.0.1) lib/puma/response.rb:79:in `block in handle_request'
puma (8.0.1) lib/puma/thread_pool.rb:434:in `with_force_shutdown'
puma (8.0.1) lib/puma/response.rb:78:in `handle_request'
puma (8.0.1) lib/puma/server.rb:508:in `process_client'
puma (8.0.1) lib/puma/server.rb:263:in `block in run'
puma (8.0.1) lib/puma/thread_pool.rb:246:in `block in spawn_thread'
Started GET "/" for 127.0.0.1 at 2026-05-06 10:59:07 +0530
Processing by EventsController#index as HTML
  Rendering layout layouts/application.html.erb
  Rendering events/index.html.erb within layouts/application
  [1m[36mEvent Exists? (0.5ms)[0m  [1m[34mSELECT 1 AS one FROM "events" LIMIT 1 OFFSET 0 /*action='index',application='BillettoAssignment',controller='events'*/[0m
  ↳ app/views/events/index.html.erb:11
  [1m[36mEvent Load (0.4ms)[0m  [1m[34mSELECT "events".* FROM "events" ORDER BY "events"."start_date" ASC LIMIT 12 OFFSET 0 /*action='index',application='BillettoAssignment',controller='events'*/[0m
  ↳ app/views/events/index.html.erb:22
  [1m[36mEvent Count (0.4ms)[0m  [1m[34mSELECT COUNT(*) FROM "events" /*action='index',application='BillettoAssignment',controller='events'*/[0m
  ↳ app/views/events/index.html.erb:76
  Rendered events/index.html.erb within layouts/application (Duration: 13.8ms | GC: 1.2ms)
  Rendered layout layouts/application.html.erb (Duration: 14.5ms | GC: 1.2ms)
Completed 200 OK in 16ms (Views: 13.7ms | ActiveRecord: 1.3ms (3 queries, 0 cached) | GC: 1.2ms)


Started POST "/events/31/downvote" for 127.0.0.1 at 2026-05-06 10:59:09 +0530
Processing by EventsController#downvote as TURBO_STREAM
  Parameters: {"authenticity_token"=>"[FILTERED]", "commit"=>"ðŸ‘Ž", "id"=>"31"}
HTTP Origin header (http://127.0.0.1:36595) didn't match request.base_url (http://localhost:3000)
Completed 422 Unprocessable Content in 1ms (ActiveRecord: 0.0ms (0 queries, 0 cached) | GC: 0.0ms)


  
ActionController::InvalidAuthenticityToken (HTTP Origin header (http://127.0.0.1:36595) didn't match request.base_url (http://localhost:3000)):
  
actionpack (8.1.3) lib/action_controller/metal/request_forgery_protection.rb:321:in `handle_unverified_request'
actionpack (8.1.3) lib/action_controller/metal/request_forgery_protection.rb:415:in `handle_unverified_request'
actionpack (8.1.3) lib/action_controller/metal/request_forgery_protection.rb:404:in `verify_authenticity_token'
activesupport (8.1.3) lib/active_support/callbacks.rb:362:in `block in make_lambda'
activesupport (8.1.3) lib/active_support/callbacks.rb:179:in `block in call'
actionpack (8.1.3) lib/abstract_controller/callbacks.rb:36:in `block (2 levels) in <module:Callbacks>'
activesupport (8.1.3) lib/active_support/callbacks.rb:180:in `call'
activesupport (8.1.3) lib/active_support/callbacks.rb:560:in `block in invoke_before'
activesupport (8.1.3) lib/active_support/callbacks.rb:560:in `each'
activesupport (8.1.3) lib/active_support/callbacks.rb:560:in `invoke_before'
activesupport (8.1.3) lib/active_support/callbacks.rb:119:in `block in run_callbacks'
activesupport (8.1.3) lib/active_support/callbacks.rb:141:in `run_callbacks'
actionpack (8.1.3) lib/abstract_controller/callbacks.rb:266:in `process_action'
actionpack (8.1.3) lib/action_controller/metal/rescue.rb:36:in `process_action'
actionpack (8.1.3) lib/action_controller/metal/instrumentation.rb:76:in `block in process_action'
activesupport (8.1.3) lib/active_support/notifications.rb:210:in `block in instrument'
activesupport (8.1.3) lib/active_support/notifications/instrumenter.rb:58:in `instrument'
activesupport (8.1.3) lib/active_support/notifications.rb:210:in `instrument'
actionpack (8.1.3) lib/action_controller/metal/instrumentation.rb:75:in `process_action'
actionpack (8.1.3) lib/action_controller/metal/params_wrapper.rb:259:in `process_action'
activerecord (8.1.3) lib/active_record/railties/controller_runtime.rb:39:in `process_action'
actionpack (8.1.3) lib/abstract_controller/base.rb:154:in `process'
actionview (8.1.3) lib/action_view/rendering.rb:40:in `process'
actionpack (8.1.3) lib/action_controller/metal.rb:252:in `dispatch'
actionpack (8.1.3) lib/action_controller/metal.rb:335:in `dispatch'
actionpack (8.1.3) lib/action_dispatch/routing/route_set.rb:65:in `dispatch'
actionpack (8.1.3) lib/action_dispatch/routing/route_set.rb:50:in `serve'
actionpack (8.1.3) lib/action_dispatch/journey/router.rb:35:in `block in serve'
actionpack (8.1.3) lib/action_dispatch/journey/router.rb:86:in `block in recognize'
actionpack (8.1.3) lib/action_dispatch/journey/router.rb:66:in `each'
actionpack (8.1.3) lib/action_dispatch/journey/router.rb:66:in `recognize'
actionpack (8.1.3) lib/action_dispatch/journey/router.rb:31:in `serve'
actionpack (8.1.3) lib/action_dispatch/routing/route_set.rb:906:in `call'
railties (8.1.3) lib/rails/engine/lazy_route_set.rb:60:in `call'
rails_event_store (2.18.0) lib/rails_event_store/middleware.rb:11:in `block in call'
rails_event_store (2.18.0) lib/rails_event_store/client.rb:85:in `block in with_request_metadata'
ruby_event_store (2.18.0) lib/ruby_event_store/client.rb:301:in `with_metadata'
rails_event_store (2.18.0) lib/rails_event_store/client.rb:85:in `with_request_metadata'
rails_event_store (2.18.0) lib/rails_event_store/middleware.rb:11:in `call'
rack (3.2.6) lib/rack/tempfile_reaper.rb:20:in `call'
rack (3.2.6) lib/rack/etag.rb:29:in `call'
rack (3.2.6) lib/rack/conditional_get.rb:44:in `call'
rack (3.2.6) lib/rack/head.rb:15:in `call'
actionpack (8.1.3) lib/action_dispatch/http/content_security_policy.rb:38:in `call'
rack-session (2.1.2) lib/rack/session/abstract/id.rb:274:in `context'
rack-session (2.1.2) lib/rack/session/abstract/id.rb:268:in `call'
actionpack (8.1.3) lib/action_dispatch/middleware/cookies.rb:708:in `call'
activerecord (8.1.3) lib/active_record/migration.rb:671:in `call'
actionpack (8.1.3) lib/action_dispatch/middleware/callbacks.rb:31:in `block in call'
activesupport (8.1.3) lib/active_support/callbacks.rb:101:in `run_callbacks'
actionpack (8.1.3) lib/action_dispatch/middleware/callbacks.rb:30:in `call'
actionpack (8.1.3) lib/action_dispatch/middleware/executor.rb:20:in `call'
actionpack (8.1.3) lib/action_dispatch/middleware/actionable_exceptions.rb:18:in `call'
actionpack (8.1.3) lib/action_dispatch/middleware/debug_exceptions.rb:31:in `call'
web-console (4.3.0) lib/web_console/middleware.rb:132:in `call_app'
web-console (4.3.0) lib/web_console/middleware.rb:28:in `block in call'
web-console (4.3.0) lib/web_console/middleware.rb:17:in `catch'
web-console (4.3.0) lib/web_console/middleware.rb:17:in `call'
actionpack (8.1.3) lib/action_dispatch/middleware/show_exceptions.rb:32:in `call'
railties (8.1.3) lib/rails/rack/logger.rb:41:in `call_app'
railties (8.1.3) lib/rails/rack/logger.rb:29:in `call'
propshaft (1.3.2) lib/propshaft/quiet_assets.rb:11:in `call'
actionpack (8.1.3) lib/action_dispatch/middleware/remote_ip.rb:98:in `call'
actionpack (8.1.3) lib/action_dispatch/middleware/request_id.rb:34:in `call'
rack (3.2.6) lib/rack/method_override.rb:28:in `call'
rack (3.2.6) lib/rack/runtime.rb:24:in `call'
activesupport (8.1.3) lib/active_support/cache/strategy/local_cache_middleware.rb:30:in `call'
actionpack (8.1.3) lib/action_dispatch/middleware/server_timing.rb:61:in `block in call'
actionpack (8.1.3) lib/action_dispatch/middleware/server_timing.rb:26:in `collect_events'
actionpack (8.1.3) lib/action_dispatch/middleware/server_timing.rb:60:in `call'
actionpack (8.1.3) lib/action_dispatch/middleware/executor.rb:20:in `call'
propshaft (1.3.2) lib/propshaft/server.rb:37:in `call'
actionpack (8.1.3) lib/action_dispatch/middleware/static.rb:27:in `call'
rack (3.2.6) lib/rack/sendfile.rb:131:in `call'
actionpack (8.1.3) lib/action_dispatch/middleware/host_authorization.rb:143:in `call'
railties (8.1.3) lib/rails/engine.rb:534:in `call'
puma (8.0.1) lib/puma/configuration.rb:305:in `call'
puma (8.0.1) lib/puma/response.rb:79:in `block in handle_request'
puma (8.0.1) lib/puma/thread_pool.rb:434:in `with_force_shutdown'
puma (8.0.1) lib/puma/response.rb:78:in `handle_request'
puma (8.0.1) lib/puma/server.rb:508:in `process_client'
puma (8.0.1) lib/puma/server.rb:263:in `block in run'
puma (8.0.1) lib/puma/thread_pool.rb:246:in `block in spawn_thread'
Started GET "/" for 127.0.0.1 at 2026-05-06 10:59:09 +0530
Processing by EventsController#index as HTML
  Rendering layout layouts/application.html.erb
  Rendering events/index.html.erb within layouts/application
  [1m[36mEvent Exists? (0.5ms)[0m  [1m[34mSELECT 1 AS one FROM "events" LIMIT 1 OFFSET 0 /*action='index',application='BillettoAssignment',controller='events'*/[0m
  ↳ app/views/events/index.html.erb:11
  [1m[36mEvent Load (0.5ms)[0m  [1m[34mSELECT "events".* FROM "events" ORDER BY "events"."start_date" ASC LIMIT 12 OFFSET 0 /*action='index',application='BillettoAssignment',controller='events'*/[0m
  ↳ app/views/events/index.html.erb:22
  [1m[36mEvent Count (0.3ms)[0m  [1m[34mSELECT COUNT(*) FROM "events" /*action='index',application='BillettoAssignment',controller='events'*/[0m
  ↳ app/views/events/index.html.erb:76
  Rendered events/index.html.erb within layouts/application (Duration: 17.6ms | GC: 0.5ms)
  Rendered layout layouts/application.html.erb (Duration: 18.4ms | GC: 0.5ms)
Completed 200 OK in 20ms (Views: 17.6ms | ActiveRecord: 1.3ms (3 queries, 0 cached) | GC: 0.5ms)


Started POST "/events/21/upvote" for 127.0.0.1 at 2026-05-06 10:59:12 +0530
Processing by EventsController#upvote as TURBO_STREAM
  Parameters: {"authenticity_token"=>"[FILTERED]", "commit"=>"ðŸ‘\u008D", "id"=>"21"}
HTTP Origin header (http://127.0.0.1:36595) didn't match request.base_url (http://localhost:3000)
Completed 422 Unprocessable Content in 2ms (ActiveRecord: 0.0ms (0 queries, 0 cached) | GC: 0.0ms)


  
ActionController::InvalidAuthenticityToken (HTTP Origin header (http://127.0.0.1:36595) didn't match request.base_url (http://localhost:3000)):
  
actionpack (8.1.3) lib/action_controller/metal/request_forgery_protection.rb:321:in `handle_unverified_request'
actionpack (8.1.3) lib/action_controller/metal/request_forgery_protection.rb:415:in `handle_unverified_request'
actionpack (8.1.3) lib/action_controller/metal/request_forgery_protection.rb:404:in `verify_authenticity_token'
activesupport (8.1.3) lib/active_support/callbacks.rb:362:in `block in make_lambda'
activesupport (8.1.3) lib/active_support/callbacks.rb:179:in `block in call'
actionpack (8.1.3) lib/abstract_controller/callbacks.rb:36:in `block (2 levels) in <module:Callbacks>'
activesupport (8.1.3) lib/active_support/callbacks.rb:180:in `call'
activesupport (8.1.3) lib/active_support/callbacks.rb:560:in `block in invoke_before'
activesupport (8.1.3) lib/active_support/callbacks.rb:560:in `each'
activesupport (8.1.3) lib/active_support/callbacks.rb:560:in `invoke_before'
activesupport (8.1.3) lib/active_support/callbacks.rb:119:in `block in run_callbacks'
activesupport (8.1.3) lib/active_support/callbacks.rb:141:in `run_callbacks'
actionpack (8.1.3) lib/abstract_controller/callbacks.rb:266:in `process_action'
actionpack (8.1.3) lib/action_controller/metal/rescue.rb:36:in `process_action'
actionpack (8.1.3) lib/action_controller/metal/instrumentation.rb:76:in `block in process_action'
activesupport (8.1.3) lib/active_support/notifications.rb:210:in `block in instrument'
activesupport (8.1.3) lib/active_support/notifications/instrumenter.rb:58:in `instrument'
activesupport (8.1.3) lib/active_support/notifications.rb:210:in `instrument'
actionpack (8.1.3) lib/action_controller/metal/instrumentation.rb:75:in `process_action'
actionpack (8.1.3) lib/action_controller/metal/params_wrapper.rb:259:in `process_action'
activerecord (8.1.3) lib/active_record/railties/controller_runtime.rb:39:in `process_action'
actionpack (8.1.3) lib/abstract_controller/base.rb:154:in `process'
actionview (8.1.3) lib/action_view/rendering.rb:40:in `process'
actionpack (8.1.3) lib/action_controller/metal.rb:252:in `dispatch'
actionpack (8.1.3) lib/action_controller/metal.rb:335:in `dispatch'
actionpack (8.1.3) lib/action_dispatch/routing/route_set.rb:65:in `dispatch'
actionpack (8.1.3) lib/action_dispatch/routing/route_set.rb:50:in `serve'
actionpack (8.1.3) lib/action_dispatch/journey/router.rb:35:in `block in serve'
actionpack (8.1.3) lib/action_dispatch/journey/router.rb:86:in `block in recognize'
actionpack (8.1.3) lib/action_dispatch/journey/router.rb:66:in `each'
actionpack (8.1.3) lib/action_dispatch/journey/router.rb:66:in `recognize'
actionpack (8.1.3) lib/action_dispatch/journey/router.rb:31:in `serve'
actionpack (8.1.3) lib/action_dispatch/routing/route_set.rb:906:in `call'
railties (8.1.3) lib/rails/engine/lazy_route_set.rb:60:in `call'
rails_event_store (2.18.0) lib/rails_event_store/middleware.rb:11:in `block in call'
rails_event_store (2.18.0) lib/rails_event_store/client.rb:85:in `block in with_request_metadata'
ruby_event_store (2.18.0) lib/ruby_event_store/client.rb:301:in `with_metadata'
rails_event_store (2.18.0) lib/rails_event_store/client.rb:85:in `with_request_metadata'
rails_event_store (2.18.0) lib/rails_event_store/middleware.rb:11:in `call'
rack (3.2.6) lib/rack/tempfile_reaper.rb:20:in `call'
rack (3.2.6) lib/rack/etag.rb:29:in `call'
rack (3.2.6) lib/rack/conditional_get.rb:44:in `call'
rack (3.2.6) lib/rack/head.rb:15:in `call'
actionpack (8.1.3) lib/action_dispatch/http/content_security_policy.rb:38:in `call'
rack-session (2.1.2) lib/rack/session/abstract/id.rb:274:in `context'
rack-session (2.1.2) lib/rack/session/abstract/id.rb:268:in `call'
actionpack (8.1.3) lib/action_dispatch/middleware/cookies.rb:708:in `call'
activerecord (8.1.3) lib/active_record/migration.rb:671:in `call'
actionpack (8.1.3) lib/action_dispatch/middleware/callbacks.rb:31:in `block in call'
activesupport (8.1.3) lib/active_support/callbacks.rb:101:in `run_callbacks'
actionpack (8.1.3) lib/action_dispatch/middleware/callbacks.rb:30:in `call'
actionpack (8.1.3) lib/action_dispatch/middleware/executor.rb:20:in `call'
actionpack (8.1.3) lib/action_dispatch/middleware/actionable_exceptions.rb:18:in `call'
actionpack (8.1.3) lib/action_dispatch/middleware/debug_exceptions.rb:31:in `call'
web-console (4.3.0) lib/web_console/middleware.rb:132:in `call_app'
web-console (4.3.0) lib/web_console/middleware.rb:28:in `block in call'
web-console (4.3.0) lib/web_console/middleware.rb:17:in `catch'
web-console (4.3.0) lib/web_console/middleware.rb:17:in `call'
actionpack (8.1.3) lib/action_dispatch/middleware/show_exceptions.rb:32:in `call'
railties (8.1.3) lib/rails/rack/logger.rb:41:in `call_app'
railties (8.1.3) lib/rails/rack/logger.rb:29:in `call'
propshaft (1.3.2) lib/propshaft/quiet_assets.rb:11:in `call'
actionpack (8.1.3) lib/action_dispatch/middleware/remote_ip.rb:98:in `call'
actionpack (8.1.3) lib/action_dispatch/middleware/request_id.rb:34:in `call'
rack (3.2.6) lib/rack/method_override.rb:28:in `call'
rack (3.2.6) lib/rack/runtime.rb:24:in `call'
activesupport (8.1.3) lib/active_support/cache/strategy/local_cache_middleware.rb:30:in `call'
actionpack (8.1.3) lib/action_dispatch/middleware/server_timing.rb:61:in `block in call'
actionpack (8.1.3) lib/action_dispatch/middleware/server_timing.rb:26:in `collect_events'
actionpack (8.1.3) lib/action_dispatch/middleware/server_timing.rb:60:in `call'
actionpack (8.1.3) lib/action_dispatch/middleware/executor.rb:20:in `call'
propshaft (1.3.2) lib/propshaft/server.rb:37:in `call'
actionpack (8.1.3) lib/action_dispatch/middleware/static.rb:27:in `call'
rack (3.2.6) lib/rack/sendfile.rb:131:in `call'
actionpack (8.1.3) lib/action_dispatch/middleware/host_authorization.rb:143:in `call'
railties (8.1.3) lib/rails/engine.rb:534:in `call'
puma (8.0.1) lib/puma/configuration.rb:305:in `call'
puma (8.0.1) lib/puma/response.rb:79:in `block in handle_request'
puma (8.0.1) lib/puma/thread_pool.rb:434:in `with_force_shutdown'
puma (8.0.1) lib/puma/response.rb:78:in `handle_request'
puma (8.0.1) lib/puma/server.rb:508:in `process_client'
puma (8.0.1) lib/puma/server.rb:263:in `block in run'
puma (8.0.1) lib/puma/thread_pool.rb:246:in `block in spawn_thread'
Started GET "/" for 127.0.0.1 at 2026-05-06 10:59:12 +0530
Processing by EventsController#index as HTML
  Rendering layout layouts/application.html.erb
  Rendering events/index.html.erb within layouts/application
  [1m[36mEvent Exists? (0.4ms)[0m  [1m[34mSELECT 1 AS one FROM "events" LIMIT 1 OFFSET 0 /*action='index',application='BillettoAssignment',controller='events'*/[0m
  ↳ app/views/events/index.html.erb:11
  [1m[36mEvent Load (0.8ms)[0m  [1m[34mSELECT "events".* FROM "events" ORDER BY "events"."start_date" ASC LIMIT 12 OFFSET 0 /*action='index',application='BillettoAssignment',controller='events'*/[0m
  ↳ app/views/events/index.html.erb:22
  [1m[36mEvent Count (0.4ms)[0m  [1m[34mSELECT COUNT(*) FROM "events" /*action='index',application='BillettoAssignment',controller='events'*/[0m
  ↳ app/views/events/index.html.erb:76
  Rendered events/index.html.erb within layouts/application (Duration: 15.1ms | GC: 0.0ms)
  Rendered layout layouts/application.html.erb (Duration: 15.8ms | GC: 0.0ms)
Completed 200 OK in 17ms (Views: 14.8ms | ActiveRecord: 1.5ms (3 queries, 0 cached) | GC: 0.0ms)


Started GET "/events/11" for 127.0.0.1 at 2026-05-06 10:59:13 +0530
Processing by EventsController#show as HTML
  Parameters: {"id"=>"11"}
  [1m[36mEvent Load (1.8ms)[0m  [1m[34mSELECT "events".* FROM "events" WHERE "events"."id" = 11 LIMIT 1 /*action='show',application='BillettoAssignment',controller='events'*/[0m
  ↳ app/controllers/events_controller.rb:49:in `set_event'
  Rendering layout layouts/application.html.erb
  Rendering events/show.html.erb within layouts/application
  Rendered events/show.html.erb within layouts/application (Duration: 8.5ms | GC: 0.0ms)
  Rendered layout layouts/application.html.erb (Duration: 13.0ms | GC: 0.0ms)
Completed 200 OK in 23ms (Views: 14.7ms | ActiveRecord: 1.8ms (1 query, 0 cached) | GC: 0.0ms)


Started POST "/events/11/upvote" for 127.0.0.1 at 2026-05-06 10:59:15 +0530
Processing by EventsController#upvote as TURBO_STREAM
  Parameters: {"authenticity_token"=>"[FILTERED]", "commit"=>"👍 Upvote", "id"=>"11"}
HTTP Origin header (http://127.0.0.1:36595) didn't match request.base_url (http://localhost:3000)
Completed 422 Unprocessable Content in 2ms (ActiveRecord: 0.0ms (0 queries, 0 cached) | GC: 0.0ms)


  
ActionController::InvalidAuthenticityToken (HTTP Origin header (http://127.0.0.1:36595) didn't match request.base_url (http://localhost:3000)):
  
actionpack (8.1.3) lib/action_controller/metal/request_forgery_protection.rb:321:in `handle_unverified_request'
actionpack (8.1.3) lib/action_controller/metal/request_forgery_protection.rb:415:in `handle_unverified_request'
actionpack (8.1.3) lib/action_controller/metal/request_forgery_protection.rb:404:in `verify_authenticity_token'
activesupport (8.1.3) lib/active_support/callbacks.rb:362:in `block in make_lambda'
activesupport (8.1.3) lib/active_support/callbacks.rb:179:in `block in call'
actionpack (8.1.3) lib/abstract_controller/callbacks.rb:36:in `block (2 levels) in <module:Callbacks>'
activesupport (8.1.3) lib/active_support/callbacks.rb:180:in `call'
activesupport (8.1.3) lib/active_support/callbacks.rb:560:in `block in invoke_before'
activesupport (8.1.3) lib/active_support/callbacks.rb:560:in `each'
activesupport (8.1.3) lib/active_support/callbacks.rb:560:in `invoke_before'
activesupport (8.1.3) lib/active_support/callbacks.rb:119:in `block in run_callbacks'
activesupport (8.1.3) lib/active_support/callbacks.rb:141:in `run_callbacks'
actionpack (8.1.3) lib/abstract_controller/callbacks.rb:266:in `process_action'
actionpack (8.1.3) lib/action_controller/metal/rescue.rb:36:in `process_action'
actionpack (8.1.3) lib/action_controller/metal/instrumentation.rb:76:in `block in process_action'
activesupport (8.1.3) lib/active_support/notifications.rb:210:in `block in instrument'
activesupport (8.1.3) lib/active_support/notifications/instrumenter.rb:58:in `instrument'
activesupport (8.1.3) lib/active_support/notifications.rb:210:in `instrument'
actionpack (8.1.3) lib/action_controller/metal/instrumentation.rb:75:in `process_action'
actionpack (8.1.3) lib/action_controller/metal/params_wrapper.rb:259:in `process_action'
activerecord (8.1.3) lib/active_record/railties/controller_runtime.rb:39:in `process_action'
actionpack (8.1.3) lib/abstract_controller/base.rb:154:in `process'
actionview (8.1.3) lib/action_view/rendering.rb:40:in `process'
actionpack (8.1.3) lib/action_controller/metal.rb:252:in `dispatch'
actionpack (8.1.3) lib/action_controller/metal.rb:335:in `dispatch'
actionpack (8.1.3) lib/action_dispatch/routing/route_set.rb:65:in `dispatch'
actionpack (8.1.3) lib/action_dispatch/routing/route_set.rb:50:in `serve'
actionpack (8.1.3) lib/action_dispatch/journey/router.rb:35:in `block in serve'
actionpack (8.1.3) lib/action_dispatch/journey/router.rb:86:in `block in recognize'
actionpack (8.1.3) lib/action_dispatch/journey/router.rb:66:in `each'
actionpack (8.1.3) lib/action_dispatch/journey/router.rb:66:in `recognize'
actionpack (8.1.3) lib/action_dispatch/journey/router.rb:31:in `serve'
actionpack (8.1.3) lib/action_dispatch/routing/route_set.rb:906:in `call'
railties (8.1.3) lib/rails/engine/lazy_route_set.rb:60:in `call'
rails_event_store (2.18.0) lib/rails_event_store/middleware.rb:11:in `block in call'
rails_event_store (2.18.0) lib/rails_event_store/client.rb:85:in `block in with_request_metadata'
ruby_event_store (2.18.0) lib/ruby_event_store/client.rb:301:in `with_metadata'
rails_event_store (2.18.0) lib/rails_event_store/client.rb:85:in `with_request_metadata'
rails_event_store (2.18.0) lib/rails_event_store/middleware.rb:11:in `call'
rack (3.2.6) lib/rack/tempfile_reaper.rb:20:in `call'
rack (3.2.6) lib/rack/etag.rb:29:in `call'
rack (3.2.6) lib/rack/conditional_get.rb:44:in `call'
rack (3.2.6) lib/rack/head.rb:15:in `call'
actionpack (8.1.3) lib/action_dispatch/http/content_security_policy.rb:38:in `call'
rack-session (2.1.2) lib/rack/session/abstract/id.rb:274:in `context'
rack-session (2.1.2) lib/rack/session/abstract/id.rb:268:in `call'
actionpack (8.1.3) lib/action_dispatch/middleware/cookies.rb:708:in `call'
activerecord (8.1.3) lib/active_record/migration.rb:671:in `call'
actionpack (8.1.3) lib/action_dispatch/middleware/callbacks.rb:31:in `block in call'
activesupport (8.1.3) lib/active_support/callbacks.rb:101:in `run_callbacks'
actionpack (8.1.3) lib/action_dispatch/middleware/callbacks.rb:30:in `call'
actionpack (8.1.3) lib/action_dispatch/middleware/executor.rb:20:in `call'
actionpack (8.1.3) lib/action_dispatch/middleware/actionable_exceptions.rb:18:in `call'
actionpack (8.1.3) lib/action_dispatch/middleware/debug_exceptions.rb:31:in `call'
web-console (4.3.0) lib/web_console/middleware.rb:132:in `call_app'
web-console (4.3.0) lib/web_console/middleware.rb:28:in `block in call'
web-console (4.3.0) lib/web_console/middleware.rb:17:in `catch'
web-console (4.3.0) lib/web_console/middleware.rb:17:in `call'
actionpack (8.1.3) lib/action_dispatch/middleware/show_exceptions.rb:32:in `call'
railties (8.1.3) lib/rails/rack/logger.rb:41:in `call_app'
railties (8.1.3) lib/rails/rack/logger.rb:29:in `call'
propshaft (1.3.2) lib/propshaft/quiet_assets.rb:11:in `call'
actionpack (8.1.3) lib/action_dispatch/middleware/remote_ip.rb:98:in `call'
actionpack (8.1.3) lib/action_dispatch/middleware/request_id.rb:34:in `call'
rack (3.2.6) lib/rack/method_override.rb:28:in `call'
rack (3.2.6) lib/rack/runtime.rb:24:in `call'
activesupport (8.1.3) lib/active_support/cache/strategy/local_cache_middleware.rb:30:in `call'
actionpack (8.1.3) lib/action_dispatch/middleware/server_timing.rb:61:in `block in call'
actionpack (8.1.3) lib/action_dispatch/middleware/server_timing.rb:26:in `collect_events'
actionpack (8.1.3) lib/action_dispatch/middleware/server_timing.rb:60:in `call'
actionpack (8.1.3) lib/action_dispatch/middleware/executor.rb:20:in `call'
propshaft (1.3.2) lib/propshaft/server.rb:37:in `call'
actionpack (8.1.3) lib/action_dispatch/middleware/static.rb:27:in `call'
rack (3.2.6) lib/rack/sendfile.rb:131:in `call'
actionpack (8.1.3) lib/action_dispatch/middleware/host_authorization.rb:143:in `call'
railties (8.1.3) lib/rails/engine.rb:534:in `call'
puma (8.0.1) lib/puma/configuration.rb:305:in `call'
puma (8.0.1) lib/puma/response.rb:79:in `block in handle_request'
puma (8.0.1) lib/puma/thread_pool.rb:434:in `with_force_shutdown'
puma (8.0.1) lib/puma/response.rb:78:in `handle_request'
puma (8.0.1) lib/puma/server.rb:508:in `process_client'
puma (8.0.1) lib/puma/server.rb:263:in `block in run'
puma (8.0.1) lib/puma/thread_pool.rb:246:in `block in spawn_thread'
Started GET "/events/11" for 127.0.0.1 at 2026-05-06 10:59:15 +0530
Processing by EventsController#show as HTML
  Parameters: {"id"=>"11"}
  [1m[36mEvent Load (0.5ms)[0m  [1m[34mSELECT "events".* FROM "events" WHERE "events"."id" = 11 LIMIT 1 /*action='show',application='BillettoAssignment',controller='events'*/[0m
  ↳ app/controllers/events_controller.rb:49:in `set_event'
  Rendering layout layouts/application.html.erb
  Rendering events/show.html.erb within layouts/application
  Rendered events/show.html.erb within layouts/application (Duration: 1.4ms | GC: 0.0ms)
  Rendered layout layouts/application.html.erb (Duration: 2.2ms | GC: 0.0ms)
Completed 200 OK in 6ms (Views: 3.1ms | ActiveRecord: 0.5ms (1 query, 0 cached) | GC: 0.0ms)


Started GET "/events" for 127.0.0.1 at 2026-05-06 10:59:17 +0530
Processing by EventsController#index as HTML
  Rendering layout layouts/application.html.erb
  Rendering events/index.html.erb within layouts/application
  [1m[36mEvent Exists? (1.5ms)[0m  [1m[34mSELECT 1 AS one FROM "events" LIMIT 1 OFFSET 0 /*action='index',application='BillettoAssignment',controller='events'*/[0m
  ↳ app/views/events/index.html.erb:11
  [1m[36mEvent Load (1.6ms)[0m  [1m[34mSELECT "events".* FROM "events" ORDER BY "events"."start_date" ASC LIMIT 12 OFFSET 0 /*action='index',application='BillettoAssignment',controller='events'*/[0m
  ↳ app/views/events/index.html.erb:22
  [1m[36mEvent Count (0.6ms)[0m  [1m[34mSELECT COUNT(*) FROM "events" /*action='index',application='BillettoAssignment',controller='events'*/[0m
  ↳ app/views/events/index.html.erb:76
  Rendered events/index.html.erb within layouts/application (Duration: 56.7ms | GC: 1.2ms)
  Rendered layout layouts/application.html.erb (Duration: 58.8ms | GC: 1.5ms)
Completed 200 OK in 67ms (Views: 58.2ms | ActiveRecord: 3.6ms (3 queries, 0 cached) | GC: 1.5ms)


Started GET "/events/2" for 127.0.0.1 at 2026-05-06 10:59:20 +0530
Processing by EventsController#show as HTML
  Parameters: {"id"=>"2"}
  [1m[36mEvent Load (0.8ms)[0m  [1m[34mSELECT "events".* FROM "events" WHERE "events"."id" = 2 LIMIT 1 /*action='show',application='BillettoAssignment',controller='events'*/[0m
  ↳ app/controllers/events_controller.rb:49:in `set_event'
  Rendering layout layouts/application.html.erb
  Rendering events/show.html.erb within layouts/application
  Rendered events/show.html.erb within layouts/application (Duration: 4.7ms | GC: 0.0ms)
  Rendered layout layouts/application.html.erb (Duration: 7.2ms | GC: 0.4ms)
Completed 200 OK in 14ms (Views: 8.5ms | ActiveRecord: 0.8ms (1 query, 0 cached) | GC: 0.4ms)


Started POST "/events/2/upvote" for 127.0.0.1 at 2026-05-06 10:59:21 +0530
Processing by EventsController#upvote as TURBO_STREAM
  Parameters: {"authenticity_token"=>"[FILTERED]", "commit"=>"👍", "id"=>"2"}
HTTP Origin header (http://127.0.0.1:36595) didn't match request.base_url (http://localhost:3000)
Completed 422 Unprocessable Content in 1ms (ActiveRecord: 0.0ms (0 queries, 0 cached) | GC: 0.0ms)


  
ActionController::InvalidAuthenticityToken (HTTP Origin header (http://127.0.0.1:36595) didn't match request.base_url (http://localhost:3000)):
  
actionpack (8.1.3) lib/action_controller/metal/request_forgery_protection.rb:321:in `handle_unverified_request'
actionpack (8.1.3) lib/action_controller/metal/request_forgery_protection.rb:415:in `handle_unverified_request'
actionpack (8.1.3) lib/action_controller/metal/request_forgery_protection.rb:404:in `verify_authenticity_token'
activesupport (8.1.3) lib/active_support/callbacks.rb:362:in `block in make_lambda'
activesupport (8.1.3) lib/active_support/callbacks.rb:179:in `block in call'
actionpack (8.1.3) lib/abstract_controller/callbacks.rb:36:in `block (2 levels) in <module:Callbacks>'
activesupport (8.1.3) lib/active_support/callbacks.rb:180:in `call'
activesupport (8.1.3) lib/active_support/callbacks.rb:560:in `block in invoke_before'
activesupport (8.1.3) lib/active_support/callbacks.rb:560:in `each'
activesupport (8.1.3) lib/active_support/callbacks.rb:560:in `invoke_before'
activesupport (8.1.3) lib/active_support/callbacks.rb:119:in `block in run_callbacks'
activesupport (8.1.3) lib/active_support/callbacks.rb:141:in `run_callbacks'
actionpack (8.1.3) lib/abstract_controller/callbacks.rb:266:in `process_action'
actionpack (8.1.3) lib/action_controller/metal/rescue.rb:36:in `process_action'
actionpack (8.1.3) lib/action_controller/metal/instrumentation.rb:76:in `block in process_action'
activesupport (8.1.3) lib/active_support/notifications.rb:210:in `block in instrument'
activesupport (8.1.3) lib/active_support/notifications/instrumenter.rb:58:in `instrument'
activesupport (8.1.3) lib/active_support/notifications.rb:210:in `instrument'
actionpack (8.1.3) lib/action_controller/metal/instrumentation.rb:75:in `process_action'
actionpack (8.1.3) lib/action_controller/metal/params_wrapper.rb:259:in `process_action'
activerecord (8.1.3) lib/active_record/railties/controller_runtime.rb:39:in `process_action'
actionpack (8.1.3) lib/abstract_controller/base.rb:154:in `process'
actionview (8.1.3) lib/action_view/rendering.rb:40:in `process'
actionpack (8.1.3) lib/action_controller/metal.rb:252:in `dispatch'
actionpack (8.1.3) lib/action_controller/metal.rb:335:in `dispatch'
actionpack (8.1.3) lib/action_dispatch/routing/route_set.rb:65:in `dispatch'
actionpack (8.1.3) lib/action_dispatch/routing/route_set.rb:50:in `serve'
actionpack (8.1.3) lib/action_dispatch/journey/router.rb:35:in `block in serve'
actionpack (8.1.3) lib/action_dispatch/journey/router.rb:86:in `block in recognize'
actionpack (8.1.3) lib/action_dispatch/journey/router.rb:66:in `each'
actionpack (8.1.3) lib/action_dispatch/journey/router.rb:66:in `recognize'
actionpack (8.1.3) lib/action_dispatch/journey/router.rb:31:in `serve'
actionpack (8.1.3) lib/action_dispatch/routing/route_set.rb:906:in `call'
railties (8.1.3) lib/rails/engine/lazy_route_set.rb:60:in `call'
rails_event_store (2.18.0) lib/rails_event_store/middleware.rb:11:in `block in call'
rails_event_store (2.18.0) lib/rails_event_store/client.rb:85:in `block in with_request_metadata'
ruby_event_store (2.18.0) lib/ruby_event_store/client.rb:301:in `with_metadata'
rails_event_store (2.18.0) lib/rails_event_store/client.rb:85:in `with_request_metadata'
rails_event_store (2.18.0) lib/rails_event_store/middleware.rb:11:in `call'
rack (3.2.6) lib/rack/tempfile_reaper.rb:20:in `call'
rack (3.2.6) lib/rack/etag.rb:29:in `call'
rack (3.2.6) lib/rack/conditional_get.rb:44:in `call'
rack (3.2.6) lib/rack/head.rb:15:in `call'
actionpack (8.1.3) lib/action_dispatch/http/content_security_policy.rb:38:in `call'
rack-session (2.1.2) lib/rack/session/abstract/id.rb:274:in `context'
rack-session (2.1.2) lib/rack/session/abstract/id.rb:268:in `call'
actionpack (8.1.3) lib/action_dispatch/middleware/cookies.rb:708:in `call'
activerecord (8.1.3) lib/active_record/migration.rb:671:in `call'
actionpack (8.1.3) lib/action_dispatch/middleware/callbacks.rb:31:in `block in call'
activesupport (8.1.3) lib/active_support/callbacks.rb:101:in `run_callbacks'
actionpack (8.1.3) lib/action_dispatch/middleware/callbacks.rb:30:in `call'
actionpack (8.1.3) lib/action_dispatch/middleware/executor.rb:20:in `call'
actionpack (8.1.3) lib/action_dispatch/middleware/actionable_exceptions.rb:18:in `call'
actionpack (8.1.3) lib/action_dispatch/middleware/debug_exceptions.rb:31:in `call'
web-console (4.3.0) lib/web_console/middleware.rb:132:in `call_app'
web-console (4.3.0) lib/web_console/middleware.rb:28:in `block in call'
web-console (4.3.0) lib/web_console/middleware.rb:17:in `catch'
web-console (4.3.0) lib/web_console/middleware.rb:17:in `call'
actionpack (8.1.3) lib/action_dispatch/middleware/show_exceptions.rb:32:in `call'
railties (8.1.3) lib/rails/rack/logger.rb:41:in `call_app'
railties (8.1.3) lib/rails/rack/logger.rb:29:in `call'
propshaft (1.3.2) lib/propshaft/quiet_assets.rb:11:in `call'
actionpack (8.1.3) lib/action_dispatch/middleware/remote_ip.rb:98:in `call'
actionpack (8.1.3) lib/action_dispatch/middleware/request_id.rb:34:in `call'
rack (3.2.6) lib/rack/method_override.rb:28:in `call'
rack (3.2.6) lib/rack/runtime.rb:24:in `call'
activesupport (8.1.3) lib/active_support/cache/strategy/local_cache_middleware.rb:30:in `call'
actionpack (8.1.3) lib/action_dispatch/middleware/server_timing.rb:61:in `block in call'
actionpack (8.1.3) lib/action_dispatch/middleware/server_timing.rb:26:in `collect_events'
actionpack (8.1.3) lib/action_dispatch/middleware/server_timing.rb:60:in `call'
actionpack (8.1.3) lib/action_dispatch/middleware/executor.rb:20:in `call'
propshaft (1.3.2) lib/propshaft/server.rb:37:in `call'
actionpack (8.1.3) lib/action_dispatch/middleware/static.rb:27:in `call'
rack (3.2.6) lib/rack/sendfile.rb:131:in `call'
actionpack (8.1.3) lib/action_dispatch/middleware/host_authorization.rb:143:in `call'
railties (8.1.3) lib/rails/engine.rb:534:in `call'
puma (8.0.1) lib/puma/configuration.rb:305:in `call'
puma (8.0.1) lib/puma/response.rb:79:in `block in handle_request'
puma (8.0.1) lib/puma/thread_pool.rb:434:in `with_force_shutdown'
puma (8.0.1) lib/puma/response.rb:78:in `handle_request'
puma (8.0.1) lib/puma/server.rb:508:in `process_client'
puma (8.0.1) lib/puma/server.rb:263:in `block in run'
puma (8.0.1) lib/puma/thread_pool.rb:246:in `block in spawn_thread'
Started GET "/events" for 127.0.0.1 at 2026-05-06 10:59:21 +0530
Processing by EventsController#index as HTML
  Rendering layout layouts/application.html.erb
  Rendering events/index.html.erb within layouts/application
  [1m[36mEvent Exists? (0.4ms)[0m  [1m[34mSELECT 1 AS one FROM "events" LIMIT 1 OFFSET 0 /*action='index',application='BillettoAssignment',controller='events'*/[0m
  ↳ app/views/events/index.html.erb:11
  [1m[36mEvent Load (0.4ms)[0m  [1m[34mSELECT "events".* FROM "events" ORDER BY "events"."start_date" ASC LIMIT 12 OFFSET 0 /*action='index',application='BillettoAssignment',controller='events'*/[0m
  ↳ app/views/events/index.html.erb:22
  [1m[36mEvent Count (0.4ms)[0m  [1m[34mSELECT COUNT(*) FROM "events" /*action='index',application='BillettoAssignment',controller='events'*/[0m
  ↳ app/views/events/index.html.erb:76
  Rendered events/index.html.erb within layouts/application (Duration: 14.4ms | GC: 0.0ms)
  Rendered layout layouts/application.html.erb (Duration: 15.2ms | GC: 0.0ms)
Completed 200 OK in 17ms (Views: 14.4ms | ActiveRecord: 1.2ms (3 queries, 0 cached) | GC: 0.0ms)


Started GET "/admin/events/import" for 127.0.0.1 at 2026-05-06 11:00:12 +0530
  
ActionController::RoutingError (No route matches [GET] "/admin/events/import"):
  
Started GET "/events" for 127.0.0.1 at 2026-05-06 11:00:14 +0530
Processing by EventsController#index as HTML
  Rendering layout layouts/application.html.erb
  Rendering events/index.html.erb within layouts/application
  [1m[36mEvent Exists? (0.5ms)[0m  [1m[34mSELECT 1 AS one FROM "events" LIMIT 1 OFFSET 0 /*action='index',application='BillettoAssignment',controller='events'*/[0m
  ↳ app/views/events/index.html.erb:11
  [1m[36mEvent Load (0.5ms)[0m  [1m[34mSELECT "events".* FROM "events" ORDER BY "events"."start_date" ASC LIMIT 12 OFFSET 0 /*action='index',application='BillettoAssignment',controller='events'*/[0m
  ↳ app/views/events/index.html.erb:22
  [1m[36mEvent Count (0.3ms)[0m  [1m[34mSELECT COUNT(*) FROM "events" /*action='index',application='BillettoAssignment',controller='events'*/[0m
  ↳ app/views/events/index.html.erb:76
  Rendered events/index.html.erb within layouts/application (Duration: 19.8ms | GC: 0.8ms)
  Rendered layout layouts/application.html.erb (Duration: 20.7ms | GC: 0.8ms)
Completed 200 OK in 23ms (Views: 20.2ms | ActiveRecord: 1.4ms (3 queries, 0 cached) | GC: 0.8ms)


Started GET "/admin/events/import" for 127.0.0.1 at 2026-05-06 11:00:36 +0530
  
ActionController::RoutingError (No route matches [GET] "/admin/events/import"):
  
Started GET "/" for 127.0.0.1 at 2026-05-06 11:01:17 +0530
Processing by EventsController#index as HTML
  Rendering layout layouts/application.html.erb
  Rendering events/index.html.erb within layouts/application
  [1m[36mEvent Exists? (0.5ms)[0m  [1m[34mSELECT 1 AS one FROM "events" LIMIT 1 OFFSET 0 /*action='index',application='BillettoAssignment',controller='events'*/[0m
  ↳ app/views/events/index.html.erb:11
  [1m[36mEvent Load (0.5ms)[0m  [1m[34mSELECT "events".* FROM "events" ORDER BY "events"."start_date" ASC LIMIT 12 OFFSET 0 /*action='index',application='BillettoAssignment',controller='events'*/[0m
  ↳ app/views/events/index.html.erb:22
  [1m[36mEvent Count (0.4ms)[0m  [1m[34mSELECT COUNT(*) FROM "events" /*action='index',application='BillettoAssignment',controller='events'*/[0m
  ↳ app/views/events/index.html.erb:76
  Rendered events/index.html.erb within layouts/application (Duration: 41.5ms | GC: 1.2ms)
  Rendered layout layouts/application.html.erb (Duration: 46.0ms | GC: 1.5ms)
Completed 200 OK in 56ms (Views: 45.2ms | ActiveRecord: 3.8ms (3 queries, 0 cached) | GC: 1.7ms)


Started POST "/admin/events/import" for 127.0.0.1 at 2026-05-06 11:01:19 +0530
Processing by Admin::EventsController#import as TURBO_STREAM
  Parameters: {"authenticity_token"=>"[FILTERED]", "commit"=>"Import Events"}
HTTP Origin header (http://127.0.0.1:36595) didn't match request.base_url (http://localhost:3000)
Completed 422 Unprocessable Content in 1ms (ActiveRecord: 0.0ms (0 queries, 0 cached) | GC: 0.0ms)


  
ActionController::InvalidAuthenticityToken (HTTP Origin header (http://127.0.0.1:36595) didn't match request.base_url (http://localhost:3000)):
  
actionpack (8.1.3) lib/action_controller/metal/request_forgery_protection.rb:321:in `handle_unverified_request'
actionpack (8.1.3) lib/action_controller/metal/request_forgery_protection.rb:415:in `handle_unverified_request'
actionpack (8.1.3) lib/action_controller/metal/request_forgery_protection.rb:404:in `verify_authenticity_token'
activesupport (8.1.3) lib/active_support/callbacks.rb:362:in `block in make_lambda'
activesupport (8.1.3) lib/active_support/callbacks.rb:179:in `block in call'
actionpack (8.1.3) lib/abstract_controller/callbacks.rb:36:in `block (2 levels) in <module:Callbacks>'
activesupport (8.1.3) lib/active_support/callbacks.rb:180:in `call'
activesupport (8.1.3) lib/active_support/callbacks.rb:560:in `block in invoke_before'
activesupport (8.1.3) lib/active_support/callbacks.rb:560:in `each'
activesupport (8.1.3) lib/active_support/callbacks.rb:560:in `invoke_before'
activesupport (8.1.3) lib/active_support/callbacks.rb:119:in `block in run_callbacks'
activesupport (8.1.3) lib/active_support/callbacks.rb:141:in `run_callbacks'
actionpack (8.1.3) lib/abstract_controller/callbacks.rb:266:in `process_action'
actionpack (8.1.3) lib/action_controller/metal/rescue.rb:36:in `process_action'
actionpack (8.1.3) lib/action_controller/metal/instrumentation.rb:76:in `block in process_action'
activesupport (8.1.3) lib/active_support/notifications.rb:210:in `block in instrument'
activesupport (8.1.3) lib/active_support/notifications/instrumenter.rb:58:in `instrument'
activesupport (8.1.3) lib/active_support/notifications.rb:210:in `instrument'
actionpack (8.1.3) lib/action_controller/metal/instrumentation.rb:75:in `process_action'
actionpack (8.1.3) lib/action_controller/metal/params_wrapper.rb:259:in `process_action'
activerecord (8.1.3) lib/active_record/railties/controller_runtime.rb:39:in `process_action'
actionpack (8.1.3) lib/abstract_controller/base.rb:154:in `process'
actionview (8.1.3) lib/action_view/rendering.rb:40:in `process'
actionpack (8.1.3) lib/action_controller/metal.rb:252:in `dispatch'
actionpack (8.1.3) lib/action_controller/metal.rb:335:in `dispatch'
actionpack (8.1.3) lib/action_dispatch/routing/route_set.rb:65:in `dispatch'
actionpack (8.1.3) lib/action_dispatch/routing/route_set.rb:50:in `serve'
actionpack (8.1.3) lib/action_dispatch/journey/router.rb:35:in `block in serve'
actionpack (8.1.3) lib/action_dispatch/journey/router.rb:86:in `block in recognize'
actionpack (8.1.3) lib/action_dispatch/journey/router.rb:66:in `each'
actionpack (8.1.3) lib/action_dispatch/journey/router.rb:66:in `recognize'
actionpack (8.1.3) lib/action_dispatch/journey/router.rb:31:in `serve'
actionpack (8.1.3) lib/action_dispatch/routing/route_set.rb:906:in `call'
railties (8.1.3) lib/rails/engine/lazy_route_set.rb:60:in `call'
rails_event_store (2.18.0) lib/rails_event_store/middleware.rb:11:in `block in call'
rails_event_store (2.18.0) lib/rails_event_store/client.rb:85:in `block in with_request_metadata'
ruby_event_store (2.18.0) lib/ruby_event_store/client.rb:301:in `with_metadata'
rails_event_store (2.18.0) lib/rails_event_store/client.rb:85:in `with_request_metadata'
rails_event_store (2.18.0) lib/rails_event_store/middleware.rb:11:in `call'
rack (3.2.6) lib/rack/tempfile_reaper.rb:20:in `call'
rack (3.2.6) lib/rack/etag.rb:29:in `call'
rack (3.2.6) lib/rack/conditional_get.rb:44:in `call'
rack (3.2.6) lib/rack/head.rb:15:in `call'
actionpack (8.1.3) lib/action_dispatch/http/content_security_policy.rb:38:in `call'
rack-session (2.1.2) lib/rack/session/abstract/id.rb:274:in `context'
rack-session (2.1.2) lib/rack/session/abstract/id.rb:268:in `call'
actionpack (8.1.3) lib/action_dispatch/middleware/cookies.rb:708:in `call'
activerecord (8.1.3) lib/active_record/migration.rb:671:in `call'
actionpack (8.1.3) lib/action_dispatch/middleware/callbacks.rb:31:in `block in call'
activesupport (8.1.3) lib/active_support/callbacks.rb:101:in `run_callbacks'
actionpack (8.1.3) lib/action_dispatch/middleware/callbacks.rb:30:in `call'
actionpack (8.1.3) lib/action_dispatch/middleware/executor.rb:20:in `call'
actionpack (8.1.3) lib/action_dispatch/middleware/actionable_exceptions.rb:18:in `call'
actionpack (8.1.3) lib/action_dispatch/middleware/debug_exceptions.rb:31:in `call'
web-console (4.3.0) lib/web_console/middleware.rb:132:in `call_app'
web-console (4.3.0) lib/web_console/middleware.rb:28:in `block in call'
web-console (4.3.0) lib/web_console/middleware.rb:17:in `catch'
web-console (4.3.0) lib/web_console/middleware.rb:17:in `call'
actionpack (8.1.3) lib/action_dispatch/middleware/show_exceptions.rb:32:in `call'
railties (8.1.3) lib/rails/rack/logger.rb:41:in `call_app'
railties (8.1.3) lib/rails/rack/logger.rb:29:in `call'
propshaft (1.3.2) lib/propshaft/quiet_assets.rb:11:in `call'
actionpack (8.1.3) lib/action_dispatch/middleware/remote_ip.rb:98:in `call'
actionpack (8.1.3) lib/action_dispatch/middleware/request_id.rb:34:in `call'
rack (3.2.6) lib/rack/method_override.rb:28:in `call'
rack (3.2.6) lib/rack/runtime.rb:24:in `call'
activesupport (8.1.3) lib/active_support/cache/strategy/local_cache_middleware.rb:30:in `call'
actionpack (8.1.3) lib/action_dispatch/middleware/server_timing.rb:61:in `block in call'
actionpack (8.1.3) lib/action_dispatch/middleware/server_timing.rb:26:in `collect_events'
actionpack (8.1.3) lib/action_dispatch/middleware/server_timing.rb:60:in `call'
actionpack (8.1.3) lib/action_dispatch/middleware/executor.rb:20:in `call'
propshaft (1.3.2) lib/propshaft/server.rb:37:in `call'
actionpack (8.1.3) lib/action_dispatch/middleware/static.rb:27:in `call'
rack (3.2.6) lib/rack/sendfile.rb:131:in `call'
actionpack (8.1.3) lib/action_dispatch/middleware/host_authorization.rb:143:in `call'
railties (8.1.3) lib/rails/engine.rb:534:in `call'
puma (8.0.1) lib/puma/configuration.rb:305:in `call'
puma (8.0.1) lib/puma/response.rb:79:in `block in handle_request'
puma (8.0.1) lib/puma/thread_pool.rb:434:in `with_force_shutdown'
puma (8.0.1) lib/puma/response.rb:78:in `handle_request'
puma (8.0.1) lib/puma/server.rb:508:in `process_client'
puma (8.0.1) lib/puma/server.rb:263:in `block in run'
puma (8.0.1) lib/puma/thread_pool.rb:246:in `block in spawn_thread'
Started GET "/" for 127.0.0.1 at 2026-05-06 11:01:19 +0530
Processing by EventsController#index as HTML
  Rendering layout layouts/application.html.erb
  Rendering events/index.html.erb within layouts/application
  [1m[36mEvent Exists? (0.5ms)[0m  [1m[34mSELECT 1 AS one FROM "events" LIMIT 1 OFFSET 0 /*action='index',application='BillettoAssignment',controller='events'*/[0m
  ↳ app/views/events/index.html.erb:11
  [1m[36mEvent Load (0.5ms)[0m  [1m[34mSELECT "events".* FROM "events" ORDER BY "events"."start_date" ASC LIMIT 12 OFFSET 0 /*action='index',application='BillettoAssignment',controller='events'*/[0m
  ↳ app/views/events/index.html.erb:22
  [1m[36mEvent Count (0.4ms)[0m  [1m[34mSELECT COUNT(*) FROM "events" /*action='index',application='BillettoAssignment',controller='events'*/[0m
  ↳ app/views/events/index.html.erb:76
  Rendered events/index.html.erb within layouts/application (Duration: 17.9ms | GC: 0.0ms)
  Rendered layout layouts/application.html.erb (Duration: 19.1ms | GC: 0.0ms)
Completed 200 OK in 21ms (Views: 18.2ms | ActiveRecord: 1.4ms (3 queries, 0 cached) | GC: 0.0ms)


Started POST "/admin/events/import" for 127.0.0.1 at 2026-05-06 11:01:20 +0530
Processing by Admin::EventsController#import as TURBO_STREAM
  Parameters: {"authenticity_token"=>"[FILTERED]", "commit"=>"Import Events"}
HTTP Origin header (http://127.0.0.1:36595) didn't match request.base_url (http://localhost:3000)
Completed 422 Unprocessable Content in 1ms (ActiveRecord: 0.0ms (0 queries, 0 cached) | GC: 0.0ms)


  
ActionController::InvalidAuthenticityToken (HTTP Origin header (http://127.0.0.1:36595) didn't match request.base_url (http://localhost:3000)):
  
actionpack (8.1.3) lib/action_controller/metal/request_forgery_protection.rb:321:in `handle_unverified_request'
actionpack (8.1.3) lib/action_controller/metal/request_forgery_protection.rb:415:in `handle_unverified_request'
actionpack (8.1.3) lib/action_controller/metal/request_forgery_protection.rb:404:in `verify_authenticity_token'
activesupport (8.1.3) lib/active_support/callbacks.rb:362:in `block in make_lambda'
activesupport (8.1.3) lib/active_support/callbacks.rb:179:in `block in call'
actionpack (8.1.3) lib/abstract_controller/callbacks.rb:36:in `block (2 levels) in <module:Callbacks>'
activesupport (8.1.3) lib/active_support/callbacks.rb:180:in `call'
activesupport (8.1.3) lib/active_support/callbacks.rb:560:in `block in invoke_before'
activesupport (8.1.3) lib/active_support/callbacks.rb:560:in `each'
activesupport (8.1.3) lib/active_support/callbacks.rb:560:in `invoke_before'
activesupport (8.1.3) lib/active_support/callbacks.rb:119:in `block in run_callbacks'
activesupport (8.1.3) lib/active_support/callbacks.rb:141:in `run_callbacks'
actionpack (8.1.3) lib/abstract_controller/callbacks.rb:266:in `process_action'
actionpack (8.1.3) lib/action_controller/metal/rescue.rb:36:in `process_action'
actionpack (8.1.3) lib/action_controller/metal/instrumentation.rb:76:in `block in process_action'
activesupport (8.1.3) lib/active_support/notifications.rb:210:in `block in instrument'
activesupport (8.1.3) lib/active_support/notifications/instrumenter.rb:58:in `instrument'
activesupport (8.1.3) lib/active_support/notifications.rb:210:in `instrument'
actionpack (8.1.3) lib/action_controller/metal/instrumentation.rb:75:in `process_action'
actionpack (8.1.3) lib/action_controller/metal/params_wrapper.rb:259:in `process_action'
activerecord (8.1.3) lib/active_record/railties/controller_runtime.rb:39:in `process_action'
actionpack (8.1.3) lib/abstract_controller/base.rb:154:in `process'
actionview (8.1.3) lib/action_view/rendering.rb:40:in `process'
actionpack (8.1.3) lib/action_controller/metal.rb:252:in `dispatch'
actionpack (8.1.3) lib/action_controller/metal.rb:335:in `dispatch'
actionpack (8.1.3) lib/action_dispatch/routing/route_set.rb:65:in `dispatch'
actionpack (8.1.3) lib/action_dispatch/routing/route_set.rb:50:in `serve'
actionpack (8.1.3) lib/action_dispatch/journey/router.rb:35:in `block in serve'
actionpack (8.1.3) lib/action_dispatch/journey/router.rb:86:in `block in recognize'
actionpack (8.1.3) lib/action_dispatch/journey/router.rb:66:in `each'
actionpack (8.1.3) lib/action_dispatch/journey/router.rb:66:in `recognize'
actionpack (8.1.3) lib/action_dispatch/journey/router.rb:31:in `serve'
actionpack (8.1.3) lib/action_dispatch/routing/route_set.rb:906:in `call'
railties (8.1.3) lib/rails/engine/lazy_route_set.rb:60:in `call'
rails_event_store (2.18.0) lib/rails_event_store/middleware.rb:11:in `block in call'
rails_event_store (2.18.0) lib/rails_event_store/client.rb:85:in `block in with_request_metadata'
ruby_event_store (2.18.0) lib/ruby_event_store/client.rb:301:in `with_metadata'
rails_event_store (2.18.0) lib/rails_event_store/client.rb:85:in `with_request_metadata'
rails_event_store (2.18.0) lib/rails_event_store/middleware.rb:11:in `call'
rack (3.2.6) lib/rack/tempfile_reaper.rb:20:in `call'
rack (3.2.6) lib/rack/etag.rb:29:in `call'
rack (3.2.6) lib/rack/conditional_get.rb:44:in `call'
rack (3.2.6) lib/rack/head.rb:15:in `call'
actionpack (8.1.3) lib/action_dispatch/http/content_security_policy.rb:38:in `call'
rack-session (2.1.2) lib/rack/session/abstract/id.rb:274:in `context'
rack-session (2.1.2) lib/rack/session/abstract/id.rb:268:in `call'
actionpack (8.1.3) lib/action_dispatch/middleware/cookies.rb:708:in `call'
activerecord (8.1.3) lib/active_record/migration.rb:671:in `call'
actionpack (8.1.3) lib/action_dispatch/middleware/callbacks.rb:31:in `block in call'
activesupport (8.1.3) lib/active_support/callbacks.rb:101:in `run_callbacks'
actionpack (8.1.3) lib/action_dispatch/middleware/callbacks.rb:30:in `call'
actionpack (8.1.3) lib/action_dispatch/middleware/executor.rb:20:in `call'
actionpack (8.1.3) lib/action_dispatch/middleware/actionable_exceptions.rb:18:in `call'
actionpack (8.1.3) lib/action_dispatch/middleware/debug_exceptions.rb:31:in `call'
web-console (4.3.0) lib/web_console/middleware.rb:132:in `call_app'
web-console (4.3.0) lib/web_console/middleware.rb:28:in `block in call'
web-console (4.3.0) lib/web_console/middleware.rb:17:in `catch'
web-console (4.3.0) lib/web_console/middleware.rb:17:in `call'
actionpack (8.1.3) lib/action_dispatch/middleware/show_exceptions.rb:32:in `call'
railties (8.1.3) lib/rails/rack/logger.rb:41:in `call_app'
railties (8.1.3) lib/rails/rack/logger.rb:29:in `call'
propshaft (1.3.2) lib/propshaft/quiet_assets.rb:11:in `call'
actionpack (8.1.3) lib/action_dispatch/middleware/remote_ip.rb:98:in `call'
actionpack (8.1.3) lib/action_dispatch/middleware/request_id.rb:34:in `call'
rack (3.2.6) lib/rack/method_override.rb:28:in `call'
rack (3.2.6) lib/rack/runtime.rb:24:in `call'
activesupport (8.1.3) lib/active_support/cache/strategy/local_cache_middleware.rb:30:in `call'
actionpack (8.1.3) lib/action_dispatch/middleware/server_timing.rb:61:in `block in call'
actionpack (8.1.3) lib/action_dispatch/middleware/server_timing.rb:26:in `collect_events'
actionpack (8.1.3) lib/action_dispatch/middleware/server_timing.rb:60:in `call'
actionpack (8.1.3) lib/action_dispatch/middleware/executor.rb:20:in `call'
propshaft (1.3.2) lib/propshaft/server.rb:37:in `call'
actionpack (8.1.3) lib/action_dispatch/middleware/static.rb:27:in `call'
rack (3.2.6) lib/rack/sendfile.rb:131:in `call'
actionpack (8.1.3) lib/action_dispatch/middleware/host_authorization.rb:143:in `call'
railties (8.1.3) lib/rails/engine.rb:534:in `call'
puma (8.0.1) lib/puma/configuration.rb:305:in `call'
puma (8.0.1) lib/puma/response.rb:79:in `block in handle_request'
puma (8.0.1) lib/puma/thread_pool.rb:434:in `with_force_shutdown'
puma (8.0.1) lib/puma/response.rb:78:in `handle_request'
puma (8.0.1) lib/puma/server.rb:508:in `process_client'
puma (8.0.1) lib/puma/server.rb:263:in `block in run'
puma (8.0.1) lib/puma/thread_pool.rb:246:in `block in spawn_thread'
Started GET "/" for 127.0.0.1 at 2026-05-06 11:01:21 +0530
Processing by EventsController#index as HTML
  Rendering layout layouts/application.html.erb
  Rendering events/index.html.erb within layouts/application
  [1m[36mEvent Exists? (4.7ms)[0m  [1m[34mSELECT 1 AS one FROM "events" LIMIT 1 OFFSET 0 /*action='index',application='BillettoAssignment',controller='events'*/[0m
  ↳ app/views/events/index.html.erb:11
  [1m[36mEvent Load (1.3ms)[0m  [1m[34mSELECT "events".* FROM "events" ORDER BY "events"."start_date" ASC LIMIT 12 OFFSET 0 /*action='index',application='BillettoAssignment',controller='events'*/[0m
  ↳ app/views/events/index.html.erb:22
  [1m[36mEvent Count (0.5ms)[0m  [1m[34mSELECT COUNT(*) FROM "events" /*action='index',application='BillettoAssignment',controller='events'*/[0m
  ↳ app/views/events/index.html.erb:76
  Rendered events/index.html.erb within layouts/application (Duration: 34.8ms | GC: 0.7ms)
  Rendered layout layouts/application.html.erb (Duration: 36.8ms | GC: 0.7ms)
Completed 200 OK in 44ms (Views: 35.7ms | ActiveRecord: 6.5ms (3 queries, 0 cached) | GC: 1.2ms)


Started POST "/admin/events/import" for 127.0.0.1 at 2026-05-06 11:01:22 +0530
Processing by Admin::EventsController#import as TURBO_STREAM
  Parameters: {"authenticity_token"=>"[FILTERED]", "commit"=>"Import Events"}
HTTP Origin header (http://127.0.0.1:36595) didn't match request.base_url (http://localhost:3000)
Completed 422 Unprocessable Content in 2ms (ActiveRecord: 0.0ms (0 queries, 0 cached) | GC: 0.0ms)


  
ActionController::InvalidAuthenticityToken (HTTP Origin header (http://127.0.0.1:36595) didn't match request.base_url (http://localhost:3000)):
  
actionpack (8.1.3) lib/action_controller/metal/request_forgery_protection.rb:321:in `handle_unverified_request'
actionpack (8.1.3) lib/action_controller/metal/request_forgery_protection.rb:415:in `handle_unverified_request'
actionpack (8.1.3) lib/action_controller/metal/request_forgery_protection.rb:404:in `verify_authenticity_token'
activesupport (8.1.3) lib/active_support/callbacks.rb:362:in `block in make_lambda'
activesupport (8.1.3) lib/active_support/callbacks.rb:179:in `block in call'
actionpack (8.1.3) lib/abstract_controller/callbacks.rb:36:in `block (2 levels) in <module:Callbacks>'
activesupport (8.1.3) lib/active_support/callbacks.rb:180:in `call'
activesupport (8.1.3) lib/active_support/callbacks.rb:560:in `block in invoke_before'
activesupport (8.1.3) lib/active_support/callbacks.rb:560:in `each'
activesupport (8.1.3) lib/active_support/callbacks.rb:560:in `invoke_before'
activesupport (8.1.3) lib/active_support/callbacks.rb:119:in `block in run_callbacks'
activesupport (8.1.3) lib/active_support/callbacks.rb:141:in `run_callbacks'
actionpack (8.1.3) lib/abstract_controller/callbacks.rb:266:in `process_action'
actionpack (8.1.3) lib/action_controller/metal/rescue.rb:36:in `process_action'
actionpack (8.1.3) lib/action_controller/metal/instrumentation.rb:76:in `block in process_action'
activesupport (8.1.3) lib/active_support/notifications.rb:210:in `block in instrument'
activesupport (8.1.3) lib/active_support/notifications/instrumenter.rb:58:in `instrument'
activesupport (8.1.3) lib/active_support/notifications.rb:210:in `instrument'
actionpack (8.1.3) lib/action_controller/metal/instrumentation.rb:75:in `process_action'
actionpack (8.1.3) lib/action_controller/metal/params_wrapper.rb:259:in `process_action'
activerecord (8.1.3) lib/active_record/railties/controller_runtime.rb:39:in `process_action'
actionpack (8.1.3) lib/abstract_controller/base.rb:154:in `process'
actionview (8.1.3) lib/action_view/rendering.rb:40:in `process'
actionpack (8.1.3) lib/action_controller/metal.rb:252:in `dispatch'
actionpack (8.1.3) lib/action_controller/metal.rb:335:in `dispatch'
actionpack (8.1.3) lib/action_dispatch/routing/route_set.rb:65:in `dispatch'
actionpack (8.1.3) lib/action_dispatch/routing/route_set.rb:50:in `serve'
actionpack (8.1.3) lib/action_dispatch/journey/router.rb:35:in `block in serve'
actionpack (8.1.3) lib/action_dispatch/journey/router.rb:86:in `block in recognize'
actionpack (8.1.3) lib/action_dispatch/journey/router.rb:66:in `each'
actionpack (8.1.3) lib/action_dispatch/journey/router.rb:66:in `recognize'
actionpack (8.1.3) lib/action_dispatch/journey/router.rb:31:in `serve'
actionpack (8.1.3) lib/action_dispatch/routing/route_set.rb:906:in `call'
railties (8.1.3) lib/rails/engine/lazy_route_set.rb:60:in `call'
rails_event_store (2.18.0) lib/rails_event_store/middleware.rb:11:in `block in call'
rails_event_store (2.18.0) lib/rails_event_store/client.rb:85:in `block in with_request_metadata'
ruby_event_store (2.18.0) lib/ruby_event_store/client.rb:301:in `with_metadata'
rails_event_store (2.18.0) lib/rails_event_store/client.rb:85:in `with_request_metadata'
rails_event_store (2.18.0) lib/rails_event_store/middleware.rb:11:in `call'
rack (3.2.6) lib/rack/tempfile_reaper.rb:20:in `call'
rack (3.2.6) lib/rack/etag.rb:29:in `call'
rack (3.2.6) lib/rack/conditional_get.rb:44:in `call'
rack (3.2.6) lib/rack/head.rb:15:in `call'
actionpack (8.1.3) lib/action_dispatch/http/content_security_policy.rb:38:in `call'
rack-session (2.1.2) lib/rack/session/abstract/id.rb:274:in `context'
rack-session (2.1.2) lib/rack/session/abstract/id.rb:268:in `call'
actionpack (8.1.3) lib/action_dispatch/middleware/cookies.rb:708:in `call'
activerecord (8.1.3) lib/active_record/migration.rb:671:in `call'
actionpack (8.1.3) lib/action_dispatch/middleware/callbacks.rb:31:in `block in call'
activesupport (8.1.3) lib/active_support/callbacks.rb:101:in `run_callbacks'
actionpack (8.1.3) lib/action_dispatch/middleware/callbacks.rb:30:in `call'
actionpack (8.1.3) lib/action_dispatch/middleware/executor.rb:20:in `call'
actionpack (8.1.3) lib/action_dispatch/middleware/actionable_exceptions.rb:18:in `call'
actionpack (8.1.3) lib/action_dispatch/middleware/debug_exceptions.rb:31:in `call'
web-console (4.3.0) lib/web_console/middleware.rb:132:in `call_app'
web-console (4.3.0) lib/web_console/middleware.rb:28:in `block in call'
web-console (4.3.0) lib/web_console/middleware.rb:17:in `catch'
web-console (4.3.0) lib/web_console/middleware.rb:17:in `call'
actionpack (8.1.3) lib/action_dispatch/middleware/show_exceptions.rb:32:in `call'
railties (8.1.3) lib/rails/rack/logger.rb:41:in `call_app'
railties (8.1.3) lib/rails/rack/logger.rb:29:in `call'
propshaft (1.3.2) lib/propshaft/quiet_assets.rb:11:in `call'
actionpack (8.1.3) lib/action_dispatch/middleware/remote_ip.rb:98:in `call'
actionpack (8.1.3) lib/action_dispatch/middleware/request_id.rb:34:in `call'
rack (3.2.6) lib/rack/method_override.rb:28:in `call'
rack (3.2.6) lib/rack/runtime.rb:24:in `call'
activesupport (8.1.3) lib/active_support/cache/strategy/local_cache_middleware.rb:30:in `call'
actionpack (8.1.3) lib/action_dispatch/middleware/server_timing.rb:61:in `block in call'
actionpack (8.1.3) lib/action_dispatch/middleware/server_timing.rb:26:in `collect_events'
actionpack (8.1.3) lib/action_dispatch/middleware/server_timing.rb:60:in `call'
actionpack (8.1.3) lib/action_dispatch/middleware/executor.rb:20:in `call'
propshaft (1.3.2) lib/propshaft/server.rb:37:in `call'
actionpack (8.1.3) lib/action_dispatch/middleware/static.rb:27:in `call'
rack (3.2.6) lib/rack/sendfile.rb:131:in `call'
actionpack (8.1.3) lib/action_dispatch/middleware/host_authorization.rb:143:in `call'
railties (8.1.3) lib/rails/engine.rb:534:in `call'
puma (8.0.1) lib/puma/configuration.rb:305:in `call'
puma (8.0.1) lib/puma/response.rb:79:in `block in handle_request'
puma (8.0.1) lib/puma/thread_pool.rb:434:in `with_force_shutdown'
puma (8.0.1) lib/puma/response.rb:78:in `handle_request'
puma (8.0.1) lib/puma/server.rb:508:in `process_client'
puma (8.0.1) lib/puma/server.rb:263:in `block in run'
puma (8.0.1) lib/puma/thread_pool.rb:246:in `block in spawn_thread'
Started GET "/" for 127.0.0.1 at 2026-05-06 11:01:22 +0530
Processing by EventsController#index as HTML
  Rendering layout layouts/application.html.erb
  Rendering events/index.html.erb within layouts/application
  [1m[36mEvent Exists? (0.4ms)[0m  [1m[34mSELECT 1 AS one FROM "events" LIMIT 1 OFFSET 0 /*action='index',application='BillettoAssignment',controller='events'*/[0m
  ↳ app/views/events/index.html.erb:11
  [1m[36mEvent Load (0.4ms)[0m  [1m[34mSELECT "events".* FROM "events" ORDER BY "events"."start_date" ASC LIMIT 12 OFFSET 0 /*action='index',application='BillettoAssignment',controller='events'*/[0m
  ↳ app/views/events/index.html.erb:22
  [1m[36mEvent Count (0.5ms)[0m  [1m[34mSELECT COUNT(*) FROM "events" /*action='index',application='BillettoAssignment',controller='events'*/[0m
  ↳ app/views/events/index.html.erb:76
  Rendered events/index.html.erb within layouts/application (Duration: 14.3ms | GC: 0.3ms)
  Rendered layout layouts/application.html.erb (Duration: 15.2ms | GC: 0.3ms)
Completed 200 OK in 17ms (Views: 14.5ms | ActiveRecord: 1.2ms (3 queries, 0 cached) | GC: 0.3ms)


Started POST "/admin/events/import" for 127.0.0.1 at 2026-05-06 11:01:23 +0530
Processing by Admin::EventsController#import as TURBO_STREAM
  Parameters: {"authenticity_token"=>"[FILTERED]", "commit"=>"Import Events"}
HTTP Origin header (http://127.0.0.1:36595) didn't match request.base_url (http://localhost:3000)
Completed 422 Unprocessable Content in 1ms (ActiveRecord: 0.0ms (0 queries, 0 cached) | GC: 0.2ms)


  
ActionController::InvalidAuthenticityToken (HTTP Origin header (http://127.0.0.1:36595) didn't match request.base_url (http://localhost:3000)):
  
actionpack (8.1.3) lib/action_controller/metal/request_forgery_protection.rb:321:in `handle_unverified_request'
actionpack (8.1.3) lib/action_controller/metal/request_forgery_protection.rb:415:in `handle_unverified_request'
actionpack (8.1.3) lib/action_controller/metal/request_forgery_protection.rb:404:in `verify_authenticity_token'
activesupport (8.1.3) lib/active_support/callbacks.rb:362:in `block in make_lambda'
activesupport (8.1.3) lib/active_support/callbacks.rb:179:in `block in call'
actionpack (8.1.3) lib/abstract_controller/callbacks.rb:36:in `block (2 levels) in <module:Callbacks>'
activesupport (8.1.3) lib/active_support/callbacks.rb:180:in `call'
activesupport (8.1.3) lib/active_support/callbacks.rb:560:in `block in invoke_before'
activesupport (8.1.3) lib/active_support/callbacks.rb:560:in `each'
activesupport (8.1.3) lib/active_support/callbacks.rb:560:in `invoke_before'
activesupport (8.1.3) lib/active_support/callbacks.rb:119:in `block in run_callbacks'
activesupport (8.1.3) lib/active_support/callbacks.rb:141:in `run_callbacks'
actionpack (8.1.3) lib/abstract_controller/callbacks.rb:266:in `process_action'
actionpack (8.1.3) lib/action_controller/metal/rescue.rb:36:in `process_action'
actionpack (8.1.3) lib/action_controller/metal/instrumentation.rb:76:in `block in process_action'
activesupport (8.1.3) lib/active_support/notifications.rb:210:in `block in instrument'
activesupport (8.1.3) lib/active_support/notifications/instrumenter.rb:58:in `instrument'
activesupport (8.1.3) lib/active_support/notifications.rb:210:in `instrument'
actionpack (8.1.3) lib/action_controller/metal/instrumentation.rb:75:in `process_action'
actionpack (8.1.3) lib/action_controller/metal/params_wrapper.rb:259:in `process_action'
activerecord (8.1.3) lib/active_record/railties/controller_runtime.rb:39:in `process_action'
actionpack (8.1.3) lib/abstract_controller/base.rb:154:in `process'
actionview (8.1.3) lib/action_view/rendering.rb:40:in `process'
actionpack (8.1.3) lib/action_controller/metal.rb:252:in `dispatch'
actionpack (8.1.3) lib/action_controller/metal.rb:335:in `dispatch'
actionpack (8.1.3) lib/action_dispatch/routing/route_set.rb:65:in `dispatch'
actionpack (8.1.3) lib/action_dispatch/routing/route_set.rb:50:in `serve'
actionpack (8.1.3) lib/action_dispatch/journey/router.rb:35:in `block in serve'
actionpack (8.1.3) lib/action_dispatch/journey/router.rb:86:in `block in recognize'
actionpack (8.1.3) lib/action_dispatch/journey/router.rb:66:in `each'
actionpack (8.1.3) lib/action_dispatch/journey/router.rb:66:in `recognize'
actionpack (8.1.3) lib/action_dispatch/journey/router.rb:31:in `serve'
actionpack (8.1.3) lib/action_dispatch/routing/route_set.rb:906:in `call'
railties (8.1.3) lib/rails/engine/lazy_route_set.rb:60:in `call'
rails_event_store (2.18.0) lib/rails_event_store/middleware.rb:11:in `block in call'
rails_event_store (2.18.0) lib/rails_event_store/client.rb:85:in `block in with_request_metadata'
ruby_event_store (2.18.0) lib/ruby_event_store/client.rb:301:in `with_metadata'
rails_event_store (2.18.0) lib/rails_event_store/client.rb:85:in `with_request_metadata'
rails_event_store (2.18.0) lib/rails_event_store/middleware.rb:11:in `call'
rack (3.2.6) lib/rack/tempfile_reaper.rb:20:in `call'
rack (3.2.6) lib/rack/etag.rb:29:in `call'
rack (3.2.6) lib/rack/conditional_get.rb:44:in `call'
rack (3.2.6) lib/rack/head.rb:15:in `call'
actionpack (8.1.3) lib/action_dispatch/http/content_security_policy.rb:38:in `call'
rack-session (2.1.2) lib/rack/session/abstract/id.rb:274:in `context'
rack-session (2.1.2) lib/rack/session/abstract/id.rb:268:in `call'
actionpack (8.1.3) lib/action_dispatch/middleware/cookies.rb:708:in `call'
activerecord (8.1.3) lib/active_record/migration.rb:671:in `call'
actionpack (8.1.3) lib/action_dispatch/middleware/callbacks.rb:31:in `block in call'
activesupport (8.1.3) lib/active_support/callbacks.rb:101:in `run_callbacks'
actionpack (8.1.3) lib/action_dispatch/middleware/callbacks.rb:30:in `call'
actionpack (8.1.3) lib/action_dispatch/middleware/executor.rb:20:in `call'
actionpack (8.1.3) lib/action_dispatch/middleware/actionable_exceptions.rb:18:in `call'
actionpack (8.1.3) lib/action_dispatch/middleware/debug_exceptions.rb:31:in `call'
web-console (4.3.0) lib/web_console/middleware.rb:132:in `call_app'
web-console (4.3.0) lib/web_console/middleware.rb:28:in `block in call'
web-console (4.3.0) lib/web_console/middleware.rb:17:in `catch'
web-console (4.3.0) lib/web_console/middleware.rb:17:in `call'
actionpack (8.1.3) lib/action_dispatch/middleware/show_exceptions.rb:32:in `call'
railties (8.1.3) lib/rails/rack/logger.rb:41:in `call_app'
railties (8.1.3) lib/rails/rack/logger.rb:29:in `call'
propshaft (1.3.2) lib/propshaft/quiet_assets.rb:11:in `call'
actionpack (8.1.3) lib/action_dispatch/middleware/remote_ip.rb:98:in `call'
actionpack (8.1.3) lib/action_dispatch/middleware/request_id.rb:34:in `call'
rack (3.2.6) lib/rack/method_override.rb:28:in `call'
rack (3.2.6) lib/rack/runtime.rb:24:in `call'
activesupport (8.1.3) lib/active_support/cache/strategy/local_cache_middleware.rb:30:in `call'
actionpack (8.1.3) lib/action_dispatch/middleware/server_timing.rb:61:in `block in call'
actionpack (8.1.3) lib/action_dispatch/middleware/server_timing.rb:26:in `collect_events'
actionpack (8.1.3) lib/action_dispatch/middleware/server_timing.rb:60:in `call'
actionpack (8.1.3) lib/action_dispatch/middleware/executor.rb:20:in `call'
propshaft (1.3.2) lib/propshaft/server.rb:37:in `call'
actionpack (8.1.3) lib/action_dispatch/middleware/static.rb:27:in `call'
rack (3.2.6) lib/rack/sendfile.rb:131:in `call'
actionpack (8.1.3) lib/action_dispatch/middleware/host_authorization.rb:143:in `call'
railties (8.1.3) lib/rails/engine.rb:534:in `call'
puma (8.0.1) lib/puma/configuration.rb:305:in `call'
puma (8.0.1) lib/puma/response.rb:79:in `block in handle_request'
puma (8.0.1) lib/puma/thread_pool.rb:434:in `with_force_shutdown'
puma (8.0.1) lib/puma/response.rb:78:in `handle_request'
puma (8.0.1) lib/puma/server.rb:508:in `process_client'
puma (8.0.1) lib/puma/server.rb:263:in `block in run'
puma (8.0.1) lib/puma/thread_pool.rb:246:in `block in spawn_thread'
Started GET "/" for 127.0.0.1 at 2026-05-06 11:01:23 +0530
Processing by EventsController#index as HTML
  Rendering layout layouts/application.html.erb
  Rendering events/index.html.erb within layouts/application
  [1m[36mEvent Exists? (0.4ms)[0m  [1m[34mSELECT 1 AS one FROM "events" LIMIT 1 OFFSET 0 /*action='index',application='BillettoAssignment',controller='events'*/[0m
  ↳ app/views/events/index.html.erb:11
  [1m[36mEvent Load (0.5ms)[0m  [1m[34mSELECT "events".* FROM "events" ORDER BY "events"."start_date" ASC LIMIT 12 OFFSET 0 /*action='index',application='BillettoAssignment',controller='events'*/[0m
  ↳ app/views/events/index.html.erb:22
  [1m[36mEvent Count (0.4ms)[0m  [1m[34mSELECT COUNT(*) FROM "events" /*action='index',application='BillettoAssignment',controller='events'*/[0m
  ↳ app/views/events/index.html.erb:76
  Rendered events/index.html.erb within layouts/application (Duration: 13.8ms | GC: 0.0ms)
  Rendered layout layouts/application.html.erb (Duration: 14.8ms | GC: 0.0ms)
Completed 200 OK in 16ms (Views: 14.1ms | ActiveRecord: 1.2ms (3 queries, 0 cached) | GC: 0.0ms)


Started POST "/admin/events/import" for 127.0.0.1 at 2026-05-06 11:01:24 +0530
Processing by Admin::EventsController#import as TURBO_STREAM
  Parameters: {"authenticity_token"=>"[FILTERED]", "commit"=>"Import Events"}
HTTP Origin header (http://127.0.0.1:36595) didn't match request.base_url (http://localhost:3000)
Completed 422 Unprocessable Content in 1ms (ActiveRecord: 0.0ms (0 queries, 0 cached) | GC: 0.0ms)


  
ActionController::InvalidAuthenticityToken (HTTP Origin header (http://127.0.0.1:36595) didn't match request.base_url (http://localhost:3000)):
  
actionpack (8.1.3) lib/action_controller/metal/request_forgery_protection.rb:321:in `handle_unverified_request'
actionpack (8.1.3) lib/action_controller/metal/request_forgery_protection.rb:415:in `handle_unverified_request'
actionpack (8.1.3) lib/action_controller/metal/request_forgery_protection.rb:404:in `verify_authenticity_token'
activesupport (8.1.3) lib/active_support/callbacks.rb:362:in `block in make_lambda'
activesupport (8.1.3) lib/active_support/callbacks.rb:179:in `block in call'
actionpack (8.1.3) lib/abstract_controller/callbacks.rb:36:in `block (2 levels) in <module:Callbacks>'
activesupport (8.1.3) lib/active_support/callbacks.rb:180:in `call'
activesupport (8.1.3) lib/active_support/callbacks.rb:560:in `block in invoke_before'
activesupport (8.1.3) lib/active_support/callbacks.rb:560:in `each'
activesupport (8.1.3) lib/active_support/callbacks.rb:560:in `invoke_before'
activesupport (8.1.3) lib/active_support/callbacks.rb:119:in `block in run_callbacks'
activesupport (8.1.3) lib/active_support/callbacks.rb:141:in `run_callbacks'
actionpack (8.1.3) lib/abstract_controller/callbacks.rb:266:in `process_action'
actionpack (8.1.3) lib/action_controller/metal/rescue.rb:36:in `process_action'
actionpack (8.1.3) lib/action_controller/metal/instrumentation.rb:76:in `block in process_action'
activesupport (8.1.3) lib/active_support/notifications.rb:210:in `block in instrument'
activesupport (8.1.3) lib/active_support/notifications/instrumenter.rb:58:in `instrument'
activesupport (8.1.3) lib/active_support/notifications.rb:210:in `instrument'
actionpack (8.1.3) lib/action_controller/metal/instrumentation.rb:75:in `process_action'
actionpack (8.1.3) lib/action_controller/metal/params_wrapper.rb:259:in `process_action'
activerecord (8.1.3) lib/active_record/railties/controller_runtime.rb:39:in `process_action'
actionpack (8.1.3) lib/abstract_controller/base.rb:154:in `process'
actionview (8.1.3) lib/action_view/rendering.rb:40:in `process'
actionpack (8.1.3) lib/action_controller/metal.rb:252:in `dispatch'
actionpack (8.1.3) lib/action_controller/metal.rb:335:in `dispatch'
actionpack (8.1.3) lib/action_dispatch/routing/route_set.rb:65:in `dispatch'
actionpack (8.1.3) lib/action_dispatch/routing/route_set.rb:50:in `serve'
actionpack (8.1.3) lib/action_dispatch/journey/router.rb:35:in `block in serve'
actionpack (8.1.3) lib/action_dispatch/journey/router.rb:86:in `block in recognize'
actionpack (8.1.3) lib/action_dispatch/journey/router.rb:66:in `each'
actionpack (8.1.3) lib/action_dispatch/journey/router.rb:66:in `recognize'
actionpack (8.1.3) lib/action_dispatch/journey/router.rb:31:in `serve'
actionpack (8.1.3) lib/action_dispatch/routing/route_set.rb:906:in `call'
railties (8.1.3) lib/rails/engine/lazy_route_set.rb:60:in `call'
rails_event_store (2.18.0) lib/rails_event_store/middleware.rb:11:in `block in call'
rails_event_store (2.18.0) lib/rails_event_store/client.rb:85:in `block in with_request_metadata'
ruby_event_store (2.18.0) lib/ruby_event_store/client.rb:301:in `with_metadata'
rails_event_store (2.18.0) lib/rails_event_store/client.rb:85:in `with_request_metadata'
rails_event_store (2.18.0) lib/rails_event_store/middleware.rb:11:in `call'
rack (3.2.6) lib/rack/tempfile_reaper.rb:20:in `call'
rack (3.2.6) lib/rack/etag.rb:29:in `call'
rack (3.2.6) lib/rack/conditional_get.rb:44:in `call'
rack (3.2.6) lib/rack/head.rb:15:in `call'
actionpack (8.1.3) lib/action_dispatch/http/content_security_policy.rb:38:in `call'
rack-session (2.1.2) lib/rack/session/abstract/id.rb:274:in `context'
rack-session (2.1.2) lib/rack/session/abstract/id.rb:268:in `call'
actionpack (8.1.3) lib/action_dispatch/middleware/cookies.rb:708:in `call'
activerecord (8.1.3) lib/active_record/migration.rb:671:in `call'
actionpack (8.1.3) lib/action_dispatch/middleware/callbacks.rb:31:in `block in call'
activesupport (8.1.3) lib/active_support/callbacks.rb:101:in `run_callbacks'
actionpack (8.1.3) lib/action_dispatch/middleware/callbacks.rb:30:in `call'
actionpack (8.1.3) lib/action_dispatch/middleware/executor.rb:20:in `call'
actionpack (8.1.3) lib/action_dispatch/middleware/actionable_exceptions.rb:18:in `call'
actionpack (8.1.3) lib/action_dispatch/middleware/debug_exceptions.rb:31:in `call'
web-console (4.3.0) lib/web_console/middleware.rb:132:in `call_app'
web-console (4.3.0) lib/web_console/middleware.rb:28:in `block in call'
web-console (4.3.0) lib/web_console/middleware.rb:17:in `catch'
web-console (4.3.0) lib/web_console/middleware.rb:17:in `call'
actionpack (8.1.3) lib/action_dispatch/middleware/show_exceptions.rb:32:in `call'
railties (8.1.3) lib/rails/rack/logger.rb:41:in `call_app'
railties (8.1.3) lib/rails/rack/logger.rb:29:in `call'
propshaft (1.3.2) lib/propshaft/quiet_assets.rb:11:in `call'
actionpack (8.1.3) lib/action_dispatch/middleware/remote_ip.rb:98:in `call'
actionpack (8.1.3) lib/action_dispatch/middleware/request_id.rb:34:in `call'
rack (3.2.6) lib/rack/method_override.rb:28:in `call'
rack (3.2.6) lib/rack/runtime.rb:24:in `call'
activesupport (8.1.3) lib/active_support/cache/strategy/local_cache_middleware.rb:30:in `call'
actionpack (8.1.3) lib/action_dispatch/middleware/server_timing.rb:61:in `block in call'
actionpack (8.1.3) lib/action_dispatch/middleware/server_timing.rb:26:in `collect_events'
actionpack (8.1.3) lib/action_dispatch/middleware/server_timing.rb:60:in `call'
actionpack (8.1.3) lib/action_dispatch/middleware/executor.rb:20:in `call'
propshaft (1.3.2) lib/propshaft/server.rb:37:in `call'
actionpack (8.1.3) lib/action_dispatch/middleware/static.rb:27:in `call'
rack (3.2.6) lib/rack/sendfile.rb:131:in `call'
actionpack (8.1.3) lib/action_dispatch/middleware/host_authorization.rb:143:in `call'
railties (8.1.3) lib/rails/engine.rb:534:in `call'
puma (8.0.1) lib/puma/configuration.rb:305:in `call'
puma (8.0.1) lib/puma/response.rb:79:in `block in handle_request'
puma (8.0.1) lib/puma/thread_pool.rb:434:in `with_force_shutdown'
puma (8.0.1) lib/puma/response.rb:78:in `handle_request'
puma (8.0.1) lib/puma/server.rb:508:in `process_client'
puma (8.0.1) lib/puma/server.rb:263:in `block in run'
puma (8.0.1) lib/puma/thread_pool.rb:246:in `block in spawn_thread'
Started GET "/" for 127.0.0.1 at 2026-05-06 11:01:24 +0530
Processing by EventsController#index as HTML
  Rendering layout layouts/application.html.erb
  Rendering events/index.html.erb within layouts/application
  [1m[36mEvent Exists? (0.3ms)[0m  [1m[34mSELECT 1 AS one FROM "events" LIMIT 1 OFFSET 0 /*action='index',application='BillettoAssignment',controller='events'*/[0m
  ↳ app/views/events/index.html.erb:11
  [1m[36mEvent Load (0.3ms)[0m  [1m[34mSELECT "events".* FROM "events" ORDER BY "events"."start_date" ASC LIMIT 12 OFFSET 0 /*action='index',application='BillettoAssignment',controller='events'*/[0m
  ↳ app/views/events/index.html.erb:22
  [1m[36mEvent Count (0.3ms)[0m  [1m[34mSELECT COUNT(*) FROM "events" /*action='index',application='BillettoAssignment',controller='events'*/[0m
  ↳ app/views/events/index.html.erb:76
  Rendered events/index.html.erb within layouts/application (Duration: 13.0ms | GC: 0.3ms)
  Rendered layout layouts/application.html.erb (Duration: 13.8ms | GC: 0.3ms)
Completed 200 OK in 16ms (Views: 13.3ms | ActiveRecord: 1.0ms (3 queries, 0 cached) | GC: 0.3ms)


Started POST "/admin/events/import" for 127.0.0.1 at 2026-05-06 11:01:25 +0530
Processing by Admin::EventsController#import as TURBO_STREAM
  Parameters: {"authenticity_token"=>"[FILTERED]", "commit"=>"Import Events"}
HTTP Origin header (http://127.0.0.1:36595) didn't match request.base_url (http://localhost:3000)
Completed 422 Unprocessable Content in 1ms (ActiveRecord: 0.0ms (0 queries, 0 cached) | GC: 0.0ms)


  
ActionController::InvalidAuthenticityToken (HTTP Origin header (http://127.0.0.1:36595) didn't match request.base_url (http://localhost:3000)):
  
actionpack (8.1.3) lib/action_controller/metal/request_forgery_protection.rb:321:in `handle_unverified_request'
actionpack (8.1.3) lib/action_controller/metal/request_forgery_protection.rb:415:in `handle_unverified_request'
actionpack (8.1.3) lib/action_controller/metal/request_forgery_protection.rb:404:in `verify_authenticity_token'
activesupport (8.1.3) lib/active_support/callbacks.rb:362:in `block in make_lambda'
activesupport (8.1.3) lib/active_support/callbacks.rb:179:in `block in call'
actionpack (8.1.3) lib/abstract_controller/callbacks.rb:36:in `block (2 levels) in <module:Callbacks>'
activesupport (8.1.3) lib/active_support/callbacks.rb:180:in `call'
activesupport (8.1.3) lib/active_support/callbacks.rb:560:in `block in invoke_before'
activesupport (8.1.3) lib/active_support/callbacks.rb:560:in `each'
activesupport (8.1.3) lib/active_support/callbacks.rb:560:in `invoke_before'
activesupport (8.1.3) lib/active_support/callbacks.rb:119:in `block in run_callbacks'
activesupport (8.1.3) lib/active_support/callbacks.rb:141:in `run_callbacks'
actionpack (8.1.3) lib/abstract_controller/callbacks.rb:266:in `process_action'
actionpack (8.1.3) lib/action_controller/metal/rescue.rb:36:in `process_action'
actionpack (8.1.3) lib/action_controller/metal/instrumentation.rb:76:in `block in process_action'
activesupport (8.1.3) lib/active_support/notifications.rb:210:in `block in instrument'
activesupport (8.1.3) lib/active_support/notifications/instrumenter.rb:58:in `instrument'
activesupport (8.1.3) lib/active_support/notifications.rb:210:in `instrument'
actionpack (8.1.3) lib/action_controller/metal/instrumentation.rb:75:in `process_action'
actionpack (8.1.3) lib/action_controller/metal/params_wrapper.rb:259:in `process_action'
activerecord (8.1.3) lib/active_record/railties/controller_runtime.rb:39:in `process_action'
actionpack (8.1.3) lib/abstract_controller/base.rb:154:in `process'
actionview (8.1.3) lib/action_view/rendering.rb:40:in `process'
actionpack (8.1.3) lib/action_controller/metal.rb:252:in `dispatch'
actionpack (8.1.3) lib/action_controller/metal.rb:335:in `dispatch'
actionpack (8.1.3) lib/action_dispatch/routing/route_set.rb:65:in `dispatch'
actionpack (8.1.3) lib/action_dispatch/routing/route_set.rb:50:in `serve'
actionpack (8.1.3) lib/action_dispatch/journey/router.rb:35:in `block in serve'
actionpack (8.1.3) lib/action_dispatch/journey/router.rb:86:in `block in recognize'
actionpack (8.1.3) lib/action_dispatch/journey/router.rb:66:in `each'
actionpack (8.1.3) lib/action_dispatch/journey/router.rb:66:in `recognize'
actionpack (8.1.3) lib/action_dispatch/journey/router.rb:31:in `serve'
actionpack (8.1.3) lib/action_dispatch/routing/route_set.rb:906:in `call'
railties (8.1.3) lib/rails/engine/lazy_route_set.rb:60:in `call'
rails_event_store (2.18.0) lib/rails_event_store/middleware.rb:11:in `block in call'
rails_event_store (2.18.0) lib/rails_event_store/client.rb:85:in `block in with_request_metadata'
ruby_event_store (2.18.0) lib/ruby_event_store/client.rb:301:in `with_metadata'
rails_event_store (2.18.0) lib/rails_event_store/client.rb:85:in `with_request_metadata'
rails_event_store (2.18.0) lib/rails_event_store/middleware.rb:11:in `call'
rack (3.2.6) lib/rack/tempfile_reaper.rb:20:in `call'
rack (3.2.6) lib/rack/etag.rb:29:in `call'
rack (3.2.6) lib/rack/conditional_get.rb:44:in `call'
rack (3.2.6) lib/rack/head.rb:15:in `call'
actionpack (8.1.3) lib/action_dispatch/http/content_security_policy.rb:38:in `call'
rack-session (2.1.2) lib/rack/session/abstract/id.rb:274:in `context'
rack-session (2.1.2) lib/rack/session/abstract/id.rb:268:in `call'
actionpack (8.1.3) lib/action_dispatch/middleware/cookies.rb:708:in `call'
activerecord (8.1.3) lib/active_record/migration.rb:671:in `call'
actionpack (8.1.3) lib/action_dispatch/middleware/callbacks.rb:31:in `block in call'
activesupport (8.1.3) lib/active_support/callbacks.rb:101:in `run_callbacks'
actionpack (8.1.3) lib/action_dispatch/middleware/callbacks.rb:30:in `call'
actionpack (8.1.3) lib/action_dispatch/middleware/executor.rb:20:in `call'
actionpack (8.1.3) lib/action_dispatch/middleware/actionable_exceptions.rb:18:in `call'
actionpack (8.1.3) lib/action_dispatch/middleware/debug_exceptions.rb:31:in `call'
web-console (4.3.0) lib/web_console/middleware.rb:132:in `call_app'
web-console (4.3.0) lib/web_console/middleware.rb:28:in `block in call'
web-console (4.3.0) lib/web_console/middleware.rb:17:in `catch'
web-console (4.3.0) lib/web_console/middleware.rb:17:in `call'
actionpack (8.1.3) lib/action_dispatch/middleware/show_exceptions.rb:32:in `call'
railties (8.1.3) lib/rails/rack/logger.rb:41:in `call_app'
railties (8.1.3) lib/rails/rack/logger.rb:29:in `call'
propshaft (1.3.2) lib/propshaft/quiet_assets.rb:11:in `call'
actionpack (8.1.3) lib/action_dispatch/middleware/remote_ip.rb:98:in `call'
actionpack (8.1.3) lib/action_dispatch/middleware/request_id.rb:34:in `call'
rack (3.2.6) lib/rack/method_override.rb:28:in `call'
rack (3.2.6) lib/rack/runtime.rb:24:in `call'
activesupport (8.1.3) lib/active_support/cache/strategy/local_cache_middleware.rb:30:in `call'
actionpack (8.1.3) lib/action_dispatch/middleware/server_timing.rb:61:in `block in call'
actionpack (8.1.3) lib/action_dispatch/middleware/server_timing.rb:26:in `collect_events'
actionpack (8.1.3) lib/action_dispatch/middleware/server_timing.rb:60:in `call'
actionpack (8.1.3) lib/action_dispatch/middleware/executor.rb:20:in `call'
propshaft (1.3.2) lib/propshaft/server.rb:37:in `call'
actionpack (8.1.3) lib/action_dispatch/middleware/static.rb:27:in `call'
rack (3.2.6) lib/rack/sendfile.rb:131:in `call'
actionpack (8.1.3) lib/action_dispatch/middleware/host_authorization.rb:143:in `call'
railties (8.1.3) lib/rails/engine.rb:534:in `call'
puma (8.0.1) lib/puma/configuration.rb:305:in `call'
puma (8.0.1) lib/puma/response.rb:79:in `block in handle_request'
puma (8.0.1) lib/puma/thread_pool.rb:434:in `with_force_shutdown'
puma (8.0.1) lib/puma/response.rb:78:in `handle_request'
puma (8.0.1) lib/puma/server.rb:508:in `process_client'
puma (8.0.1) lib/puma/server.rb:263:in `block in run'
puma (8.0.1) lib/puma/thread_pool.rb:246:in `block in spawn_thread'
Started GET "/" for 127.0.0.1 at 2026-05-06 11:01:25 +0530
Processing by EventsController#index as HTML
  Rendering layout layouts/application.html.erb
  Rendering events/index.html.erb within layouts/application
  [1m[36mEvent Exists? (0.4ms)[0m  [1m[34mSELECT 1 AS one FROM "events" LIMIT 1 OFFSET 0 /*action='index',application='BillettoAssignment',controller='events'*/[0m
  ↳ app/views/events/index.html.erb:11
  [1m[36mEvent Load (0.7ms)[0m  [1m[34mSELECT "events".* FROM "events" ORDER BY "events"."start_date" ASC LIMIT 12 OFFSET 0 /*action='index',application='BillettoAssignment',controller='events'*/[0m
  ↳ app/views/events/index.html.erb:22
  [1m[36mEvent Count (0.4ms)[0m  [1m[34mSELECT COUNT(*) FROM "events" /*action='index',application='BillettoAssignment',controller='events'*/[0m
  ↳ app/views/events/index.html.erb:76
  Rendered events/index.html.erb within layouts/application (Duration: 12.8ms | GC: 0.2ms)
  Rendered layout layouts/application.html.erb (Duration: 13.7ms | GC: 0.2ms)
Completed 200 OK in 15ms (Views: 12.6ms | ActiveRecord: 1.5ms (3 queries, 0 cached) | GC: 0.2ms)


Started POST "/admin/events/import" for 127.0.0.1 at 2026-05-06 11:01:25 +0530
Processing by Admin::EventsController#import as TURBO_STREAM
  Parameters: {"authenticity_token"=>"[FILTERED]", "commit"=>"Import Events"}
HTTP Origin header (http://127.0.0.1:36595) didn't match request.base_url (http://localhost:3000)
Completed 422 Unprocessable Content in 1ms (ActiveRecord: 0.0ms (0 queries, 0 cached) | GC: 0.0ms)


  
ActionController::InvalidAuthenticityToken (HTTP Origin header (http://127.0.0.1:36595) didn't match request.base_url (http://localhost:3000)):
  
actionpack (8.1.3) lib/action_controller/metal/request_forgery_protection.rb:321:in `handle_unverified_request'
actionpack (8.1.3) lib/action_controller/metal/request_forgery_protection.rb:415:in `handle_unverified_request'
actionpack (8.1.3) lib/action_controller/metal/request_forgery_protection.rb:404:in `verify_authenticity_token'
activesupport (8.1.3) lib/active_support/callbacks.rb:362:in `block in make_lambda'
activesupport (8.1.3) lib/active_support/callbacks.rb:179:in `block in call'
actionpack (8.1.3) lib/abstract_controller/callbacks.rb:36:in `block (2 levels) in <module:Callbacks>'
activesupport (8.1.3) lib/active_support/callbacks.rb:180:in `call'
activesupport (8.1.3) lib/active_support/callbacks.rb:560:in `block in invoke_before'
activesupport (8.1.3) lib/active_support/callbacks.rb:560:in `each'
activesupport (8.1.3) lib/active_support/callbacks.rb:560:in `invoke_before'
activesupport (8.1.3) lib/active_support/callbacks.rb:119:in `block in run_callbacks'
activesupport (8.1.3) lib/active_support/callbacks.rb:141:in `run_callbacks'
actionpack (8.1.3) lib/abstract_controller/callbacks.rb:266:in `process_action'
actionpack (8.1.3) lib/action_controller/metal/rescue.rb:36:in `process_action'
actionpack (8.1.3) lib/action_controller/metal/instrumentation.rb:76:in `block in process_action'
activesupport (8.1.3) lib/active_support/notifications.rb:210:in `block in instrument'
activesupport (8.1.3) lib/active_support/notifications/instrumenter.rb:58:in `instrument'
activesupport (8.1.3) lib/active_support/notifications.rb:210:in `instrument'
actionpack (8.1.3) lib/action_controller/metal/instrumentation.rb:75:in `process_action'
actionpack (8.1.3) lib/action_controller/metal/params_wrapper.rb:259:in `process_action'
activerecord (8.1.3) lib/active_record/railties/controller_runtime.rb:39:in `process_action'
actionpack (8.1.3) lib/abstract_controller/base.rb:154:in `process'
actionview (8.1.3) lib/action_view/rendering.rb:40:in `process'
actionpack (8.1.3) lib/action_controller/metal.rb:252:in `dispatch'
actionpack (8.1.3) lib/action_controller/metal.rb:335:in `dispatch'
actionpack (8.1.3) lib/action_dispatch/routing/route_set.rb:65:in `dispatch'
actionpack (8.1.3) lib/action_dispatch/routing/route_set.rb:50:in `serve'
actionpack (8.1.3) lib/action_dispatch/journey/router.rb:35:in `block in serve'
actionpack (8.1.3) lib/action_dispatch/journey/router.rb:86:in `block in recognize'
actionpack (8.1.3) lib/action_dispatch/journey/router.rb:66:in `each'
actionpack (8.1.3) lib/action_dispatch/journey/router.rb:66:in `recognize'
actionpack (8.1.3) lib/action_dispatch/journey/router.rb:31:in `serve'
actionpack (8.1.3) lib/action_dispatch/routing/route_set.rb:906:in `call'
railties (8.1.3) lib/rails/engine/lazy_route_set.rb:60:in `call'
rails_event_store (2.18.0) lib/rails_event_store/middleware.rb:11:in `block in call'
rails_event_store (2.18.0) lib/rails_event_store/client.rb:85:in `block in with_request_metadata'
ruby_event_store (2.18.0) lib/ruby_event_store/client.rb:301:in `with_metadata'
rails_event_store (2.18.0) lib/rails_event_store/client.rb:85:in `with_request_metadata'
rails_event_store (2.18.0) lib/rails_event_store/middleware.rb:11:in `call'
rack (3.2.6) lib/rack/tempfile_reaper.rb:20:in `call'
rack (3.2.6) lib/rack/etag.rb:29:in `call'
rack (3.2.6) lib/rack/conditional_get.rb:44:in `call'
rack (3.2.6) lib/rack/head.rb:15:in `call'
actionpack (8.1.3) lib/action_dispatch/http/content_security_policy.rb:38:in `call'
rack-session (2.1.2) lib/rack/session/abstract/id.rb:274:in `context'
rack-session (2.1.2) lib/rack/session/abstract/id.rb:268:in `call'
actionpack (8.1.3) lib/action_dispatch/middleware/cookies.rb:708:in `call'
activerecord (8.1.3) lib/active_record/migration.rb:671:in `call'
actionpack (8.1.3) lib/action_dispatch/middleware/callbacks.rb:31:in `block in call'
activesupport (8.1.3) lib/active_support/callbacks.rb:101:in `run_callbacks'
actionpack (8.1.3) lib/action_dispatch/middleware/callbacks.rb:30:in `call'
actionpack (8.1.3) lib/action_dispatch/middleware/executor.rb:20:in `call'
actionpack (8.1.3) lib/action_dispatch/middleware/actionable_exceptions.rb:18:in `call'
actionpack (8.1.3) lib/action_dispatch/middleware/debug_exceptions.rb:31:in `call'
web-console (4.3.0) lib/web_console/middleware.rb:132:in `call_app'
web-console (4.3.0) lib/web_console/middleware.rb:28:in `block in call'
web-console (4.3.0) lib/web_console/middleware.rb:17:in `catch'
web-console (4.3.0) lib/web_console/middleware.rb:17:in `call'
actionpack (8.1.3) lib/action_dispatch/middleware/show_exceptions.rb:32:in `call'
railties (8.1.3) lib/rails/rack/logger.rb:41:in `call_app'
railties (8.1.3) lib/rails/rack/logger.rb:29:in `call'
propshaft (1.3.2) lib/propshaft/quiet_assets.rb:11:in `call'
actionpack (8.1.3) lib/action_dispatch/middleware/remote_ip.rb:98:in `call'
actionpack (8.1.3) lib/action_dispatch/middleware/request_id.rb:34:in `call'
rack (3.2.6) lib/rack/method_override.rb:28:in `call'
rack (3.2.6) lib/rack/runtime.rb:24:in `call'
activesupport (8.1.3) lib/active_support/cache/strategy/local_cache_middleware.rb:30:in `call'
actionpack (8.1.3) lib/action_dispatch/middleware/server_timing.rb:61:in `block in call'
actionpack (8.1.3) lib/action_dispatch/middleware/server_timing.rb:26:in `collect_events'
actionpack (8.1.3) lib/action_dispatch/middleware/server_timing.rb:60:in `call'
actionpack (8.1.3) lib/action_dispatch/middleware/executor.rb:20:in `call'
propshaft (1.3.2) lib/propshaft/server.rb:37:in `call'
actionpack (8.1.3) lib/action_dispatch/middleware/static.rb:27:in `call'
rack (3.2.6) lib/rack/sendfile.rb:131:in `call'
actionpack (8.1.3) lib/action_dispatch/middleware/host_authorization.rb:143:in `call'
railties (8.1.3) lib/rails/engine.rb:534:in `call'
puma (8.0.1) lib/puma/configuration.rb:305:in `call'
puma (8.0.1) lib/puma/response.rb:79:in `block in handle_request'
puma (8.0.1) lib/puma/thread_pool.rb:434:in `with_force_shutdown'
puma (8.0.1) lib/puma/response.rb:78:in `handle_request'
puma (8.0.1) lib/puma/server.rb:508:in `process_client'
puma (8.0.1) lib/puma/server.rb:263:in `block in run'
puma (8.0.1) lib/puma/thread_pool.rb:246:in `block in spawn_thread'
Started GET "/" for 127.0.0.1 at 2026-05-06 11:01:25 +0530
Processing by EventsController#index as HTML
  Rendering layout layouts/application.html.erb
  Rendering events/index.html.erb within layouts/application
  [1m[36mEvent Exists? (0.4ms)[0m  [1m[34mSELECT 1 AS one FROM "events" LIMIT 1 OFFSET 0 /*action='index',application='BillettoAssignment',controller='events'*/[0m
  ↳ app/views/events/index.html.erb:11
  [1m[36mEvent Load (0.5ms)[0m  [1m[34mSELECT "events".* FROM "events" ORDER BY "events"."start_date" ASC LIMIT 12 OFFSET 0 /*action='index',application='BillettoAssignment',controller='events'*/[0m
  ↳ app/views/events/index.html.erb:22
  [1m[36mEvent Count (0.4ms)[0m  [1m[34mSELECT COUNT(*) FROM "events" /*action='index',application='BillettoAssignment',controller='events'*/[0m
  ↳ app/views/events/index.html.erb:76
  Rendered events/index.html.erb within layouts/application (Duration: 15.6ms | GC: 2.9ms)
  Rendered layout layouts/application.html.erb (Duration: 17.0ms | GC: 2.9ms)
Completed 200 OK in 19ms (Views: 16.4ms | ActiveRecord: 1.3ms (3 queries, 0 cached) | GC: 2.9ms)


Started POST "/admin/events/import" for 127.0.0.1 at 2026-05-06 11:01:27 +0530
Processing by Admin::EventsController#import as TURBO_STREAM
  Parameters: {"authenticity_token"=>"[FILTERED]", "commit"=>"Import Events"}
HTTP Origin header (http://127.0.0.1:36595) didn't match request.base_url (http://localhost:3000)
Completed 422 Unprocessable Content in 3ms (ActiveRecord: 0.0ms (0 queries, 0 cached) | GC: 1.5ms)


  
ActionController::InvalidAuthenticityToken (HTTP Origin header (http://127.0.0.1:36595) didn't match request.base_url (http://localhost:3000)):
  
actionpack (8.1.3) lib/action_controller/metal/request_forgery_protection.rb:321:in `handle_unverified_request'
actionpack (8.1.3) lib/action_controller/metal/request_forgery_protection.rb:415:in `handle_unverified_request'
actionpack (8.1.3) lib/action_controller/metal/request_forgery_protection.rb:404:in `verify_authenticity_token'
activesupport (8.1.3) lib/active_support/callbacks.rb:362:in `block in make_lambda'
activesupport (8.1.3) lib/active_support/callbacks.rb:179:in `block in call'
actionpack (8.1.3) lib/abstract_controller/callbacks.rb:36:in `block (2 levels) in <module:Callbacks>'
activesupport (8.1.3) lib/active_support/callbacks.rb:180:in `call'
activesupport (8.1.3) lib/active_support/callbacks.rb:560:in `block in invoke_before'
activesupport (8.1.3) lib/active_support/callbacks.rb:560:in `each'
activesupport (8.1.3) lib/active_support/callbacks.rb:560:in `invoke_before'
activesupport (8.1.3) lib/active_support/callbacks.rb:119:in `block in run_callbacks'
activesupport (8.1.3) lib/active_support/callbacks.rb:141:in `run_callbacks'
actionpack (8.1.3) lib/abstract_controller/callbacks.rb:266:in `process_action'
actionpack (8.1.3) lib/action_controller/metal/rescue.rb:36:in `process_action'
actionpack (8.1.3) lib/action_controller/metal/instrumentation.rb:76:in `block in process_action'
activesupport (8.1.3) lib/active_support/notifications.rb:210:in `block in instrument'
activesupport (8.1.3) lib/active_support/notifications/instrumenter.rb:58:in `instrument'
activesupport (8.1.3) lib/active_support/notifications.rb:210:in `instrument'
actionpack (8.1.3) lib/action_controller/metal/instrumentation.rb:75:in `process_action'
actionpack (8.1.3) lib/action_controller/metal/params_wrapper.rb:259:in `process_action'
activerecord (8.1.3) lib/active_record/railties/controller_runtime.rb:39:in `process_action'
actionpack (8.1.3) lib/abstract_controller/base.rb:154:in `process'
actionview (8.1.3) lib/action_view/rendering.rb:40:in `process'
actionpack (8.1.3) lib/action_controller/metal.rb:252:in `dispatch'
actionpack (8.1.3) lib/action_controller/metal.rb:335:in `dispatch'
actionpack (8.1.3) lib/action_dispatch/routing/route_set.rb:65:in `dispatch'
actionpack (8.1.3) lib/action_dispatch/routing/route_set.rb:50:in `serve'
actionpack (8.1.3) lib/action_dispatch/journey/router.rb:35:in `block in serve'
actionpack (8.1.3) lib/action_dispatch/journey/router.rb:86:in `block in recognize'
actionpack (8.1.3) lib/action_dispatch/journey/router.rb:66:in `each'
actionpack (8.1.3) lib/action_dispatch/journey/router.rb:66:in `recognize'
actionpack (8.1.3) lib/action_dispatch/journey/router.rb:31:in `serve'
actionpack (8.1.3) lib/action_dispatch/routing/route_set.rb:906:in `call'
railties (8.1.3) lib/rails/engine/lazy_route_set.rb:60:in `call'
rails_event_store (2.18.0) lib/rails_event_store/middleware.rb:11:in `block in call'
rails_event_store (2.18.0) lib/rails_event_store/client.rb:85:in `block in with_request_metadata'
ruby_event_store (2.18.0) lib/ruby_event_store/client.rb:301:in `with_metadata'
rails_event_store (2.18.0) lib/rails_event_store/client.rb:85:in `with_request_metadata'
rails_event_store (2.18.0) lib/rails_event_store/middleware.rb:11:in `call'
rack (3.2.6) lib/rack/tempfile_reaper.rb:20:in `call'
rack (3.2.6) lib/rack/etag.rb:29:in `call'
rack (3.2.6) lib/rack/conditional_get.rb:44:in `call'
rack (3.2.6) lib/rack/head.rb:15:in `call'
actionpack (8.1.3) lib/action_dispatch/http/content_security_policy.rb:38:in `call'
rack-session (2.1.2) lib/rack/session/abstract/id.rb:274:in `context'
rack-session (2.1.2) lib/rack/session/abstract/id.rb:268:in `call'
actionpack (8.1.3) lib/action_dispatch/middleware/cookies.rb:708:in `call'
activerecord (8.1.3) lib/active_record/migration.rb:671:in `call'
actionpack (8.1.3) lib/action_dispatch/middleware/callbacks.rb:31:in `block in call'
activesupport (8.1.3) lib/active_support/callbacks.rb:101:in `run_callbacks'
actionpack (8.1.3) lib/action_dispatch/middleware/callbacks.rb:30:in `call'
actionpack (8.1.3) lib/action_dispatch/middleware/executor.rb:20:in `call'
actionpack (8.1.3) lib/action_dispatch/middleware/actionable_exceptions.rb:18:in `call'
actionpack (8.1.3) lib/action_dispatch/middleware/debug_exceptions.rb:31:in `call'
web-console (4.3.0) lib/web_console/middleware.rb:132:in `call_app'
web-console (4.3.0) lib/web_console/middleware.rb:28:in `block in call'
web-console (4.3.0) lib/web_console/middleware.rb:17:in `catch'
web-console (4.3.0) lib/web_console/middleware.rb:17:in `call'
actionpack (8.1.3) lib/action_dispatch/middleware/show_exceptions.rb:32:in `call'
railties (8.1.3) lib/rails/rack/logger.rb:41:in `call_app'
railties (8.1.3) lib/rails/rack/logger.rb:29:in `call'
propshaft (1.3.2) lib/propshaft/quiet_assets.rb:11:in `call'
actionpack (8.1.3) lib/action_dispatch/middleware/remote_ip.rb:98:in `call'
actionpack (8.1.3) lib/action_dispatch/middleware/request_id.rb:34:in `call'
rack (3.2.6) lib/rack/method_override.rb:28:in `call'
rack (3.2.6) lib/rack/runtime.rb:24:in `call'
activesupport (8.1.3) lib/active_support/cache/strategy/local_cache_middleware.rb:30:in `call'
actionpack (8.1.3) lib/action_dispatch/middleware/server_timing.rb:61:in `block in call'
actionpack (8.1.3) lib/action_dispatch/middleware/server_timing.rb:26:in `collect_events'
actionpack (8.1.3) lib/action_dispatch/middleware/server_timing.rb:60:in `call'
actionpack (8.1.3) lib/action_dispatch/middleware/executor.rb:20:in `call'
propshaft (1.3.2) lib/propshaft/server.rb:37:in `call'
actionpack (8.1.3) lib/action_dispatch/middleware/static.rb:27:in `call'
rack (3.2.6) lib/rack/sendfile.rb:131:in `call'
actionpack (8.1.3) lib/action_dispatch/middleware/host_authorization.rb:143:in `call'
railties (8.1.3) lib/rails/engine.rb:534:in `call'
puma (8.0.1) lib/puma/configuration.rb:305:in `call'
puma (8.0.1) lib/puma/response.rb:79:in `block in handle_request'
puma (8.0.1) lib/puma/thread_pool.rb:434:in `with_force_shutdown'
puma (8.0.1) lib/puma/response.rb:78:in `handle_request'
puma (8.0.1) lib/puma/server.rb:508:in `process_client'
puma (8.0.1) lib/puma/server.rb:263:in `block in run'
puma (8.0.1) lib/puma/thread_pool.rb:246:in `block in spawn_thread'
Started GET "/" for 127.0.0.1 at 2026-05-06 11:01:27 +0530
Processing by EventsController#index as HTML
  Rendering layout layouts/application.html.erb
  Rendering events/index.html.erb within layouts/application
  [1m[36mEvent Exists? (0.4ms)[0m  [1m[34mSELECT 1 AS one FROM "events" LIMIT 1 OFFSET 0 /*action='index',application='BillettoAssignment',controller='events'*/[0m
  ↳ app/views/events/index.html.erb:11
  [1m[36mEvent Load (0.5ms)[0m  [1m[34mSELECT "events".* FROM "events" ORDER BY "events"."start_date" ASC LIMIT 12 OFFSET 0 /*action='index',application='BillettoAssignment',controller='events'*/[0m
  ↳ app/views/events/index.html.erb:22
  [1m[36mEvent Count (0.3ms)[0m  [1m[34mSELECT COUNT(*) FROM "events" /*action='index',application='BillettoAssignment',controller='events'*/[0m
  ↳ app/views/events/index.html.erb:76
  Rendered events/index.html.erb within layouts/application (Duration: 14.7ms | GC: 0.2ms)
  Rendered layout layouts/application.html.erb (Duration: 15.6ms | GC: 0.2ms)
Completed 200 OK in 17ms (Views: 15.0ms | ActiveRecord: 1.2ms (3 queries, 0 cached) | GC: 0.3ms)


Started POST "/admin/events/import" for 127.0.0.1 at 2026-05-06 11:01:28 +0530
Processing by Admin::EventsController#import as TURBO_STREAM
  Parameters: {"authenticity_token"=>"[FILTERED]", "commit"=>"Import Events"}
HTTP Origin header (http://127.0.0.1:36595) didn't match request.base_url (http://localhost:3000)
Completed 422 Unprocessable Content in 1ms (ActiveRecord: 0.0ms (0 queries, 0 cached) | GC: 0.0ms)


  
ActionController::InvalidAuthenticityToken (HTTP Origin header (http://127.0.0.1:36595) didn't match request.base_url (http://localhost:3000)):
  
actionpack (8.1.3) lib/action_controller/metal/request_forgery_protection.rb:321:in `handle_unverified_request'
actionpack (8.1.3) lib/action_controller/metal/request_forgery_protection.rb:415:in `handle_unverified_request'
actionpack (8.1.3) lib/action_controller/metal/request_forgery_protection.rb:404:in `verify_authenticity_token'
activesupport (8.1.3) lib/active_support/callbacks.rb:362:in `block in make_lambda'
activesupport (8.1.3) lib/active_support/callbacks.rb:179:in `block in call'
actionpack (8.1.3) lib/abstract_controller/callbacks.rb:36:in `block (2 levels) in <module:Callbacks>'
activesupport (8.1.3) lib/active_support/callbacks.rb:180:in `call'
activesupport (8.1.3) lib/active_support/callbacks.rb:560:in `block in invoke_before'
activesupport (8.1.3) lib/active_support/callbacks.rb:560:in `each'
activesupport (8.1.3) lib/active_support/callbacks.rb:560:in `invoke_before'
activesupport (8.1.3) lib/active_support/callbacks.rb:119:in `block in run_callbacks'
activesupport (8.1.3) lib/active_support/callbacks.rb:141:in `run_callbacks'
actionpack (8.1.3) lib/abstract_controller/callbacks.rb:266:in `process_action'
actionpack (8.1.3) lib/action_controller/metal/rescue.rb:36:in `process_action'
actionpack (8.1.3) lib/action_controller/metal/instrumentation.rb:76:in `block in process_action'
activesupport (8.1.3) lib/active_support/notifications.rb:210:in `block in instrument'
activesupport (8.1.3) lib/active_support/notifications/instrumenter.rb:58:in `instrument'
activesupport (8.1.3) lib/active_support/notifications.rb:210:in `instrument'
actionpack (8.1.3) lib/action_controller/metal/instrumentation.rb:75:in `process_action'
actionpack (8.1.3) lib/action_controller/metal/params_wrapper.rb:259:in `process_action'
activerecord (8.1.3) lib/active_record/railties/controller_runtime.rb:39:in `process_action'
actionpack (8.1.3) lib/abstract_controller/base.rb:154:in `process'
actionview (8.1.3) lib/action_view/rendering.rb:40:in `process'
actionpack (8.1.3) lib/action_controller/metal.rb:252:in `dispatch'
actionpack (8.1.3) lib/action_controller/metal.rb:335:in `dispatch'
actionpack (8.1.3) lib/action_dispatch/routing/route_set.rb:65:in `dispatch'
actionpack (8.1.3) lib/action_dispatch/routing/route_set.rb:50:in `serve'
actionpack (8.1.3) lib/action_dispatch/journey/router.rb:35:in `block in serve'
actionpack (8.1.3) lib/action_dispatch/journey/router.rb:86:in `block in recognize'
actionpack (8.1.3) lib/action_dispatch/journey/router.rb:66:in `each'
actionpack (8.1.3) lib/action_dispatch/journey/router.rb:66:in `recognize'
actionpack (8.1.3) lib/action_dispatch/journey/router.rb:31:in `serve'
actionpack (8.1.3) lib/action_dispatch/routing/route_set.rb:906:in `call'
railties (8.1.3) lib/rails/engine/lazy_route_set.rb:60:in `call'
rails_event_store (2.18.0) lib/rails_event_store/middleware.rb:11:in `block in call'
rails_event_store (2.18.0) lib/rails_event_store/client.rb:85:in `block in with_request_metadata'
ruby_event_store (2.18.0) lib/ruby_event_store/client.rb:301:in `with_metadata'
rails_event_store (2.18.0) lib/rails_event_store/client.rb:85:in `with_request_metadata'
rails_event_store (2.18.0) lib/rails_event_store/middleware.rb:11:in `call'
rack (3.2.6) lib/rack/tempfile_reaper.rb:20:in `call'
rack (3.2.6) lib/rack/etag.rb:29:in `call'
rack (3.2.6) lib/rack/conditional_get.rb:44:in `call'
rack (3.2.6) lib/rack/head.rb:15:in `call'
actionpack (8.1.3) lib/action_dispatch/http/content_security_policy.rb:38:in `call'
rack-session (2.1.2) lib/rack/session/abstract/id.rb:274:in `context'
rack-session (2.1.2) lib/rack/session/abstract/id.rb:268:in `call'
actionpack (8.1.3) lib/action_dispatch/middleware/cookies.rb:708:in `call'
activerecord (8.1.3) lib/active_record/migration.rb:671:in `call'
actionpack (8.1.3) lib/action_dispatch/middleware/callbacks.rb:31:in `block in call'
activesupport (8.1.3) lib/active_support/callbacks.rb:101:in `run_callbacks'
actionpack (8.1.3) lib/action_dispatch/middleware/callbacks.rb:30:in `call'
actionpack (8.1.3) lib/action_dispatch/middleware/executor.rb:20:in `call'
actionpack (8.1.3) lib/action_dispatch/middleware/actionable_exceptions.rb:18:in `call'
actionpack (8.1.3) lib/action_dispatch/middleware/debug_exceptions.rb:31:in `call'
web-console (4.3.0) lib/web_console/middleware.rb:132:in `call_app'
web-console (4.3.0) lib/web_console/middleware.rb:28:in `block in call'
web-console (4.3.0) lib/web_console/middleware.rb:17:in `catch'
web-console (4.3.0) lib/web_console/middleware.rb:17:in `call'
actionpack (8.1.3) lib/action_dispatch/middleware/show_exceptions.rb:32:in `call'
railties (8.1.3) lib/rails/rack/logger.rb:41:in `call_app'
railties (8.1.3) lib/rails/rack/logger.rb:29:in `call'
propshaft (1.3.2) lib/propshaft/quiet_assets.rb:11:in `call'
actionpack (8.1.3) lib/action_dispatch/middleware/remote_ip.rb:98:in `call'
actionpack (8.1.3) lib/action_dispatch/middleware/request_id.rb:34:in `call'
rack (3.2.6) lib/rack/method_override.rb:28:in `call'
rack (3.2.6) lib/rack/runtime.rb:24:in `call'
activesupport (8.1.3) lib/active_support/cache/strategy/local_cache_middleware.rb:30:in `call'
actionpack (8.1.3) lib/action_dispatch/middleware/server_timing.rb:61:in `block in call'
actionpack (8.1.3) lib/action_dispatch/middleware/server_timing.rb:26:in `collect_events'
actionpack (8.1.3) lib/action_dispatch/middleware/server_timing.rb:60:in `call'
actionpack (8.1.3) lib/action_dispatch/middleware/executor.rb:20:in `call'
propshaft (1.3.2) lib/propshaft/server.rb:37:in `call'
actionpack (8.1.3) lib/action_dispatch/middleware/static.rb:27:in `call'
rack (3.2.6) lib/rack/sendfile.rb:131:in `call'
actionpack (8.1.3) lib/action_dispatch/middleware/host_authorization.rb:143:in `call'
railties (8.1.3) lib/rails/engine.rb:534:in `call'
puma (8.0.1) lib/puma/configuration.rb:305:in `call'
puma (8.0.1) lib/puma/response.rb:79:in `block in handle_request'
puma (8.0.1) lib/puma/thread_pool.rb:434:in `with_force_shutdown'
puma (8.0.1) lib/puma/response.rb:78:in `handle_request'
puma (8.0.1) lib/puma/server.rb:508:in `process_client'
puma (8.0.1) lib/puma/server.rb:263:in `block in run'
puma (8.0.1) lib/puma/thread_pool.rb:246:in `block in spawn_thread'
Started GET "/" for 127.0.0.1 at 2026-05-06 11:01:28 +0530
Processing by EventsController#index as HTML
  Rendering layout layouts/application.html.erb
  Rendering events/index.html.erb within layouts/application
  [1m[36mEvent Exists? (0.5ms)[0m  [1m[34mSELECT 1 AS one FROM "events" LIMIT 1 OFFSET 0 /*action='index',application='BillettoAssignment',controller='events'*/[0m
  ↳ app/views/events/index.html.erb:11
  [1m[36mEvent Load (0.5ms)[0m  [1m[34mSELECT "events".* FROM "events" ORDER BY "events"."start_date" ASC LIMIT 12 OFFSET 0 /*action='index',application='BillettoAssignment',controller='events'*/[0m
  ↳ app/views/events/index.html.erb:22
  [1m[36mEvent Count (0.4ms)[0m  [1m[34mSELECT COUNT(*) FROM "events" /*action='index',application='BillettoAssignment',controller='events'*/[0m
  ↳ app/views/events/index.html.erb:76
  Rendered events/index.html.erb within layouts/application (Duration: 13.4ms | GC: 0.0ms)
  Rendered layout layouts/application.html.erb (Duration: 14.2ms | GC: 0.0ms)
Completed 200 OK in 16ms (Views: 13.3ms | ActiveRecord: 1.3ms (3 queries, 0 cached) | GC: 0.0ms)


Started GET "/events?filter=past" for 127.0.0.1 at 2026-05-06 11:01:29 +0530
Processing by EventsController#index as HTML
  Parameters: {"filter"=>"past"}
  Rendering layout layouts/application.html.erb
  Rendering events/index.html.erb within layouts/application
  [1m[36mEvent Exists? (1.5ms)[0m  [1m[34mSELECT 1 AS one FROM "events" WHERE (start_date <= '2026-05-06 05:31:29.595615') LIMIT 1 OFFSET 0 /*action='index',application='BillettoAssignment',controller='events'*/[0m
  ↳ app/views/events/index.html.erb:11
  Rendered events/index.html.erb within layouts/application (Duration: 7.3ms | GC: 0.0ms)
  Rendered layout layouts/application.html.erb (Duration: 14.1ms | GC: 0.0ms)
Completed 200 OK in 19ms (Views: 14.2ms | ActiveRecord: 1.5ms (1 query, 0 cached) | GC: 0.0ms)


Started GET "/admin/events/import" for 127.0.0.1 at 2026-05-06 11:01:31 +0530
  
ActionController::RoutingError (No route matches [GET] "/admin/events/import"):
  
Started GET "/events?filter=past" for 127.0.0.1 at 2026-05-06 11:01:33 +0530
Processing by EventsController#index as HTML
  Parameters: {"filter"=>"past"}
  Rendering layout layouts/application.html.erb
  Rendering events/index.html.erb within layouts/application
  [1m[36mEvent Exists? (0.9ms)[0m  [1m[34mSELECT 1 AS one FROM "events" WHERE (start_date <= '2026-05-06 05:31:33.929965') LIMIT 1 OFFSET 0 /*action='index',application='BillettoAssignment',controller='events'*/[0m
  ↳ app/views/events/index.html.erb:11
  Rendered events/index.html.erb within layouts/application (Duration: 3.8ms | GC: 0.0ms)
  Rendered layout layouts/application.html.erb (Duration: 6.4ms | GC: 0.0ms)
Completed 200 OK in 9ms (Views: 6.1ms | ActiveRecord: 0.9ms (1 query, 0 cached) | GC: 0.2ms)


Started GET "/events?filter=upcoming" for 127.0.0.1 at 2026-05-06 11:01:34 +0530
Processing by EventsController#index as HTML
  Parameters: {"filter"=>"upcoming"}
  Rendering layout layouts/application.html.erb
  Rendering events/index.html.erb within layouts/application
  [1m[36mEvent Exists? (1.3ms)[0m  [1m[34mSELECT 1 AS one FROM "events" WHERE (start_date > '2026-05-06 05:31:34.640686') LIMIT 1 OFFSET 0 /*action='index',application='BillettoAssignment',controller='events'*/[0m
  ↳ app/views/events/index.html.erb:11
  [1m[36mEvent Load (1.3ms)[0m  [1m[34mSELECT "events".* FROM "events" WHERE (start_date > '2026-05-06 05:31:34.640686') ORDER BY "events"."start_date" ASC LIMIT 12 OFFSET 0 /*action='index',application='BillettoAssignment',controller='events'*/[0m
  ↳ app/views/events/index.html.erb:22
  [1m[36mEvent Count (0.8ms)[0m  [1m[34mSELECT COUNT(*) FROM "events" WHERE (start_date > '2026-05-06 05:31:34.640686') /*action='index',application='BillettoAssignment',controller='events'*/[0m
  ↳ app/views/events/index.html.erb:76
  Rendered events/index.html.erb within layouts/application (Duration: 62.5ms | GC: 1.9ms)
  Rendered layout layouts/application.html.erb (Duration: 64.6ms | GC: 1.9ms)
Completed 200 OK in 71ms (Views: 63.5ms | ActiveRecord: 3.3ms (3 queries, 0 cached) | GC: 1.9ms)


Started POST "/admin/events/import" for 127.0.0.1 at 2026-05-06 11:01:35 +0530
Processing by Admin::EventsController#import as TURBO_STREAM
  Parameters: {"authenticity_token"=>"[FILTERED]", "commit"=>"Import Events"}
HTTP Origin header (http://127.0.0.1:36595) didn't match request.base_url (http://localhost:3000)
Completed 422 Unprocessable Content in 2ms (ActiveRecord: 0.0ms (0 queries, 0 cached) | GC: 0.0ms)


  
ActionController::InvalidAuthenticityToken (HTTP Origin header (http://127.0.0.1:36595) didn't match request.base_url (http://localhost:3000)):
  
actionpack (8.1.3) lib/action_controller/metal/request_forgery_protection.rb:321:in `handle_unverified_request'
actionpack (8.1.3) lib/action_controller/metal/request_forgery_protection.rb:415:in `handle_unverified_request'
actionpack (8.1.3) lib/action_controller/metal/request_forgery_protection.rb:404:in `verify_authenticity_token'
activesupport (8.1.3) lib/active_support/callbacks.rb:362:in `block in make_lambda'
activesupport (8.1.3) lib/active_support/callbacks.rb:179:in `block in call'
actionpack (8.1.3) lib/abstract_controller/callbacks.rb:36:in `block (2 levels) in <module:Callbacks>'
activesupport (8.1.3) lib/active_support/callbacks.rb:180:in `call'
activesupport (8.1.3) lib/active_support/callbacks.rb:560:in `block in invoke_before'
activesupport (8.1.3) lib/active_support/callbacks.rb:560:in `each'
activesupport (8.1.3) lib/active_support/callbacks.rb:560:in `invoke_before'
activesupport (8.1.3) lib/active_support/callbacks.rb:119:in `block in run_callbacks'
activesupport (8.1.3) lib/active_support/callbacks.rb:141:in `run_callbacks'
actionpack (8.1.3) lib/abstract_controller/callbacks.rb:266:in `process_action'
actionpack (8.1.3) lib/action_controller/metal/rescue.rb:36:in `process_action'
actionpack (8.1.3) lib/action_controller/metal/instrumentation.rb:76:in `block in process_action'
activesupport (8.1.3) lib/active_support/notifications.rb:210:in `block in instrument'
activesupport (8.1.3) lib/active_support/notifications/instrumenter.rb:58:in `instrument'
activesupport (8.1.3) lib/active_support/notifications.rb:210:in `instrument'
actionpack (8.1.3) lib/action_controller/metal/instrumentation.rb:75:in `process_action'
actionpack (8.1.3) lib/action_controller/metal/params_wrapper.rb:259:in `process_action'
activerecord (8.1.3) lib/active_record/railties/controller_runtime.rb:39:in `process_action'
actionpack (8.1.3) lib/abstract_controller/base.rb:154:in `process'
actionview (8.1.3) lib/action_view/rendering.rb:40:in `process'
actionpack (8.1.3) lib/action_controller/metal.rb:252:in `dispatch'
actionpack (8.1.3) lib/action_controller/metal.rb:335:in `dispatch'
actionpack (8.1.3) lib/action_dispatch/routing/route_set.rb:65:in `dispatch'
actionpack (8.1.3) lib/action_dispatch/routing/route_set.rb:50:in `serve'
actionpack (8.1.3) lib/action_dispatch/journey/router.rb:35:in `block in serve'
actionpack (8.1.3) lib/action_dispatch/journey/router.rb:86:in `block in recognize'
actionpack (8.1.3) lib/action_dispatch/journey/router.rb:66:in `each'
actionpack (8.1.3) lib/action_dispatch/journey/router.rb:66:in `recognize'
actionpack (8.1.3) lib/action_dispatch/journey/router.rb:31:in `serve'
actionpack (8.1.3) lib/action_dispatch/routing/route_set.rb:906:in `call'
railties (8.1.3) lib/rails/engine/lazy_route_set.rb:60:in `call'
rails_event_store (2.18.0) lib/rails_event_store/middleware.rb:11:in `block in call'
rails_event_store (2.18.0) lib/rails_event_store/client.rb:85:in `block in with_request_metadata'
ruby_event_store (2.18.0) lib/ruby_event_store/client.rb:301:in `with_metadata'
rails_event_store (2.18.0) lib/rails_event_store/client.rb:85:in `with_request_metadata'
rails_event_store (2.18.0) lib/rails_event_store/middleware.rb:11:in `call'
rack (3.2.6) lib/rack/tempfile_reaper.rb:20:in `call'
rack (3.2.6) lib/rack/etag.rb:29:in `call'
rack (3.2.6) lib/rack/conditional_get.rb:44:in `call'
rack (3.2.6) lib/rack/head.rb:15:in `call'
actionpack (8.1.3) lib/action_dispatch/http/content_security_policy.rb:38:in `call'
rack-session (2.1.2) lib/rack/session/abstract/id.rb:274:in `context'
rack-session (2.1.2) lib/rack/session/abstract/id.rb:268:in `call'
actionpack (8.1.3) lib/action_dispatch/middleware/cookies.rb:708:in `call'
activerecord (8.1.3) lib/active_record/migration.rb:671:in `call'
actionpack (8.1.3) lib/action_dispatch/middleware/callbacks.rb:31:in `block in call'
activesupport (8.1.3) lib/active_support/callbacks.rb:101:in `run_callbacks'
actionpack (8.1.3) lib/action_dispatch/middleware/callbacks.rb:30:in `call'
actionpack (8.1.3) lib/action_dispatch/middleware/executor.rb:20:in `call'
actionpack (8.1.3) lib/action_dispatch/middleware/actionable_exceptions.rb:18:in `call'
actionpack (8.1.3) lib/action_dispatch/middleware/debug_exceptions.rb:31:in `call'
web-console (4.3.0) lib/web_console/middleware.rb:132:in `call_app'
web-console (4.3.0) lib/web_console/middleware.rb:28:in `block in call'
web-console (4.3.0) lib/web_console/middleware.rb:17:in `catch'
web-console (4.3.0) lib/web_console/middleware.rb:17:in `call'
actionpack (8.1.3) lib/action_dispatch/middleware/show_exceptions.rb:32:in `call'
railties (8.1.3) lib/rails/rack/logger.rb:41:in `call_app'
railties (8.1.3) lib/rails/rack/logger.rb:29:in `call'
propshaft (1.3.2) lib/propshaft/quiet_assets.rb:11:in `call'
actionpack (8.1.3) lib/action_dispatch/middleware/remote_ip.rb:98:in `call'
actionpack (8.1.3) lib/action_dispatch/middleware/request_id.rb:34:in `call'
rack (3.2.6) lib/rack/method_override.rb:28:in `call'
rack (3.2.6) lib/rack/runtime.rb:24:in `call'
activesupport (8.1.3) lib/active_support/cache/strategy/local_cache_middleware.rb:30:in `call'
actionpack (8.1.3) lib/action_dispatch/middleware/server_timing.rb:61:in `block in call'
actionpack (8.1.3) lib/action_dispatch/middleware/server_timing.rb:26:in `collect_events'
actionpack (8.1.3) lib/action_dispatch/middleware/server_timing.rb:60:in `call'
actionpack (8.1.3) lib/action_dispatch/middleware/executor.rb:20:in `call'
propshaft (1.3.2) lib/propshaft/server.rb:37:in `call'
actionpack (8.1.3) lib/action_dispatch/middleware/static.rb:27:in `call'
rack (3.2.6) lib/rack/sendfile.rb:131:in `call'
actionpack (8.1.3) lib/action_dispatch/middleware/host_authorization.rb:143:in `call'
railties (8.1.3) lib/rails/engine.rb:534:in `call'
puma (8.0.1) lib/puma/configuration.rb:305:in `call'
puma (8.0.1) lib/puma/response.rb:79:in `block in handle_request'
puma (8.0.1) lib/puma/thread_pool.rb:434:in `with_force_shutdown'
puma (8.0.1) lib/puma/response.rb:78:in `handle_request'
puma (8.0.1) lib/puma/server.rb:508:in `process_client'
puma (8.0.1) lib/puma/server.rb:263:in `block in run'
puma (8.0.1) lib/puma/thread_pool.rb:246:in `block in spawn_thread'
Started GET "/events?filter=past" for 127.0.0.1 at 2026-05-06 11:01:35 +0530
Processing by EventsController#index as HTML
  Parameters: {"filter"=>"past"}
  Rendering layout layouts/application.html.erb
  Rendering events/index.html.erb within layouts/application
  [1m[36mEvent Exists? (0.5ms)[0m  [1m[34mSELECT 1 AS one FROM "events" WHERE (start_date <= '2026-05-06 05:31:35.317997') LIMIT 1 OFFSET 0 /*action='index',application='BillettoAssignment',controller='events'*/[0m
  ↳ app/views/events/index.html.erb:11
  Rendered events/index.html.erb within layouts/application (Duration: 2.4ms | GC: 0.0ms)
  Rendered layout layouts/application.html.erb (Duration: 4.1ms | GC: 0.0ms)
Completed 200 OK in 6ms (Views: 4.1ms | ActiveRecord: 0.4ms (1 query, 0 cached) | GC: 0.0ms)


Started POST "/admin/events/import" for 127.0.0.1 at 2026-05-06 11:01:35 +0530
Processing by Admin::EventsController#import as TURBO_STREAM
  Parameters: {"authenticity_token"=>"[FILTERED]", "commit"=>"Import Events"}
HTTP Origin header (http://127.0.0.1:36595) didn't match request.base_url (http://localhost:3000)
Completed 422 Unprocessable Content in 2ms (ActiveRecord: 0.0ms (0 queries, 0 cached) | GC: 0.0ms)


  
ActionController::InvalidAuthenticityToken (HTTP Origin header (http://127.0.0.1:36595) didn't match request.base_url (http://localhost:3000)):
  
actionpack (8.1.3) lib/action_controller/metal/request_forgery_protection.rb:321:in `handle_unverified_request'
actionpack (8.1.3) lib/action_controller/metal/request_forgery_protection.rb:415:in `handle_unverified_request'
actionpack (8.1.3) lib/action_controller/metal/request_forgery_protection.rb:404:in `verify_authenticity_token'
activesupport (8.1.3) lib/active_support/callbacks.rb:362:in `block in make_lambda'
activesupport (8.1.3) lib/active_support/callbacks.rb:179:in `block in call'
actionpack (8.1.3) lib/abstract_controller/callbacks.rb:36:in `block (2 levels) in <module:Callbacks>'
activesupport (8.1.3) lib/active_support/callbacks.rb:180:in `call'
activesupport (8.1.3) lib/active_support/callbacks.rb:560:in `block in invoke_before'
activesupport (8.1.3) lib/active_support/callbacks.rb:560:in `each'
activesupport (8.1.3) lib/active_support/callbacks.rb:560:in `invoke_before'
activesupport (8.1.3) lib/active_support/callbacks.rb:119:in `block in run_callbacks'
activesupport (8.1.3) lib/active_support/callbacks.rb:141:in `run_callbacks'
actionpack (8.1.3) lib/abstract_controller/callbacks.rb:266:in `process_action'
actionpack (8.1.3) lib/action_controller/metal/rescue.rb:36:in `process_action'
actionpack (8.1.3) lib/action_controller/metal/instrumentation.rb:76:in `block in process_action'
activesupport (8.1.3) lib/active_support/notifications.rb:210:in `block in instrument'
activesupport (8.1.3) lib/active_support/notifications/instrumenter.rb:58:in `instrument'
activesupport (8.1.3) lib/active_support/notifications.rb:210:in `instrument'
actionpack (8.1.3) lib/action_controller/metal/instrumentation.rb:75:in `process_action'
actionpack (8.1.3) lib/action_controller/metal/params_wrapper.rb:259:in `process_action'
activerecord (8.1.3) lib/active_record/railties/controller_runtime.rb:39:in `process_action'
actionpack (8.1.3) lib/abstract_controller/base.rb:154:in `process'
actionview (8.1.3) lib/action_view/rendering.rb:40:in `process'
actionpack (8.1.3) lib/action_controller/metal.rb:252:in `dispatch'
actionpack (8.1.3) lib/action_controller/metal.rb:335:in `dispatch'
actionpack (8.1.3) lib/action_dispatch/routing/route_set.rb:65:in `dispatch'
actionpack (8.1.3) lib/action_dispatch/routing/route_set.rb:50:in `serve'
actionpack (8.1.3) lib/action_dispatch/journey/router.rb:35:in `block in serve'
actionpack (8.1.3) lib/action_dispatch/journey/router.rb:86:in `block in recognize'
actionpack (8.1.3) lib/action_dispatch/journey/router.rb:66:in `each'
actionpack (8.1.3) lib/action_dispatch/journey/router.rb:66:in `recognize'
actionpack (8.1.3) lib/action_dispatch/journey/router.rb:31:in `serve'
actionpack (8.1.3) lib/action_dispatch/routing/route_set.rb:906:in `call'
railties (8.1.3) lib/rails/engine/lazy_route_set.rb:60:in `call'
rails_event_store (2.18.0) lib/rails_event_store/middleware.rb:11:in `block in call'
rails_event_store (2.18.0) lib/rails_event_store/client.rb:85:in `block in with_request_metadata'
ruby_event_store (2.18.0) lib/ruby_event_store/client.rb:301:in `with_metadata'
rails_event_store (2.18.0) lib/rails_event_store/client.rb:85:in `with_request_metadata'
rails_event_store (2.18.0) lib/rails_event_store/middleware.rb:11:in `call'
rack (3.2.6) lib/rack/tempfile_reaper.rb:20:in `call'
rack (3.2.6) lib/rack/etag.rb:29:in `call'
rack (3.2.6) lib/rack/conditional_get.rb:44:in `call'
rack (3.2.6) lib/rack/head.rb:15:in `call'
actionpack (8.1.3) lib/action_dispatch/http/content_security_policy.rb:38:in `call'
rack-session (2.1.2) lib/rack/session/abstract/id.rb:274:in `context'
rack-session (2.1.2) lib/rack/session/abstract/id.rb:268:in `call'
actionpack (8.1.3) lib/action_dispatch/middleware/cookies.rb:708:in `call'
activerecord (8.1.3) lib/active_record/migration.rb:671:in `call'
actionpack (8.1.3) lib/action_dispatch/middleware/callbacks.rb:31:in `block in call'
activesupport (8.1.3) lib/active_support/callbacks.rb:101:in `run_callbacks'
actionpack (8.1.3) lib/action_dispatch/middleware/callbacks.rb:30:in `call'
actionpack (8.1.3) lib/action_dispatch/middleware/executor.rb:20:in `call'
actionpack (8.1.3) lib/action_dispatch/middleware/actionable_exceptions.rb:18:in `call'
actionpack (8.1.3) lib/action_dispatch/middleware/debug_exceptions.rb:31:in `call'
web-console (4.3.0) lib/web_console/middleware.rb:132:in `call_app'
web-console (4.3.0) lib/web_console/middleware.rb:28:in `block in call'
web-console (4.3.0) lib/web_console/middleware.rb:17:in `catch'
web-console (4.3.0) lib/web_console/middleware.rb:17:in `call'
actionpack (8.1.3) lib/action_dispatch/middleware/show_exceptions.rb:32:in `call'
railties (8.1.3) lib/rails/rack/logger.rb:41:in `call_app'
railties (8.1.3) lib/rails/rack/logger.rb:29:in `call'
propshaft (1.3.2) lib/propshaft/quiet_assets.rb:11:in `call'
actionpack (8.1.3) lib/action_dispatch/middleware/remote_ip.rb:98:in `call'
actionpack (8.1.3) lib/action_dispatch/middleware/request_id.rb:34:in `call'
rack (3.2.6) lib/rack/method_override.rb:28:in `call'
rack (3.2.6) lib/rack/runtime.rb:24:in `call'
activesupport (8.1.3) lib/active_support/cache/strategy/local_cache_middleware.rb:30:in `call'
actionpack (8.1.3) lib/action_dispatch/middleware/server_timing.rb:61:in `block in call'
actionpack (8.1.3) lib/action_dispatch/middleware/server_timing.rb:26:in `collect_events'
actionpack (8.1.3) lib/action_dispatch/middleware/server_timing.rb:60:in `call'
actionpack (8.1.3) lib/action_dispatch/middleware/executor.rb:20:in `call'
propshaft (1.3.2) lib/propshaft/server.rb:37:in `call'
actionpack (8.1.3) lib/action_dispatch/middleware/static.rb:27:in `call'
rack (3.2.6) lib/rack/sendfile.rb:131:in `call'
actionpack (8.1.3) lib/action_dispatch/middleware/host_authorization.rb:143:in `call'
railties (8.1.3) lib/rails/engine.rb:534:in `call'
puma (8.0.1) lib/puma/configuration.rb:305:in `call'
puma (8.0.1) lib/puma/response.rb:79:in `block in handle_request'
puma (8.0.1) lib/puma/thread_pool.rb:434:in `with_force_shutdown'
puma (8.0.1) lib/puma/response.rb:78:in `handle_request'
puma (8.0.1) lib/puma/server.rb:508:in `process_client'
puma (8.0.1) lib/puma/server.rb:263:in `block in run'
puma (8.0.1) lib/puma/thread_pool.rb:246:in `block in spawn_thread'
Started GET "/events?filter=past" for 127.0.0.1 at 2026-05-06 11:01:36 +0530
Processing by EventsController#index as HTML
  Parameters: {"filter"=>"past"}
  Rendering layout layouts/application.html.erb
  Rendering events/index.html.erb within layouts/application
  [1m[36mEvent Exists? (0.5ms)[0m  [1m[34mSELECT 1 AS one FROM "events" WHERE (start_date <= '2026-05-06 05:31:36.204054') LIMIT 1 OFFSET 0 /*action='index',application='BillettoAssignment',controller='events'*/[0m
  ↳ app/views/events/index.html.erb:11
  Rendered events/index.html.erb within layouts/application (Duration: 2.6ms | GC: 0.3ms)
  Rendered layout layouts/application.html.erb (Duration: 3.9ms | GC: 0.3ms)
Completed 200 OK in 5ms (Views: 3.9ms | ActiveRecord: 0.5ms (1 query, 0 cached) | GC: 0.3ms)


Started POST "/admin/events/import" for 127.0.0.1 at 2026-05-06 11:01:36 +0530
Processing by Admin::EventsController#import as TURBO_STREAM
  Parameters: {"authenticity_token"=>"[FILTERED]", "commit"=>"Import Events"}
HTTP Origin header (http://127.0.0.1:36595) didn't match request.base_url (http://localhost:3000)
Completed 422 Unprocessable Content in 1ms (ActiveRecord: 0.0ms (0 queries, 0 cached) | GC: 0.0ms)


  
ActionController::InvalidAuthenticityToken (HTTP Origin header (http://127.0.0.1:36595) didn't match request.base_url (http://localhost:3000)):
  
actionpack (8.1.3) lib/action_controller/metal/request_forgery_protection.rb:321:in `handle_unverified_request'
actionpack (8.1.3) lib/action_controller/metal/request_forgery_protection.rb:415:in `handle_unverified_request'
actionpack (8.1.3) lib/action_controller/metal/request_forgery_protection.rb:404:in `verify_authenticity_token'
activesupport (8.1.3) lib/active_support/callbacks.rb:362:in `block in make_lambda'
activesupport (8.1.3) lib/active_support/callbacks.rb:179:in `block in call'
actionpack (8.1.3) lib/abstract_controller/callbacks.rb:36:in `block (2 levels) in <module:Callbacks>'
activesupport (8.1.3) lib/active_support/callbacks.rb:180:in `call'
activesupport (8.1.3) lib/active_support/callbacks.rb:560:in `block in invoke_before'
activesupport (8.1.3) lib/active_support/callbacks.rb:560:in `each'
activesupport (8.1.3) lib/active_support/callbacks.rb:560:in `invoke_before'
activesupport (8.1.3) lib/active_support/callbacks.rb:119:in `block in run_callbacks'
activesupport (8.1.3) lib/active_support/callbacks.rb:141:in `run_callbacks'
actionpack (8.1.3) lib/abstract_controller/callbacks.rb:266:in `process_action'
actionpack (8.1.3) lib/action_controller/metal/rescue.rb:36:in `process_action'
actionpack (8.1.3) lib/action_controller/metal/instrumentation.rb:76:in `block in process_action'
activesupport (8.1.3) lib/active_support/notifications.rb:210:in `block in instrument'
activesupport (8.1.3) lib/active_support/notifications/instrumenter.rb:58:in `instrument'
activesupport (8.1.3) lib/active_support/notifications.rb:210:in `instrument'
actionpack (8.1.3) lib/action_controller/metal/instrumentation.rb:75:in `process_action'
actionpack (8.1.3) lib/action_controller/metal/params_wrapper.rb:259:in `process_action'
activerecord (8.1.3) lib/active_record/railties/controller_runtime.rb:39:in `process_action'
actionpack (8.1.3) lib/abstract_controller/base.rb:154:in `process'
actionview (8.1.3) lib/action_view/rendering.rb:40:in `process'
actionpack (8.1.3) lib/action_controller/metal.rb:252:in `dispatch'
actionpack (8.1.3) lib/action_controller/metal.rb:335:in `dispatch'
actionpack (8.1.3) lib/action_dispatch/routing/route_set.rb:65:in `dispatch'
actionpack (8.1.3) lib/action_dispatch/routing/route_set.rb:50:in `serve'
actionpack (8.1.3) lib/action_dispatch/journey/router.rb:35:in `block in serve'
actionpack (8.1.3) lib/action_dispatch/journey/router.rb:86:in `block in recognize'
actionpack (8.1.3) lib/action_dispatch/journey/router.rb:66:in `each'
actionpack (8.1.3) lib/action_dispatch/journey/router.rb:66:in `recognize'
actionpack (8.1.3) lib/action_dispatch/journey/router.rb:31:in `serve'
actionpack (8.1.3) lib/action_dispatch/routing/route_set.rb:906:in `call'
railties (8.1.3) lib/rails/engine/lazy_route_set.rb:60:in `call'
rails_event_store (2.18.0) lib/rails_event_store/middleware.rb:11:in `block in call'
rails_event_store (2.18.0) lib/rails_event_store/client.rb:85:in `block in with_request_metadata'
ruby_event_store (2.18.0) lib/ruby_event_store/client.rb:301:in `with_metadata'
rails_event_store (2.18.0) lib/rails_event_store/client.rb:85:in `with_request_metadata'
rails_event_store (2.18.0) lib/rails_event_store/middleware.rb:11:in `call'
rack (3.2.6) lib/rack/tempfile_reaper.rb:20:in `call'
rack (3.2.6) lib/rack/etag.rb:29:in `call'
rack (3.2.6) lib/rack/conditional_get.rb:44:in `call'
rack (3.2.6) lib/rack/head.rb:15:in `call'
actionpack (8.1.3) lib/action_dispatch/http/content_security_policy.rb:38:in `call'
rack-session (2.1.2) lib/rack/session/abstract/id.rb:274:in `context'
rack-session (2.1.2) lib/rack/session/abstract/id.rb:268:in `call'
actionpack (8.1.3) lib/action_dispatch/middleware/cookies.rb:708:in `call'
activerecord (8.1.3) lib/active_record/migration.rb:671:in `call'
actionpack (8.1.3) lib/action_dispatch/middleware/callbacks.rb:31:in `block in call'
activesupport (8.1.3) lib/active_support/callbacks.rb:101:in `run_callbacks'
actionpack (8.1.3) lib/action_dispatch/middleware/callbacks.rb:30:in `call'
actionpack (8.1.3) lib/action_dispatch/middleware/executor.rb:20:in `call'
actionpack (8.1.3) lib/action_dispatch/middleware/actionable_exceptions.rb:18:in `call'
actionpack (8.1.3) lib/action_dispatch/middleware/debug_exceptions.rb:31:in `call'
web-console (4.3.0) lib/web_console/middleware.rb:132:in `call_app'
web-console (4.3.0) lib/web_console/middleware.rb:28:in `block in call'
web-console (4.3.0) lib/web_console/middleware.rb:17:in `catch'
web-console (4.3.0) lib/web_console/middleware.rb:17:in `call'
actionpack (8.1.3) lib/action_dispatch/middleware/show_exceptions.rb:32:in `call'
railties (8.1.3) lib/rails/rack/logger.rb:41:in `call_app'
railties (8.1.3) lib/rails/rack/logger.rb:29:in `call'
propshaft (1.3.2) lib/propshaft/quiet_assets.rb:11:in `call'
actionpack (8.1.3) lib/action_dispatch/middleware/remote_ip.rb:98:in `call'
actionpack (8.1.3) lib/action_dispatch/middleware/request_id.rb:34:in `call'
rack (3.2.6) lib/rack/method_override.rb:28:in `call'
rack (3.2.6) lib/rack/runtime.rb:24:in `call'
activesupport (8.1.3) lib/active_support/cache/strategy/local_cache_middleware.rb:30:in `call'
actionpack (8.1.3) lib/action_dispatch/middleware/server_timing.rb:61:in `block in call'
actionpack (8.1.3) lib/action_dispatch/middleware/server_timing.rb:26:in `collect_events'
actionpack (8.1.3) lib/action_dispatch/middleware/server_timing.rb:60:in `call'
actionpack (8.1.3) lib/action_dispatch/middleware/executor.rb:20:in `call'
propshaft (1.3.2) lib/propshaft/server.rb:37:in `call'
actionpack (8.1.3) lib/action_dispatch/middleware/static.rb:27:in `call'
rack (3.2.6) lib/rack/sendfile.rb:131:in `call'
actionpack (8.1.3) lib/action_dispatch/middleware/host_authorization.rb:143:in `call'
railties (8.1.3) lib/rails/engine.rb:534:in `call'
puma (8.0.1) lib/puma/configuration.rb:305:in `call'
puma (8.0.1) lib/puma/response.rb:79:in `block in handle_request'
puma (8.0.1) lib/puma/thread_pool.rb:434:in `with_force_shutdown'
puma (8.0.1) lib/puma/response.rb:78:in `handle_request'
puma (8.0.1) lib/puma/server.rb:508:in `process_client'
puma (8.0.1) lib/puma/server.rb:263:in `block in run'
puma (8.0.1) lib/puma/thread_pool.rb:246:in `block in spawn_thread'
Started GET "/events?filter=past" for 127.0.0.1 at 2026-05-06 11:01:36 +0530
Processing by EventsController#index as HTML
  Parameters: {"filter"=>"past"}
  Rendering layout layouts/application.html.erb
  Rendering events/index.html.erb within layouts/application
  [1m[36mEvent Exists? (0.4ms)[0m  [1m[34mSELECT 1 AS one FROM "events" WHERE (start_date <= '2026-05-06 05:31:36.654531') LIMIT 1 OFFSET 0 /*action='index',application='BillettoAssignment',controller='events'*/[0m
  ↳ app/views/events/index.html.erb:11
  Rendered events/index.html.erb within layouts/application (Duration: 2.3ms | GC: 0.0ms)
  Rendered layout layouts/application.html.erb (Duration: 3.6ms | GC: 0.0ms)
Completed 200 OK in 5ms (Views: 3.8ms | ActiveRecord: 0.4ms (1 query, 0 cached) | GC: 0.0ms)


Started POST "/admin/events/import" for 127.0.0.1 at 2026-05-06 11:01:36 +0530
Processing by Admin::EventsController#import as TURBO_STREAM
  Parameters: {"authenticity_token"=>"[FILTERED]", "commit"=>"Import Events"}
HTTP Origin header (http://127.0.0.1:36595) didn't match request.base_url (http://localhost:3000)
Completed 422 Unprocessable Content in 2ms (ActiveRecord: 0.0ms (0 queries, 0 cached) | GC: 0.0ms)


  
ActionController::InvalidAuthenticityToken (HTTP Origin header (http://127.0.0.1:36595) didn't match request.base_url (http://localhost:3000)):
  
actionpack (8.1.3) lib/action_controller/metal/request_forgery_protection.rb:321:in `handle_unverified_request'
actionpack (8.1.3) lib/action_controller/metal/request_forgery_protection.rb:415:in `handle_unverified_request'
actionpack (8.1.3) lib/action_controller/metal/request_forgery_protection.rb:404:in `verify_authenticity_token'
activesupport (8.1.3) lib/active_support/callbacks.rb:362:in `block in make_lambda'
activesupport (8.1.3) lib/active_support/callbacks.rb:179:in `block in call'
actionpack (8.1.3) lib/abstract_controller/callbacks.rb:36:in `block (2 levels) in <module:Callbacks>'
activesupport (8.1.3) lib/active_support/callbacks.rb:180:in `call'
activesupport (8.1.3) lib/active_support/callbacks.rb:560:in `block in invoke_before'
activesupport (8.1.3) lib/active_support/callbacks.rb:560:in `each'
activesupport (8.1.3) lib/active_support/callbacks.rb:560:in `invoke_before'
activesupport (8.1.3) lib/active_support/callbacks.rb:119:in `block in run_callbacks'
activesupport (8.1.3) lib/active_support/callbacks.rb:141:in `run_callbacks'
actionpack (8.1.3) lib/abstract_controller/callbacks.rb:266:in `process_action'
actionpack (8.1.3) lib/action_controller/metal/rescue.rb:36:in `process_action'
actionpack (8.1.3) lib/action_controller/metal/instrumentation.rb:76:in `block in process_action'
activesupport (8.1.3) lib/active_support/notifications.rb:210:in `block in instrument'
activesupport (8.1.3) lib/active_support/notifications/instrumenter.rb:58:in `instrument'
activesupport (8.1.3) lib/active_support/notifications.rb:210:in `instrument'
actionpack (8.1.3) lib/action_controller/metal/instrumentation.rb:75:in `process_action'
actionpack (8.1.3) lib/action_controller/metal/params_wrapper.rb:259:in `process_action'
activerecord (8.1.3) lib/active_record/railties/controller_runtime.rb:39:in `process_action'
actionpack (8.1.3) lib/abstract_controller/base.rb:154:in `process'
actionview (8.1.3) lib/action_view/rendering.rb:40:in `process'
actionpack (8.1.3) lib/action_controller/metal.rb:252:in `dispatch'
actionpack (8.1.3) lib/action_controller/metal.rb:335:in `dispatch'
actionpack (8.1.3) lib/action_dispatch/routing/route_set.rb:65:in `dispatch'
actionpack (8.1.3) lib/action_dispatch/routing/route_set.rb:50:in `serve'
actionpack (8.1.3) lib/action_dispatch/journey/router.rb:35:in `block in serve'
actionpack (8.1.3) lib/action_dispatch/journey/router.rb:86:in `block in recognize'
actionpack (8.1.3) lib/action_dispatch/journey/router.rb:66:in `each'
actionpack (8.1.3) lib/action_dispatch/journey/router.rb:66:in `recognize'
actionpack (8.1.3) lib/action_dispatch/journey/router.rb:31:in `serve'
actionpack (8.1.3) lib/action_dispatch/routing/route_set.rb:906:in `call'
railties (8.1.3) lib/rails/engine/lazy_route_set.rb:60:in `call'
rails_event_store (2.18.0) lib/rails_event_store/middleware.rb:11:in `block in call'
rails_event_store (2.18.0) lib/rails_event_store/client.rb:85:in `block in with_request_metadata'
ruby_event_store (2.18.0) lib/ruby_event_store/client.rb:301:in `with_metadata'
rails_event_store (2.18.0) lib/rails_event_store/client.rb:85:in `with_request_metadata'
rails_event_store (2.18.0) lib/rails_event_store/middleware.rb:11:in `call'
rack (3.2.6) lib/rack/tempfile_reaper.rb:20:in `call'
rack (3.2.6) lib/rack/etag.rb:29:in `call'
rack (3.2.6) lib/rack/conditional_get.rb:44:in `call'
rack (3.2.6) lib/rack/head.rb:15:in `call'
actionpack (8.1.3) lib/action_dispatch/http/content_security_policy.rb:38:in `call'
rack-session (2.1.2) lib/rack/session/abstract/id.rb:274:in `context'
rack-session (2.1.2) lib/rack/session/abstract/id.rb:268:in `call'
actionpack (8.1.3) lib/action_dispatch/middleware/cookies.rb:708:in `call'
activerecord (8.1.3) lib/active_record/migration.rb:671:in `call'
actionpack (8.1.3) lib/action_dispatch/middleware/callbacks.rb:31:in `block in call'
activesupport (8.1.3) lib/active_support/callbacks.rb:101:in `run_callbacks'
actionpack (8.1.3) lib/action_dispatch/middleware/callbacks.rb:30:in `call'
actionpack (8.1.3) lib/action_dispatch/middleware/executor.rb:20:in `call'
actionpack (8.1.3) lib/action_dispatch/middleware/actionable_exceptions.rb:18:in `call'
actionpack (8.1.3) lib/action_dispatch/middleware/debug_exceptions.rb:31:in `call'
web-console (4.3.0) lib/web_console/middleware.rb:132:in `call_app'
web-console (4.3.0) lib/web_console/middleware.rb:28:in `block in call'
web-console (4.3.0) lib/web_console/middleware.rb:17:in `catch'
web-console (4.3.0) lib/web_console/middleware.rb:17:in `call'
actionpack (8.1.3) lib/action_dispatch/middleware/show_exceptions.rb:32:in `call'
railties (8.1.3) lib/rails/rack/logger.rb:41:in `call_app'
railties (8.1.3) lib/rails/rack/logger.rb:29:in `call'
propshaft (1.3.2) lib/propshaft/quiet_assets.rb:11:in `call'
actionpack (8.1.3) lib/action_dispatch/middleware/remote_ip.rb:98:in `call'
actionpack (8.1.3) lib/action_dispatch/middleware/request_id.rb:34:in `call'
rack (3.2.6) lib/rack/method_override.rb:28:in `call'
rack (3.2.6) lib/rack/runtime.rb:24:in `call'
activesupport (8.1.3) lib/active_support/cache/strategy/local_cache_middleware.rb:30:in `call'
actionpack (8.1.3) lib/action_dispatch/middleware/server_timing.rb:61:in `block in call'
actionpack (8.1.3) lib/action_dispatch/middleware/server_timing.rb:26:in `collect_events'
actionpack (8.1.3) lib/action_dispatch/middleware/server_timing.rb:60:in `call'
actionpack (8.1.3) lib/action_dispatch/middleware/executor.rb:20:in `call'
propshaft (1.3.2) lib/propshaft/server.rb:37:in `call'
actionpack (8.1.3) lib/action_dispatch/middleware/static.rb:27:in `call'
rack (3.2.6) lib/rack/sendfile.rb:131:in `call'
actionpack (8.1.3) lib/action_dispatch/middleware/host_authorization.rb:143:in `call'
railties (8.1.3) lib/rails/engine.rb:534:in `call'
puma (8.0.1) lib/puma/configuration.rb:305:in `call'
puma (8.0.1) lib/puma/response.rb:79:in `block in handle_request'
puma (8.0.1) lib/puma/thread_pool.rb:434:in `with_force_shutdown'
puma (8.0.1) lib/puma/response.rb:78:in `handle_request'
puma (8.0.1) lib/puma/server.rb:508:in `process_client'
puma (8.0.1) lib/puma/server.rb:263:in `block in run'
puma (8.0.1) lib/puma/thread_pool.rb:246:in `block in spawn_thread'
Started GET "/events?filter=past" for 127.0.0.1 at 2026-05-06 11:01:37 +0530
Processing by EventsController#index as HTML
  Parameters: {"filter"=>"past"}
  Rendering layout layouts/application.html.erb
  Rendering events/index.html.erb within layouts/application
  [1m[36mEvent Exists? (0.5ms)[0m  [1m[34mSELECT 1 AS one FROM "events" WHERE (start_date <= '2026-05-06 05:31:37.008970') LIMIT 1 OFFSET 0 /*action='index',application='BillettoAssignment',controller='events'*/[0m
  ↳ app/views/events/index.html.erb:11
  Rendered events/index.html.erb within layouts/application (Duration: 1.9ms | GC: 0.0ms)
  Rendered layout layouts/application.html.erb (Duration: 3.0ms | GC: 0.0ms)
Completed 200 OK in 4ms (Views: 2.9ms | ActiveRecord: 0.5ms (1 query, 0 cached) | GC: 0.0ms)


Started GET "/" for 127.0.0.1 at 2026-05-06 11:02:09 +0530
Processing by EventsController#index as HTML
  Rendering layout layouts/application.html.erb
  Rendering events/index.html.erb within layouts/application
  [1m[36mEvent Exists? (1.1ms)[0m  [1m[34mSELECT 1 AS one FROM "events" LIMIT 1 OFFSET 0 /*action='index',application='BillettoAssignment',controller='events'*/[0m
  ↳ app/views/events/index.html.erb:11
  [1m[36mEvent Load (1.4ms)[0m  [1m[34mSELECT "events".* FROM "events" ORDER BY "events"."start_date" ASC LIMIT 12 OFFSET 0 /*action='index',application='BillettoAssignment',controller='events'*/[0m
  ↳ app/views/events/index.html.erb:22
  [1m[36mEvent Count (0.7ms)[0m  [1m[34mSELECT COUNT(*) FROM "events" /*action='index',application='BillettoAssignment',controller='events'*/[0m
  ↳ app/views/events/index.html.erb:76
  Rendered events/index.html.erb within layouts/application (Duration: 48.6ms | GC: 0.0ms)
  Rendered layout layouts/application.html.erb (Duration: 50.4ms | GC: 0.0ms)
Completed 200 OK in 56ms (Views: 48.7ms | ActiveRecord: 3.1ms (3 queries, 0 cached) | GC: 0.0ms)


Started GET "/events/1" for 127.0.0.1 at 2026-05-06 11:02:11 +0530
Processing by EventsController#show as HTML
  Parameters: {"id"=>"1"}
  [1m[36mEvent Load (1.5ms)[0m  [1m[34mSELECT "events".* FROM "events" WHERE "events"."id" = 1 LIMIT 1 /*action='show',application='BillettoAssignment',controller='events'*/[0m
  ↳ app/controllers/events_controller.rb:49:in `set_event'
  Rendering layout layouts/application.html.erb
  Rendering events/show.html.erb within layouts/application
  Rendered events/show.html.erb within layouts/application (Duration: 12.8ms | GC: 0.0ms)
  Rendered layout layouts/application.html.erb (Duration: 16.8ms | GC: 0.0ms)
Completed 200 OK in 30ms (Views: 18.2ms | ActiveRecord: 1.5ms (1 query, 0 cached) | GC: 0.0ms)


Started POST "/events/1/upvote" for 127.0.0.1 at 2026-05-06 11:02:13 +0530
Processing by EventsController#upvote as TURBO_STREAM
  Parameters: {"authenticity_token"=>"[FILTERED]", "commit"=>"👍 Upvote", "id"=>"1"}
HTTP Origin header (http://127.0.0.1:36595) didn't match request.base_url (http://localhost:3000)
Completed 422 Unprocessable Content in 1ms (ActiveRecord: 0.0ms (0 queries, 0 cached) | GC: 0.0ms)


  
ActionController::InvalidAuthenticityToken (HTTP Origin header (http://127.0.0.1:36595) didn't match request.base_url (http://localhost:3000)):
  
actionpack (8.1.3) lib/action_controller/metal/request_forgery_protection.rb:321:in `handle_unverified_request'
actionpack (8.1.3) lib/action_controller/metal/request_forgery_protection.rb:415:in `handle_unverified_request'
actionpack (8.1.3) lib/action_controller/metal/request_forgery_protection.rb:404:in `verify_authenticity_token'
activesupport (8.1.3) lib/active_support/callbacks.rb:362:in `block in make_lambda'
activesupport (8.1.3) lib/active_support/callbacks.rb:179:in `block in call'
actionpack (8.1.3) lib/abstract_controller/callbacks.rb:36:in `block (2 levels) in <module:Callbacks>'
activesupport (8.1.3) lib/active_support/callbacks.rb:180:in `call'
activesupport (8.1.3) lib/active_support/callbacks.rb:560:in `block in invoke_before'
activesupport (8.1.3) lib/active_support/callbacks.rb:560:in `each'
activesupport (8.1.3) lib/active_support/callbacks.rb:560:in `invoke_before'
activesupport (8.1.3) lib/active_support/callbacks.rb:119:in `block in run_callbacks'
activesupport (8.1.3) lib/active_support/callbacks.rb:141:in `run_callbacks'
actionpack (8.1.3) lib/abstract_controller/callbacks.rb:266:in `process_action'
actionpack (8.1.3) lib/action_controller/metal/rescue.rb:36:in `process_action'
actionpack (8.1.3) lib/action_controller/metal/instrumentation.rb:76:in `block in process_action'
activesupport (8.1.3) lib/active_support/notifications.rb:210:in `block in instrument'
activesupport (8.1.3) lib/active_support/notifications/instrumenter.rb:58:in `instrument'
activesupport (8.1.3) lib/active_support/notifications.rb:210:in `instrument'
actionpack (8.1.3) lib/action_controller/metal/instrumentation.rb:75:in `process_action'
actionpack (8.1.3) lib/action_controller/metal/params_wrapper.rb:259:in `process_action'
activerecord (8.1.3) lib/active_record/railties/controller_runtime.rb:39:in `process_action'
actionpack (8.1.3) lib/abstract_controller/base.rb:154:in `process'
actionview (8.1.3) lib/action_view/rendering.rb:40:in `process'
actionpack (8.1.3) lib/action_controller/metal.rb:252:in `dispatch'
actionpack (8.1.3) lib/action_controller/metal.rb:335:in `dispatch'
actionpack (8.1.3) lib/action_dispatch/routing/route_set.rb:65:in `dispatch'
actionpack (8.1.3) lib/action_dispatch/routing/route_set.rb:50:in `serve'
actionpack (8.1.3) lib/action_dispatch/journey/router.rb:35:in `block in serve'
actionpack (8.1.3) lib/action_dispatch/journey/router.rb:86:in `block in recognize'
actionpack (8.1.3) lib/action_dispatch/journey/router.rb:66:in `each'
actionpack (8.1.3) lib/action_dispatch/journey/router.rb:66:in `recognize'
actionpack (8.1.3) lib/action_dispatch/journey/router.rb:31:in `serve'
actionpack (8.1.3) lib/action_dispatch/routing/route_set.rb:906:in `call'
railties (8.1.3) lib/rails/engine/lazy_route_set.rb:60:in `call'
rails_event_store (2.18.0) lib/rails_event_store/middleware.rb:11:in `block in call'
rails_event_store (2.18.0) lib/rails_event_store/client.rb:85:in `block in with_request_metadata'
ruby_event_store (2.18.0) lib/ruby_event_store/client.rb:301:in `with_metadata'
rails_event_store (2.18.0) lib/rails_event_store/client.rb:85:in `with_request_metadata'
rails_event_store (2.18.0) lib/rails_event_store/middleware.rb:11:in `call'
rack (3.2.6) lib/rack/tempfile_reaper.rb:20:in `call'
rack (3.2.6) lib/rack/etag.rb:29:in `call'
rack (3.2.6) lib/rack/conditional_get.rb:44:in `call'
rack (3.2.6) lib/rack/head.rb:15:in `call'
actionpack (8.1.3) lib/action_dispatch/http/content_security_policy.rb:38:in `call'
rack-session (2.1.2) lib/rack/session/abstract/id.rb:274:in `context'
rack-session (2.1.2) lib/rack/session/abstract/id.rb:268:in `call'
actionpack (8.1.3) lib/action_dispatch/middleware/cookies.rb:708:in `call'
activerecord (8.1.3) lib/active_record/migration.rb:671:in `call'
actionpack (8.1.3) lib/action_dispatch/middleware/callbacks.rb:31:in `block in call'
activesupport (8.1.3) lib/active_support/callbacks.rb:101:in `run_callbacks'
actionpack (8.1.3) lib/action_dispatch/middleware/callbacks.rb:30:in `call'
actionpack (8.1.3) lib/action_dispatch/middleware/executor.rb:20:in `call'
actionpack (8.1.3) lib/action_dispatch/middleware/actionable_exceptions.rb:18:in `call'
actionpack (8.1.3) lib/action_dispatch/middleware/debug_exceptions.rb:31:in `call'
web-console (4.3.0) lib/web_console/middleware.rb:132:in `call_app'
web-console (4.3.0) lib/web_console/middleware.rb:28:in `block in call'
web-console (4.3.0) lib/web_console/middleware.rb:17:in `catch'
web-console (4.3.0) lib/web_console/middleware.rb:17:in `call'
actionpack (8.1.3) lib/action_dispatch/middleware/show_exceptions.rb:32:in `call'
railties (8.1.3) lib/rails/rack/logger.rb:41:in `call_app'
railties (8.1.3) lib/rails/rack/logger.rb:29:in `call'
propshaft (1.3.2) lib/propshaft/quiet_assets.rb:11:in `call'
actionpack (8.1.3) lib/action_dispatch/middleware/remote_ip.rb:98:in `call'
actionpack (8.1.3) lib/action_dispatch/middleware/request_id.rb:34:in `call'
rack (3.2.6) lib/rack/method_override.rb:28:in `call'
rack (3.2.6) lib/rack/runtime.rb:24:in `call'
activesupport (8.1.3) lib/active_support/cache/strategy/local_cache_middleware.rb:30:in `call'
actionpack (8.1.3) lib/action_dispatch/middleware/server_timing.rb:61:in `block in call'
actionpack (8.1.3) lib/action_dispatch/middleware/server_timing.rb:26:in `collect_events'
actionpack (8.1.3) lib/action_dispatch/middleware/server_timing.rb:60:in `call'
actionpack (8.1.3) lib/action_dispatch/middleware/executor.rb:20:in `call'
propshaft (1.3.2) lib/propshaft/server.rb:37:in `call'
actionpack (8.1.3) lib/action_dispatch/middleware/static.rb:27:in `call'
rack (3.2.6) lib/rack/sendfile.rb:131:in `call'
actionpack (8.1.3) lib/action_dispatch/middleware/host_authorization.rb:143:in `call'
railties (8.1.3) lib/rails/engine.rb:534:in `call'
puma (8.0.1) lib/puma/configuration.rb:305:in `call'
puma (8.0.1) lib/puma/response.rb:79:in `block in handle_request'
puma (8.0.1) lib/puma/thread_pool.rb:434:in `with_force_shutdown'
puma (8.0.1) lib/puma/response.rb:78:in `handle_request'
puma (8.0.1) lib/puma/server.rb:508:in `process_client'
puma (8.0.1) lib/puma/server.rb:263:in `block in run'
puma (8.0.1) lib/puma/thread_pool.rb:246:in `block in spawn_thread'
Started GET "/events/1" for 127.0.0.1 at 2026-05-06 11:02:13 +0530
Processing by EventsController#show as HTML
  Parameters: {"id"=>"1"}
  [1m[36mEvent Load (0.4ms)[0m  [1m[34mSELECT "events".* FROM "events" WHERE "events"."id" = 1 LIMIT 1 /*action='show',application='BillettoAssignment',controller='events'*/[0m
  ↳ app/controllers/events_controller.rb:49:in `set_event'
  Rendering layout layouts/application.html.erb
  Rendering events/show.html.erb within layouts/application
  Rendered events/show.html.erb within layouts/application (Duration: 2.5ms | GC: 0.0ms)
  Rendered layout layouts/application.html.erb (Duration: 4.0ms | GC: 0.0ms)
Completed 200 OK in 7ms (Views: 4.5ms | ActiveRecord: 0.4ms (1 query, 0 cached) | GC: 0.2ms)


Started POST "/events/1/upvote" for 127.0.0.1 at 2026-05-06 11:02:14 +0530
Processing by EventsController#upvote as TURBO_STREAM
  Parameters: {"authenticity_token"=>"[FILTERED]", "commit"=>"ðŸ‘\u008D Upvote", "id"=>"1"}
HTTP Origin header (http://127.0.0.1:36595) didn't match request.base_url (http://localhost:3000)
Completed 422 Unprocessable Content in 1ms (ActiveRecord: 0.0ms (0 queries, 0 cached) | GC: 0.0ms)


  
ActionController::InvalidAuthenticityToken (HTTP Origin header (http://127.0.0.1:36595) didn't match request.base_url (http://localhost:3000)):
  
actionpack (8.1.3) lib/action_controller/metal/request_forgery_protection.rb:321:in `handle_unverified_request'
actionpack (8.1.3) lib/action_controller/metal/request_forgery_protection.rb:415:in `handle_unverified_request'
actionpack (8.1.3) lib/action_controller/metal/request_forgery_protection.rb:404:in `verify_authenticity_token'
activesupport (8.1.3) lib/active_support/callbacks.rb:362:in `block in make_lambda'
activesupport (8.1.3) lib/active_support/callbacks.rb:179:in `block in call'
actionpack (8.1.3) lib/abstract_controller/callbacks.rb:36:in `block (2 levels) in <module:Callbacks>'
activesupport (8.1.3) lib/active_support/callbacks.rb:180:in `call'
activesupport (8.1.3) lib/active_support/callbacks.rb:560:in `block in invoke_before'
activesupport (8.1.3) lib/active_support/callbacks.rb:560:in `each'
activesupport (8.1.3) lib/active_support/callbacks.rb:560:in `invoke_before'
activesupport (8.1.3) lib/active_support/callbacks.rb:119:in `block in run_callbacks'
activesupport (8.1.3) lib/active_support/callbacks.rb:141:in `run_callbacks'
actionpack (8.1.3) lib/abstract_controller/callbacks.rb:266:in `process_action'
actionpack (8.1.3) lib/action_controller/metal/rescue.rb:36:in `process_action'
actionpack (8.1.3) lib/action_controller/metal/instrumentation.rb:76:in `block in process_action'
activesupport (8.1.3) lib/active_support/notifications.rb:210:in `block in instrument'
activesupport (8.1.3) lib/active_support/notifications/instrumenter.rb:58:in `instrument'
activesupport (8.1.3) lib/active_support/notifications.rb:210:in `instrument'
actionpack (8.1.3) lib/action_controller/metal/instrumentation.rb:75:in `process_action'
actionpack (8.1.3) lib/action_controller/metal/params_wrapper.rb:259:in `process_action'
activerecord (8.1.3) lib/active_record/railties/controller_runtime.rb:39:in `process_action'
actionpack (8.1.3) lib/abstract_controller/base.rb:154:in `process'
actionview (8.1.3) lib/action_view/rendering.rb:40:in `process'
actionpack (8.1.3) lib/action_controller/metal.rb:252:in `dispatch'
actionpack (8.1.3) lib/action_controller/metal.rb:335:in `dispatch'
actionpack (8.1.3) lib/action_dispatch/routing/route_set.rb:65:in `dispatch'
actionpack (8.1.3) lib/action_dispatch/routing/route_set.rb:50:in `serve'
actionpack (8.1.3) lib/action_dispatch/journey/router.rb:35:in `block in serve'
actionpack (8.1.3) lib/action_dispatch/journey/router.rb:86:in `block in recognize'
actionpack (8.1.3) lib/action_dispatch/journey/router.rb:66:in `each'
actionpack (8.1.3) lib/action_dispatch/journey/router.rb:66:in `recognize'
actionpack (8.1.3) lib/action_dispatch/journey/router.rb:31:in `serve'
actionpack (8.1.3) lib/action_dispatch/routing/route_set.rb:906:in `call'
railties (8.1.3) lib/rails/engine/lazy_route_set.rb:60:in `call'
rails_event_store (2.18.0) lib/rails_event_store/middleware.rb:11:in `block in call'
rails_event_store (2.18.0) lib/rails_event_store/client.rb:85:in `block in with_request_metadata'
ruby_event_store (2.18.0) lib/ruby_event_store/client.rb:301:in `with_metadata'
rails_event_store (2.18.0) lib/rails_event_store/client.rb:85:in `with_request_metadata'
rails_event_store (2.18.0) lib/rails_event_store/middleware.rb:11:in `call'
rack (3.2.6) lib/rack/tempfile_reaper.rb:20:in `call'
rack (3.2.6) lib/rack/etag.rb:29:in `call'
rack (3.2.6) lib/rack/conditional_get.rb:44:in `call'
rack (3.2.6) lib/rack/head.rb:15:in `call'
actionpack (8.1.3) lib/action_dispatch/http/content_security_policy.rb:38:in `call'
rack-session (2.1.2) lib/rack/session/abstract/id.rb:274:in `context'
rack-session (2.1.2) lib/rack/session/abstract/id.rb:268:in `call'
actionpack (8.1.3) lib/action_dispatch/middleware/cookies.rb:708:in `call'
activerecord (8.1.3) lib/active_record/migration.rb:671:in `call'
actionpack (8.1.3) lib/action_dispatch/middleware/callbacks.rb:31:in `block in call'
activesupport (8.1.3) lib/active_support/callbacks.rb:101:in `run_callbacks'
actionpack (8.1.3) lib/action_dispatch/middleware/callbacks.rb:30:in `call'
actionpack (8.1.3) lib/action_dispatch/middleware/executor.rb:20:in `call'
actionpack (8.1.3) lib/action_dispatch/middleware/actionable_exceptions.rb:18:in `call'
actionpack (8.1.3) lib/action_dispatch/middleware/debug_exceptions.rb:31:in `call'
web-console (4.3.0) lib/web_console/middleware.rb:132:in `call_app'
web-console (4.3.0) lib/web_console/middleware.rb:28:in `block in call'
web-console (4.3.0) lib/web_console/middleware.rb:17:in `catch'
web-console (4.3.0) lib/web_console/middleware.rb:17:in `call'
actionpack (8.1.3) lib/action_dispatch/middleware/show_exceptions.rb:32:in `call'
railties (8.1.3) lib/rails/rack/logger.rb:41:in `call_app'
railties (8.1.3) lib/rails/rack/logger.rb:29:in `call'
propshaft (1.3.2) lib/propshaft/quiet_assets.rb:11:in `call'
actionpack (8.1.3) lib/action_dispatch/middleware/remote_ip.rb:98:in `call'
actionpack (8.1.3) lib/action_dispatch/middleware/request_id.rb:34:in `call'
rack (3.2.6) lib/rack/method_override.rb:28:in `call'
rack (3.2.6) lib/rack/runtime.rb:24:in `call'
activesupport (8.1.3) lib/active_support/cache/strategy/local_cache_middleware.rb:30:in `call'
actionpack (8.1.3) lib/action_dispatch/middleware/server_timing.rb:61:in `block in call'
actionpack (8.1.3) lib/action_dispatch/middleware/server_timing.rb:26:in `collect_events'
actionpack (8.1.3) lib/action_dispatch/middleware/server_timing.rb:60:in `call'
actionpack (8.1.3) lib/action_dispatch/middleware/executor.rb:20:in `call'
propshaft (1.3.2) lib/propshaft/server.rb:37:in `call'
actionpack (8.1.3) lib/action_dispatch/middleware/static.rb:27:in `call'
rack (3.2.6) lib/rack/sendfile.rb:131:in `call'
actionpack (8.1.3) lib/action_dispatch/middleware/host_authorization.rb:143:in `call'
railties (8.1.3) lib/rails/engine.rb:534:in `call'
puma (8.0.1) lib/puma/configuration.rb:305:in `call'
puma (8.0.1) lib/puma/response.rb:79:in `block in handle_request'
puma (8.0.1) lib/puma/thread_pool.rb:434:in `with_force_shutdown'
puma (8.0.1) lib/puma/response.rb:78:in `handle_request'
puma (8.0.1) lib/puma/server.rb:508:in `process_client'
puma (8.0.1) lib/puma/server.rb:263:in `block in run'
puma (8.0.1) lib/puma/thread_pool.rb:246:in `block in spawn_thread'
Started GET "/events/1" for 127.0.0.1 at 2026-05-06 11:02:14 +0530
Processing by EventsController#show as HTML
  Parameters: {"id"=>"1"}
  [1m[36mEvent Load (0.4ms)[0m  [1m[34mSELECT "events".* FROM "events" WHERE "events"."id" = 1 LIMIT 1 /*action='show',application='BillettoAssignment',controller='events'*/[0m
  ↳ app/controllers/events_controller.rb:49:in `set_event'
  Rendering layout layouts/application.html.erb
  Rendering events/show.html.erb within layouts/application
  Rendered events/show.html.erb within layouts/application (Duration: 2.3ms | GC: 0.0ms)
  Rendered layout layouts/application.html.erb (Duration: 3.6ms | GC: 0.0ms)
Completed 200 OK in 7ms (Views: 4.2ms | ActiveRecord: 0.4ms (1 query, 0 cached) | GC: 0.0ms)


Started POST "/events/1/upvote" for 127.0.0.1 at 2026-05-06 11:02:15 +0530
Processing by EventsController#upvote as TURBO_STREAM
  Parameters: {"authenticity_token"=>"[FILTERED]", "commit"=>"ðŸ‘\u008D Upvote", "id"=>"1"}
HTTP Origin header (http://127.0.0.1:36595) didn't match request.base_url (http://localhost:3000)
Completed 422 Unprocessable Content in 1ms (ActiveRecord: 0.0ms (0 queries, 0 cached) | GC: 0.0ms)


  
ActionController::InvalidAuthenticityToken (HTTP Origin header (http://127.0.0.1:36595) didn't match request.base_url (http://localhost:3000)):
  
actionpack (8.1.3) lib/action_controller/metal/request_forgery_protection.rb:321:in `handle_unverified_request'
actionpack (8.1.3) lib/action_controller/metal/request_forgery_protection.rb:415:in `handle_unverified_request'
actionpack (8.1.3) lib/action_controller/metal/request_forgery_protection.rb:404:in `verify_authenticity_token'
activesupport (8.1.3) lib/active_support/callbacks.rb:362:in `block in make_lambda'
activesupport (8.1.3) lib/active_support/callbacks.rb:179:in `block in call'
actionpack (8.1.3) lib/abstract_controller/callbacks.rb:36:in `block (2 levels) in <module:Callbacks>'
activesupport (8.1.3) lib/active_support/callbacks.rb:180:in `call'
activesupport (8.1.3) lib/active_support/callbacks.rb:560:in `block in invoke_before'
activesupport (8.1.3) lib/active_support/callbacks.rb:560:in `each'
activesupport (8.1.3) lib/active_support/callbacks.rb:560:in `invoke_before'
activesupport (8.1.3) lib/active_support/callbacks.rb:119:in `block in run_callbacks'
activesupport (8.1.3) lib/active_support/callbacks.rb:141:in `run_callbacks'
actionpack (8.1.3) lib/abstract_controller/callbacks.rb:266:in `process_action'
actionpack (8.1.3) lib/action_controller/metal/rescue.rb:36:in `process_action'
actionpack (8.1.3) lib/action_controller/metal/instrumentation.rb:76:in `block in process_action'
activesupport (8.1.3) lib/active_support/notifications.rb:210:in `block in instrument'
activesupport (8.1.3) lib/active_support/notifications/instrumenter.rb:58:in `instrument'
activesupport (8.1.3) lib/active_support/notifications.rb:210:in `instrument'
actionpack (8.1.3) lib/action_controller/metal/instrumentation.rb:75:in `process_action'
actionpack (8.1.3) lib/action_controller/metal/params_wrapper.rb:259:in `process_action'
activerecord (8.1.3) lib/active_record/railties/controller_runtime.rb:39:in `process_action'
actionpack (8.1.3) lib/abstract_controller/base.rb:154:in `process'
actionview (8.1.3) lib/action_view/rendering.rb:40:in `process'
actionpack (8.1.3) lib/action_controller/metal.rb:252:in `dispatch'
actionpack (8.1.3) lib/action_controller/metal.rb:335:in `dispatch'
actionpack (8.1.3) lib/action_dispatch/routing/route_set.rb:65:in `dispatch'
actionpack (8.1.3) lib/action_dispatch/routing/route_set.rb:50:in `serve'
actionpack (8.1.3) lib/action_dispatch/journey/router.rb:35:in `block in serve'
actionpack (8.1.3) lib/action_dispatch/journey/router.rb:86:in `block in recognize'
actionpack (8.1.3) lib/action_dispatch/journey/router.rb:66:in `each'
actionpack (8.1.3) lib/action_dispatch/journey/router.rb:66:in `recognize'
actionpack (8.1.3) lib/action_dispatch/journey/router.rb:31:in `serve'
actionpack (8.1.3) lib/action_dispatch/routing/route_set.rb:906:in `call'
railties (8.1.3) lib/rails/engine/lazy_route_set.rb:60:in `call'
rails_event_store (2.18.0) lib/rails_event_store/middleware.rb:11:in `block in call'
rails_event_store (2.18.0) lib/rails_event_store/client.rb:85:in `block in with_request_metadata'
ruby_event_store (2.18.0) lib/ruby_event_store/client.rb:301:in `with_metadata'
rails_event_store (2.18.0) lib/rails_event_store/client.rb:85:in `with_request_metadata'
rails_event_store (2.18.0) lib/rails_event_store/middleware.rb:11:in `call'
rack (3.2.6) lib/rack/tempfile_reaper.rb:20:in `call'
rack (3.2.6) lib/rack/etag.rb:29:in `call'
rack (3.2.6) lib/rack/conditional_get.rb:44:in `call'
rack (3.2.6) lib/rack/head.rb:15:in `call'
actionpack (8.1.3) lib/action_dispatch/http/content_security_policy.rb:38:in `call'
rack-session (2.1.2) lib/rack/session/abstract/id.rb:274:in `context'
rack-session (2.1.2) lib/rack/session/abstract/id.rb:268:in `call'
actionpack (8.1.3) lib/action_dispatch/middleware/cookies.rb:708:in `call'
activerecord (8.1.3) lib/active_record/migration.rb:671:in `call'
actionpack (8.1.3) lib/action_dispatch/middleware/callbacks.rb:31:in `block in call'
activesupport (8.1.3) lib/active_support/callbacks.rb:101:in `run_callbacks'
actionpack (8.1.3) lib/action_dispatch/middleware/callbacks.rb:30:in `call'
actionpack (8.1.3) lib/action_dispatch/middleware/executor.rb:20:in `call'
actionpack (8.1.3) lib/action_dispatch/middleware/actionable_exceptions.rb:18:in `call'
actionpack (8.1.3) lib/action_dispatch/middleware/debug_exceptions.rb:31:in `call'
web-console (4.3.0) lib/web_console/middleware.rb:132:in `call_app'
web-console (4.3.0) lib/web_console/middleware.rb:28:in `block in call'
web-console (4.3.0) lib/web_console/middleware.rb:17:in `catch'
web-console (4.3.0) lib/web_console/middleware.rb:17:in `call'
actionpack (8.1.3) lib/action_dispatch/middleware/show_exceptions.rb:32:in `call'
railties (8.1.3) lib/rails/rack/logger.rb:41:in `call_app'
railties (8.1.3) lib/rails/rack/logger.rb:29:in `call'
propshaft (1.3.2) lib/propshaft/quiet_assets.rb:11:in `call'
actionpack (8.1.3) lib/action_dispatch/middleware/remote_ip.rb:98:in `call'
actionpack (8.1.3) lib/action_dispatch/middleware/request_id.rb:34:in `call'
rack (3.2.6) lib/rack/method_override.rb:28:in `call'
rack (3.2.6) lib/rack/runtime.rb:24:in `call'
activesupport (8.1.3) lib/active_support/cache/strategy/local_cache_middleware.rb:30:in `call'
actionpack (8.1.3) lib/action_dispatch/middleware/server_timing.rb:61:in `block in call'
actionpack (8.1.3) lib/action_dispatch/middleware/server_timing.rb:26:in `collect_events'
actionpack (8.1.3) lib/action_dispatch/middleware/server_timing.rb:60:in `call'
actionpack (8.1.3) lib/action_dispatch/middleware/executor.rb:20:in `call'
propshaft (1.3.2) lib/propshaft/server.rb:37:in `call'
actionpack (8.1.3) lib/action_dispatch/middleware/static.rb:27:in `call'
rack (3.2.6) lib/rack/sendfile.rb:131:in `call'
actionpack (8.1.3) lib/action_dispatch/middleware/host_authorization.rb:143:in `call'
railties (8.1.3) lib/rails/engine.rb:534:in `call'
puma (8.0.1) lib/puma/configuration.rb:305:in `call'
puma (8.0.1) lib/puma/response.rb:79:in `block in handle_request'
puma (8.0.1) lib/puma/thread_pool.rb:434:in `with_force_shutdown'
puma (8.0.1) lib/puma/response.rb:78:in `handle_request'
puma (8.0.1) lib/puma/server.rb:508:in `process_client'
puma (8.0.1) lib/puma/server.rb:263:in `block in run'
puma (8.0.1) lib/puma/thread_pool.rb:246:in `block in spawn_thread'
Started GET "/events/1" for 127.0.0.1 at 2026-05-06 11:02:15 +0530
Processing by EventsController#show as HTML
  Parameters: {"id"=>"1"}
  [1m[36mEvent Load (0.4ms)[0m  [1m[34mSELECT "events".* FROM "events" WHERE "events"."id" = 1 LIMIT 1 /*action='show',application='BillettoAssignment',controller='events'*/[0m
  ↳ app/controllers/events_controller.rb:49:in `set_event'
  Rendering layout layouts/application.html.erb
  Rendering events/show.html.erb within layouts/application
  Rendered events/show.html.erb within layouts/application (Duration: 2.0ms | GC: 0.0ms)
  Rendered layout layouts/application.html.erb (Duration: 2.9ms | GC: 0.0ms)
Completed 200 OK in 6ms (Views: 3.4ms | ActiveRecord: 0.4ms (1 query, 0 cached) | GC: 0.0ms)


Started POST "/events/1/upvote" for 127.0.0.1 at 2026-05-06 11:02:15 +0530
Processing by EventsController#upvote as TURBO_STREAM
  Parameters: {"authenticity_token"=>"[FILTERED]", "commit"=>"ðŸ‘\u008D Upvote", "id"=>"1"}
HTTP Origin header (http://127.0.0.1:36595) didn't match request.base_url (http://localhost:3000)
Completed 422 Unprocessable Content in 2ms (ActiveRecord: 0.0ms (0 queries, 0 cached) | GC: 0.0ms)


  
ActionController::InvalidAuthenticityToken (HTTP Origin header (http://127.0.0.1:36595) didn't match request.base_url (http://localhost:3000)):
  
actionpack (8.1.3) lib/action_controller/metal/request_forgery_protection.rb:321:in `handle_unverified_request'
actionpack (8.1.3) lib/action_controller/metal/request_forgery_protection.rb:415:in `handle_unverified_request'
actionpack (8.1.3) lib/action_controller/metal/request_forgery_protection.rb:404:in `verify_authenticity_token'
activesupport (8.1.3) lib/active_support/callbacks.rb:362:in `block in make_lambda'
activesupport (8.1.3) lib/active_support/callbacks.rb:179:in `block in call'
actionpack (8.1.3) lib/abstract_controller/callbacks.rb:36:in `block (2 levels) in <module:Callbacks>'
activesupport (8.1.3) lib/active_support/callbacks.rb:180:in `call'
activesupport (8.1.3) lib/active_support/callbacks.rb:560:in `block in invoke_before'
activesupport (8.1.3) lib/active_support/callbacks.rb:560:in `each'
activesupport (8.1.3) lib/active_support/callbacks.rb:560:in `invoke_before'
activesupport (8.1.3) lib/active_support/callbacks.rb:119:in `block in run_callbacks'
activesupport (8.1.3) lib/active_support/callbacks.rb:141:in `run_callbacks'
actionpack (8.1.3) lib/abstract_controller/callbacks.rb:266:in `process_action'
actionpack (8.1.3) lib/action_controller/metal/rescue.rb:36:in `process_action'
actionpack (8.1.3) lib/action_controller/metal/instrumentation.rb:76:in `block in process_action'
activesupport (8.1.3) lib/active_support/notifications.rb:210:in `block in instrument'
activesupport (8.1.3) lib/active_support/notifications/instrumenter.rb:58:in `instrument'
activesupport (8.1.3) lib/active_support/notifications.rb:210:in `instrument'
actionpack (8.1.3) lib/action_controller/metal/instrumentation.rb:75:in `process_action'
actionpack (8.1.3) lib/action_controller/metal/params_wrapper.rb:259:in `process_action'
activerecord (8.1.3) lib/active_record/railties/controller_runtime.rb:39:in `process_action'
actionpack (8.1.3) lib/abstract_controller/base.rb:154:in `process'
actionview (8.1.3) lib/action_view/rendering.rb:40:in `process'
actionpack (8.1.3) lib/action_controller/metal.rb:252:in `dispatch'
actionpack (8.1.3) lib/action_controller/metal.rb:335:in `dispatch'
actionpack (8.1.3) lib/action_dispatch/routing/route_set.rb:65:in `dispatch'
actionpack (8.1.3) lib/action_dispatch/routing/route_set.rb:50:in `serve'
actionpack (8.1.3) lib/action_dispatch/journey/router.rb:35:in `block in serve'
actionpack (8.1.3) lib/action_dispatch/journey/router.rb:86:in `block in recognize'
actionpack (8.1.3) lib/action_dispatch/journey/router.rb:66:in `each'
actionpack (8.1.3) lib/action_dispatch/journey/router.rb:66:in `recognize'
actionpack (8.1.3) lib/action_dispatch/journey/router.rb:31:in `serve'
actionpack (8.1.3) lib/action_dispatch/routing/route_set.rb:906:in `call'
railties (8.1.3) lib/rails/engine/lazy_route_set.rb:60:in `call'
rails_event_store (2.18.0) lib/rails_event_store/middleware.rb:11:in `block in call'
rails_event_store (2.18.0) lib/rails_event_store/client.rb:85:in `block in with_request_metadata'
ruby_event_store (2.18.0) lib/ruby_event_store/client.rb:301:in `with_metadata'
rails_event_store (2.18.0) lib/rails_event_store/client.rb:85:in `with_request_metadata'
rails_event_store (2.18.0) lib/rails_event_store/middleware.rb:11:in `call'
rack (3.2.6) lib/rack/tempfile_reaper.rb:20:in `call'
rack (3.2.6) lib/rack/etag.rb:29:in `call'
rack (3.2.6) lib/rack/conditional_get.rb:44:in `call'
rack (3.2.6) lib/rack/head.rb:15:in `call'
actionpack (8.1.3) lib/action_dispatch/http/content_security_policy.rb:38:in `call'
rack-session (2.1.2) lib/rack/session/abstract/id.rb:274:in `context'
rack-session (2.1.2) lib/rack/session/abstract/id.rb:268:in `call'
actionpack (8.1.3) lib/action_dispatch/middleware/cookies.rb:708:in `call'
activerecord (8.1.3) lib/active_record/migration.rb:671:in `call'
actionpack (8.1.3) lib/action_dispatch/middleware/callbacks.rb:31:in `block in call'
activesupport (8.1.3) lib/active_support/callbacks.rb:101:in `run_callbacks'
actionpack (8.1.3) lib/action_dispatch/middleware/callbacks.rb:30:in `call'
actionpack (8.1.3) lib/action_dispatch/middleware/executor.rb:20:in `call'
actionpack (8.1.3) lib/action_dispatch/middleware/actionable_exceptions.rb:18:in `call'
actionpack (8.1.3) lib/action_dispatch/middleware/debug_exceptions.rb:31:in `call'
web-console (4.3.0) lib/web_console/middleware.rb:132:in `call_app'
web-console (4.3.0) lib/web_console/middleware.rb:28:in `block in call'
web-console (4.3.0) lib/web_console/middleware.rb:17:in `catch'
web-console (4.3.0) lib/web_console/middleware.rb:17:in `call'
actionpack (8.1.3) lib/action_dispatch/middleware/show_exceptions.rb:32:in `call'
railties (8.1.3) lib/rails/rack/logger.rb:41:in `call_app'
railties (8.1.3) lib/rails/rack/logger.rb:29:in `call'
propshaft (1.3.2) lib/propshaft/quiet_assets.rb:11:in `call'
actionpack (8.1.3) lib/action_dispatch/middleware/remote_ip.rb:98:in `call'
actionpack (8.1.3) lib/action_dispatch/middleware/request_id.rb:34:in `call'
rack (3.2.6) lib/rack/method_override.rb:28:in `call'
rack (3.2.6) lib/rack/runtime.rb:24:in `call'
activesupport (8.1.3) lib/active_support/cache/strategy/local_cache_middleware.rb:30:in `call'
actionpack (8.1.3) lib/action_dispatch/middleware/server_timing.rb:61:in `block in call'
actionpack (8.1.3) lib/action_dispatch/middleware/server_timing.rb:26:in `collect_events'
actionpack (8.1.3) lib/action_dispatch/middleware/server_timing.rb:60:in `call'
actionpack (8.1.3) lib/action_dispatch/middleware/executor.rb:20:in `call'
propshaft (1.3.2) lib/propshaft/server.rb:37:in `call'
actionpack (8.1.3) lib/action_dispatch/middleware/static.rb:27:in `call'
rack (3.2.6) lib/rack/sendfile.rb:131:in `call'
actionpack (8.1.3) lib/action_dispatch/middleware/host_authorization.rb:143:in `call'
railties (8.1.3) lib/rails/engine.rb:534:in `call'
puma (8.0.1) lib/puma/configuration.rb:305:in `call'
puma (8.0.1) lib/puma/response.rb:79:in `block in handle_request'
puma (8.0.1) lib/puma/thread_pool.rb:434:in `with_force_shutdown'
puma (8.0.1) lib/puma/response.rb:78:in `handle_request'
puma (8.0.1) lib/puma/server.rb:508:in `process_client'
puma (8.0.1) lib/puma/server.rb:263:in `block in run'
puma (8.0.1) lib/puma/thread_pool.rb:246:in `block in spawn_thread'
Started GET "/events/1" for 127.0.0.1 at 2026-05-06 11:02:15 +0530
Processing by EventsController#show as HTML
  Parameters: {"id"=>"1"}
  [1m[36mEvent Load (0.4ms)[0m  [1m[34mSELECT "events".* FROM "events" WHERE "events"."id" = 1 LIMIT 1 /*action='show',application='BillettoAssignment',controller='events'*/[0m
  ↳ app/controllers/events_controller.rb:49:in `set_event'
  Rendering layout layouts/application.html.erb
  Rendering events/show.html.erb within layouts/application
  Rendered events/show.html.erb within layouts/application (Duration: 1.8ms | GC: 0.1ms)
  Rendered layout layouts/application.html.erb (Duration: 2.7ms | GC: 0.1ms)
Completed 200 OK in 5ms (Views: 3.1ms | ActiveRecord: 0.4ms (1 query, 0 cached) | GC: 0.1ms)


Started POST "/events/1/upvote" for 127.0.0.1 at 2026-05-06 11:02:16 +0530
Processing by EventsController#upvote as TURBO_STREAM
  Parameters: {"authenticity_token"=>"[FILTERED]", "commit"=>"ðŸ‘\u008D Upvote", "id"=>"1"}
HTTP Origin header (http://127.0.0.1:36595) didn't match request.base_url (http://localhost:3000)
Completed 422 Unprocessable Content in 2ms (ActiveRecord: 0.0ms (0 queries, 0 cached) | GC: 0.0ms)


  
ActionController::InvalidAuthenticityToken (HTTP Origin header (http://127.0.0.1:36595) didn't match request.base_url (http://localhost:3000)):
  
actionpack (8.1.3) lib/action_controller/metal/request_forgery_protection.rb:321:in `handle_unverified_request'
actionpack (8.1.3) lib/action_controller/metal/request_forgery_protection.rb:415:in `handle_unverified_request'
actionpack (8.1.3) lib/action_controller/metal/request_forgery_protection.rb:404:in `verify_authenticity_token'
activesupport (8.1.3) lib/active_support/callbacks.rb:362:in `block in make_lambda'
activesupport (8.1.3) lib/active_support/callbacks.rb:179:in `block in call'
actionpack (8.1.3) lib/abstract_controller/callbacks.rb:36:in `block (2 levels) in <module:Callbacks>'
activesupport (8.1.3) lib/active_support/callbacks.rb:180:in `call'
activesupport (8.1.3) lib/active_support/callbacks.rb:560:in `block in invoke_before'
activesupport (8.1.3) lib/active_support/callbacks.rb:560:in `each'
activesupport (8.1.3) lib/active_support/callbacks.rb:560:in `invoke_before'
activesupport (8.1.3) lib/active_support/callbacks.rb:119:in `block in run_callbacks'
activesupport (8.1.3) lib/active_support/callbacks.rb:141:in `run_callbacks'
actionpack (8.1.3) lib/abstract_controller/callbacks.rb:266:in `process_action'
actionpack (8.1.3) lib/action_controller/metal/rescue.rb:36:in `process_action'
actionpack (8.1.3) lib/action_controller/metal/instrumentation.rb:76:in `block in process_action'
activesupport (8.1.3) lib/active_support/notifications.rb:210:in `block in instrument'
activesupport (8.1.3) lib/active_support/notifications/instrumenter.rb:58:in `instrument'
activesupport (8.1.3) lib/active_support/notifications.rb:210:in `instrument'
actionpack (8.1.3) lib/action_controller/metal/instrumentation.rb:75:in `process_action'
actionpack (8.1.3) lib/action_controller/metal/params_wrapper.rb:259:in `process_action'
activerecord (8.1.3) lib/active_record/railties/controller_runtime.rb:39:in `process_action'
actionpack (8.1.3) lib/abstract_controller/base.rb:154:in `process'
actionview (8.1.3) lib/action_view/rendering.rb:40:in `process'
actionpack (8.1.3) lib/action_controller/metal.rb:252:in `dispatch'
actionpack (8.1.3) lib/action_controller/metal.rb:335:in `dispatch'
actionpack (8.1.3) lib/action_dispatch/routing/route_set.rb:65:in `dispatch'
actionpack (8.1.3) lib/action_dispatch/routing/route_set.rb:50:in `serve'
actionpack (8.1.3) lib/action_dispatch/journey/router.rb:35:in `block in serve'
actionpack (8.1.3) lib/action_dispatch/journey/router.rb:86:in `block in recognize'
actionpack (8.1.3) lib/action_dispatch/journey/router.rb:66:in `each'
actionpack (8.1.3) lib/action_dispatch/journey/router.rb:66:in `recognize'
actionpack (8.1.3) lib/action_dispatch/journey/router.rb:31:in `serve'
actionpack (8.1.3) lib/action_dispatch/routing/route_set.rb:906:in `call'
railties (8.1.3) lib/rails/engine/lazy_route_set.rb:60:in `call'
rails_event_store (2.18.0) lib/rails_event_store/middleware.rb:11:in `block in call'
rails_event_store (2.18.0) lib/rails_event_store/client.rb:85:in `block in with_request_metadata'
ruby_event_store (2.18.0) lib/ruby_event_store/client.rb:301:in `with_metadata'
rails_event_store (2.18.0) lib/rails_event_store/client.rb:85:in `with_request_metadata'
rails_event_store (2.18.0) lib/rails_event_store/middleware.rb:11:in `call'
rack (3.2.6) lib/rack/tempfile_reaper.rb:20:in `call'
rack (3.2.6) lib/rack/etag.rb:29:in `call'
rack (3.2.6) lib/rack/conditional_get.rb:44:in `call'
rack (3.2.6) lib/rack/head.rb:15:in `call'
actionpack (8.1.3) lib/action_dispatch/http/content_security_policy.rb:38:in `call'
rack-session (2.1.2) lib/rack/session/abstract/id.rb:274:in `context'
rack-session (2.1.2) lib/rack/session/abstract/id.rb:268:in `call'
actionpack (8.1.3) lib/action_dispatch/middleware/cookies.rb:708:in `call'
activerecord (8.1.3) lib/active_record/migration.rb:671:in `call'
actionpack (8.1.3) lib/action_dispatch/middleware/callbacks.rb:31:in `block in call'
activesupport (8.1.3) lib/active_support/callbacks.rb:101:in `run_callbacks'
actionpack (8.1.3) lib/action_dispatch/middleware/callbacks.rb:30:in `call'
actionpack (8.1.3) lib/action_dispatch/middleware/executor.rb:20:in `call'
actionpack (8.1.3) lib/action_dispatch/middleware/actionable_exceptions.rb:18:in `call'
actionpack (8.1.3) lib/action_dispatch/middleware/debug_exceptions.rb:31:in `call'
web-console (4.3.0) lib/web_console/middleware.rb:132:in `call_app'
web-console (4.3.0) lib/web_console/middleware.rb:28:in `block in call'
web-console (4.3.0) lib/web_console/middleware.rb:17:in `catch'
web-console (4.3.0) lib/web_console/middleware.rb:17:in `call'
actionpack (8.1.3) lib/action_dispatch/middleware/show_exceptions.rb:32:in `call'
railties (8.1.3) lib/rails/rack/logger.rb:41:in `call_app'
railties (8.1.3) lib/rails/rack/logger.rb:29:in `call'
propshaft (1.3.2) lib/propshaft/quiet_assets.rb:11:in `call'
actionpack (8.1.3) lib/action_dispatch/middleware/remote_ip.rb:98:in `call'
actionpack (8.1.3) lib/action_dispatch/middleware/request_id.rb:34:in `call'
rack (3.2.6) lib/rack/method_override.rb:28:in `call'
rack (3.2.6) lib/rack/runtime.rb:24:in `call'
activesupport (8.1.3) lib/active_support/cache/strategy/local_cache_middleware.rb:30:in `call'
actionpack (8.1.3) lib/action_dispatch/middleware/server_timing.rb:61:in `block in call'
actionpack (8.1.3) lib/action_dispatch/middleware/server_timing.rb:26:in `collect_events'
actionpack (8.1.3) lib/action_dispatch/middleware/server_timing.rb:60:in `call'
actionpack (8.1.3) lib/action_dispatch/middleware/executor.rb:20:in `call'
propshaft (1.3.2) lib/propshaft/server.rb:37:in `call'
actionpack (8.1.3) lib/action_dispatch/middleware/static.rb:27:in `call'
rack (3.2.6) lib/rack/sendfile.rb:131:in `call'
actionpack (8.1.3) lib/action_dispatch/middleware/host_authorization.rb:143:in `call'
railties (8.1.3) lib/rails/engine.rb:534:in `call'
puma (8.0.1) lib/puma/configuration.rb:305:in `call'
puma (8.0.1) lib/puma/response.rb:79:in `block in handle_request'
puma (8.0.1) lib/puma/thread_pool.rb:434:in `with_force_shutdown'
puma (8.0.1) lib/puma/response.rb:78:in `handle_request'
puma (8.0.1) lib/puma/server.rb:508:in `process_client'
puma (8.0.1) lib/puma/server.rb:263:in `block in run'
puma (8.0.1) lib/puma/thread_pool.rb:246:in `block in spawn_thread'
Started GET "/events/1" for 127.0.0.1 at 2026-05-06 11:02:16 +0530
Processing by EventsController#show as HTML
  Parameters: {"id"=>"1"}
  [1m[36mEvent Load (0.4ms)[0m  [1m[34mSELECT "events".* FROM "events" WHERE "events"."id" = 1 LIMIT 1 /*action='show',application='BillettoAssignment',controller='events'*/[0m
  ↳ app/controllers/events_controller.rb:49:in `set_event'
  Rendering layout layouts/application.html.erb
  Rendering events/show.html.erb within layouts/application
  Rendered events/show.html.erb within layouts/application (Duration: 2.1ms | GC: 0.0ms)
  Rendered layout layouts/application.html.erb (Duration: 3.1ms | GC: 0.0ms)
Completed 200 OK in 6ms (Views: 3.6ms | ActiveRecord: 0.4ms (1 query, 0 cached) | GC: 0.0ms)


Started POST "/events/1/downvote" for 127.0.0.1 at 2026-05-06 11:02:16 +0530
Processing by EventsController#downvote as TURBO_STREAM
  Parameters: {"authenticity_token"=>"[FILTERED]", "commit"=>"ðŸ‘Ž Downvote", "id"=>"1"}
HTTP Origin header (http://127.0.0.1:36595) didn't match request.base_url (http://localhost:3000)
Completed 422 Unprocessable Content in 2ms (ActiveRecord: 0.0ms (0 queries, 0 cached) | GC: 0.0ms)


  
ActionController::InvalidAuthenticityToken (HTTP Origin header (http://127.0.0.1:36595) didn't match request.base_url (http://localhost:3000)):
  
actionpack (8.1.3) lib/action_controller/metal/request_forgery_protection.rb:321:in `handle_unverified_request'
actionpack (8.1.3) lib/action_controller/metal/request_forgery_protection.rb:415:in `handle_unverified_request'
actionpack (8.1.3) lib/action_controller/metal/request_forgery_protection.rb:404:in `verify_authenticity_token'
activesupport (8.1.3) lib/active_support/callbacks.rb:362:in `block in make_lambda'
activesupport (8.1.3) lib/active_support/callbacks.rb:179:in `block in call'
actionpack (8.1.3) lib/abstract_controller/callbacks.rb:36:in `block (2 levels) in <module:Callbacks>'
activesupport (8.1.3) lib/active_support/callbacks.rb:180:in `call'
activesupport (8.1.3) lib/active_support/callbacks.rb:560:in `block in invoke_before'
activesupport (8.1.3) lib/active_support/callbacks.rb:560:in `each'
activesupport (8.1.3) lib/active_support/callbacks.rb:560:in `invoke_before'
activesupport (8.1.3) lib/active_support/callbacks.rb:119:in `block in run_callbacks'
activesupport (8.1.3) lib/active_support/callbacks.rb:141:in `run_callbacks'
actionpack (8.1.3) lib/abstract_controller/callbacks.rb:266:in `process_action'
actionpack (8.1.3) lib/action_controller/metal/rescue.rb:36:in `process_action'
actionpack (8.1.3) lib/action_controller/metal/instrumentation.rb:76:in `block in process_action'
activesupport (8.1.3) lib/active_support/notifications.rb:210:in `block in instrument'
activesupport (8.1.3) lib/active_support/notifications/instrumenter.rb:58:in `instrument'
activesupport (8.1.3) lib/active_support/notifications.rb:210:in `instrument'
actionpack (8.1.3) lib/action_controller/metal/instrumentation.rb:75:in `process_action'
actionpack (8.1.3) lib/action_controller/metal/params_wrapper.rb:259:in `process_action'
activerecord (8.1.3) lib/active_record/railties/controller_runtime.rb:39:in `process_action'
actionpack (8.1.3) lib/abstract_controller/base.rb:154:in `process'
actionview (8.1.3) lib/action_view/rendering.rb:40:in `process'
actionpack (8.1.3) lib/action_controller/metal.rb:252:in `dispatch'
actionpack (8.1.3) lib/action_controller/metal.rb:335:in `dispatch'
actionpack (8.1.3) lib/action_dispatch/routing/route_set.rb:65:in `dispatch'
actionpack (8.1.3) lib/action_dispatch/routing/route_set.rb:50:in `serve'
actionpack (8.1.3) lib/action_dispatch/journey/router.rb:35:in `block in serve'
actionpack (8.1.3) lib/action_dispatch/journey/router.rb:86:in `block in recognize'
actionpack (8.1.3) lib/action_dispatch/journey/router.rb:66:in `each'
actionpack (8.1.3) lib/action_dispatch/journey/router.rb:66:in `recognize'
actionpack (8.1.3) lib/action_dispatch/journey/router.rb:31:in `serve'
actionpack (8.1.3) lib/action_dispatch/routing/route_set.rb:906:in `call'
railties (8.1.3) lib/rails/engine/lazy_route_set.rb:60:in `call'
rails_event_store (2.18.0) lib/rails_event_store/middleware.rb:11:in `block in call'
rails_event_store (2.18.0) lib/rails_event_store/client.rb:85:in `block in with_request_metadata'
ruby_event_store (2.18.0) lib/ruby_event_store/client.rb:301:in `with_metadata'
rails_event_store (2.18.0) lib/rails_event_store/client.rb:85:in `with_request_metadata'
rails_event_store (2.18.0) lib/rails_event_store/middleware.rb:11:in `call'
rack (3.2.6) lib/rack/tempfile_reaper.rb:20:in `call'
rack (3.2.6) lib/rack/etag.rb:29:in `call'
rack (3.2.6) lib/rack/conditional_get.rb:44:in `call'
rack (3.2.6) lib/rack/head.rb:15:in `call'
actionpack (8.1.3) lib/action_dispatch/http/content_security_policy.rb:38:in `call'
rack-session (2.1.2) lib/rack/session/abstract/id.rb:274:in `context'
rack-session (2.1.2) lib/rack/session/abstract/id.rb:268:in `call'
actionpack (8.1.3) lib/action_dispatch/middleware/cookies.rb:708:in `call'
activerecord (8.1.3) lib/active_record/migration.rb:671:in `call'
actionpack (8.1.3) lib/action_dispatch/middleware/callbacks.rb:31:in `block in call'
activesupport (8.1.3) lib/active_support/callbacks.rb:101:in `run_callbacks'
actionpack (8.1.3) lib/action_dispatch/middleware/callbacks.rb:30:in `call'
actionpack (8.1.3) lib/action_dispatch/middleware/executor.rb:20:in `call'
actionpack (8.1.3) lib/action_dispatch/middleware/actionable_exceptions.rb:18:in `call'
actionpack (8.1.3) lib/action_dispatch/middleware/debug_exceptions.rb:31:in `call'
web-console (4.3.0) lib/web_console/middleware.rb:132:in `call_app'
web-console (4.3.0) lib/web_console/middleware.rb:28:in `block in call'
web-console (4.3.0) lib/web_console/middleware.rb:17:in `catch'
web-console (4.3.0) lib/web_console/middleware.rb:17:in `call'
actionpack (8.1.3) lib/action_dispatch/middleware/show_exceptions.rb:32:in `call'
railties (8.1.3) lib/rails/rack/logger.rb:41:in `call_app'
railties (8.1.3) lib/rails/rack/logger.rb:29:in `call'
propshaft (1.3.2) lib/propshaft/quiet_assets.rb:11:in `call'
actionpack (8.1.3) lib/action_dispatch/middleware/remote_ip.rb:98:in `call'
actionpack (8.1.3) lib/action_dispatch/middleware/request_id.rb:34:in `call'
rack (3.2.6) lib/rack/method_override.rb:28:in `call'
rack (3.2.6) lib/rack/runtime.rb:24:in `call'
activesupport (8.1.3) lib/active_support/cache/strategy/local_cache_middleware.rb:30:in `call'
actionpack (8.1.3) lib/action_dispatch/middleware/server_timing.rb:61:in `block in call'
actionpack (8.1.3) lib/action_dispatch/middleware/server_timing.rb:26:in `collect_events'
actionpack (8.1.3) lib/action_dispatch/middleware/server_timing.rb:60:in `call'
actionpack (8.1.3) lib/action_dispatch/middleware/executor.rb:20:in `call'
propshaft (1.3.2) lib/propshaft/server.rb:37:in `call'
actionpack (8.1.3) lib/action_dispatch/middleware/static.rb:27:in `call'
rack (3.2.6) lib/rack/sendfile.rb:131:in `call'
actionpack (8.1.3) lib/action_dispatch/middleware/host_authorization.rb:143:in `call'
railties (8.1.3) lib/rails/engine.rb:534:in `call'
puma (8.0.1) lib/puma/configuration.rb:305:in `call'
puma (8.0.1) lib/puma/response.rb:79:in `block in handle_request'
puma (8.0.1) lib/puma/thread_pool.rb:434:in `with_force_shutdown'
puma (8.0.1) lib/puma/response.rb:78:in `handle_request'
puma (8.0.1) lib/puma/server.rb:508:in `process_client'
puma (8.0.1) lib/puma/server.rb:263:in `block in run'
puma (8.0.1) lib/puma/thread_pool.rb:246:in `block in spawn_thread'
Started GET "/events/1" for 127.0.0.1 at 2026-05-06 11:02:17 +0530
Processing by EventsController#show as HTML
  Parameters: {"id"=>"1"}
  [1m[36mEvent Load (0.5ms)[0m  [1m[34mSELECT "events".* FROM "events" WHERE "events"."id" = 1 LIMIT 1 /*action='show',application='BillettoAssignment',controller='events'*/[0m
  ↳ app/controllers/events_controller.rb:49:in `set_event'
  Rendering layout layouts/application.html.erb
  Rendering events/show.html.erb within layouts/application
  Rendered events/show.html.erb within layouts/application (Duration: 1.4ms | GC: 0.0ms)
  Rendered layout layouts/application.html.erb (Duration: 2.1ms | GC: 0.0ms)
Completed 200 OK in 5ms (Views: 2.6ms | ActiveRecord: 0.5ms (1 query, 0 cached) | GC: 0.0ms)


Started GET "/events/1" for 127.0.0.1 at 2026-05-06 11:02:18 +0530
Processing by EventsController#show as HTML
  Parameters: {"id"=>"1"}
  [1m[36mEvent Load (0.5ms)[0m  [1m[34mSELECT "events".* FROM "events" WHERE "events"."id" = 1 LIMIT 1 /*action='show',application='BillettoAssignment',controller='events'*/[0m
  ↳ app/controllers/events_controller.rb:49:in `set_event'
  Rendering layout layouts/application.html.erb
  Rendering events/show.html.erb within layouts/application
  Rendered events/show.html.erb within layouts/application (Duration: 2.0ms | GC: 0.0ms)
  Rendered layout layouts/application.html.erb (Duration: 3.1ms | GC: 0.0ms)
Completed 200 OK in 7ms (Views: 3.6ms | ActiveRecord: 0.5ms (1 query, 0 cached) | GC: 0.0ms)


Started GET "/" for 127.0.0.1 at 2026-05-06 11:02:20 +0530
Processing by EventsController#index as HTML
  Rendering layout layouts/application.html.erb
  Rendering events/index.html.erb within layouts/application
  [1m[36mEvent Exists? (0.5ms)[0m  [1m[34mSELECT 1 AS one FROM "events" LIMIT 1 OFFSET 0 /*action='index',application='BillettoAssignment',controller='events'*/[0m
  ↳ app/views/events/index.html.erb:11
  [1m[36mEvent Load (0.5ms)[0m  [1m[34mSELECT "events".* FROM "events" ORDER BY "events"."start_date" ASC LIMIT 12 OFFSET 0 /*action='index',application='BillettoAssignment',controller='events'*/[0m
  ↳ app/views/events/index.html.erb:22
  [1m[36mEvent Count (0.4ms)[0m  [1m[34mSELECT COUNT(*) FROM "events" /*action='index',application='BillettoAssignment',controller='events'*/[0m
  ↳ app/views/events/index.html.erb:76
  Rendered events/index.html.erb within layouts/application (Duration: 18.2ms | GC: 1.2ms)
  Rendered layout layouts/application.html.erb (Duration: 19.7ms | GC: 1.5ms)
Completed 200 OK in 22ms (Views: 18.9ms | ActiveRecord: 1.4ms (3 queries, 0 cached) | GC: 1.5ms)


Started GET "/events/1" for 127.0.0.1 at 2026-05-06 11:02:21 +0530
Processing by EventsController#show as HTML
  Parameters: {"id"=>"1"}
  [1m[36mEvent Load (1.5ms)[0m  [1m[34mSELECT "events".* FROM "events" WHERE "events"."id" = 1 LIMIT 1 /*action='show',application='BillettoAssignment',controller='events'*/[0m
  ↳ app/controllers/events_controller.rb:49:in `set_event'
  Rendering layout layouts/application.html.erb
  Rendering events/show.html.erb within layouts/application
  Rendered events/show.html.erb within layouts/application (Duration: 9.1ms | GC: 1.1ms)
  Rendered layout layouts/application.html.erb (Duration: 14.8ms | GC: 1.1ms)
Completed 200 OK in 26ms (Views: 16.6ms | ActiveRecord: 1.5ms (1 query, 0 cached) | GC: 1.1ms)


  [1m[36mEvent Load (0.9ms)[0m  [1m[34mSELECT "events".* FROM "events" ORDER BY "events"."id" DESC LIMIT 1 /*application='BillettoAssignment'*/[0m
  [1m[36mEvent Load (0.4ms)[0m  [1m[34mSELECT "events".* FROM "events" ORDER BY "events"."id" DESC LIMIT 1 /*application='BillettoAssignment'*/[0m
Started GET "/" for ::1 at 2026-05-06 11:05:56 +0530
  [1m[36mActiveRecord::SchemaMigration Load (0.5ms)[0m  [1m[34mSELECT "schema_migrations"."version" FROM "schema_migrations" ORDER BY "schema_migrations"."version" ASC /*application='BillettoAssignment'*/[0m
Processing by EventsController#index as HTML
  Rendering layout layouts/application.html.erb
  Rendering events/index.html.erb within layouts/application
  [1m[36mEvent Exists? (0.5ms)[0m  [1m[34mSELECT 1 AS one FROM "events" LIMIT 1 OFFSET 0 /*action='index',application='BillettoAssignment',controller='events'*/[0m
  ↳ app/views/events/index.html.erb:11
  [1m[36mEvent Load (0.7ms)[0m  [1m[34mSELECT "events".* FROM "events" ORDER BY "events"."start_date" ASC LIMIT 12 OFFSET 0 /*action='index',application='BillettoAssignment',controller='events'*/[0m
  ↳ app/views/events/index.html.erb:22
  [1m[36mEvent Count (0.4ms)[0m  [1m[34mSELECT COUNT(*) FROM "events" /*action='index',application='BillettoAssignment',controller='events'*/[0m
  ↳ app/views/events/index.html.erb:76
  Rendered events/index.html.erb within layouts/application (Duration: 32.1ms | GC: 0.0ms)
  Rendered layout layouts/application.html.erb (Duration: 42.3ms | GC: 0.0ms)
Completed 200 OK in 194ms (Views: 41.6ms | ActiveRecord: 9.4ms (3 queries, 0 cached) | GC: 13.5ms)


Started GET "/events/1" for ::1 at 2026-05-06 11:06:03 +0530
Processing by EventsController#show as HTML
  Parameters: {"id"=>"1"}
  [1m[36mEvent Load (0.6ms)[0m  [1m[34mSELECT "events".* FROM "events" WHERE "events"."id" = 1 LIMIT 1 /*action='show',application='BillettoAssignment',controller='events'*/[0m
  ↳ app/controllers/events_controller.rb:49:in `set_event'
  Rendering layout layouts/application.html.erb
  Rendering events/show.html.erb within layouts/application
  Rendered events/show.html.erb within layouts/application (Duration: 7.9ms | GC: 0.0ms)
  Rendered layout layouts/application.html.erb (Duration: 9.2ms | GC: 0.0ms)
Completed 200 OK in 14ms (Views: 9.8ms | ActiveRecord: 0.6ms (1 query, 0 cached) | GC: 0.0ms)


Started GET "/events/1" for ::1 at 2026-05-06 11:06:06 +0530
Processing by EventsController#show as HTML
  Parameters: {"id"=>"1"}
  [1m[36mEvent Load (1.0ms)[0m  [1m[34mSELECT "events".* FROM "events" WHERE "events"."id" = 1 LIMIT 1 /*action='show',application='BillettoAssignment',controller='events'*/[0m
  ↳ app/controllers/events_controller.rb:49:in `set_event'
  Rendering layout layouts/application.html.erb
  Rendering events/show.html.erb within layouts/application
  Rendered events/show.html.erb within layouts/application (Duration: 5.1ms | GC: 0.0ms)
  Rendered layout layouts/application.html.erb (Duration: 8.1ms | GC: 0.0ms)
Completed 200 OK in 16ms (Views: 9.2ms | ActiveRecord: 1.0ms (1 query, 0 cached) | GC: 0.0ms)


Started POST "/admin/events/import" for ::1 at 2026-05-06 11:06:07 +0530
Processing by Admin::EventsController#import as TURBO_STREAM
  Parameters: {"authenticity_token"=>"[FILTERED]", "commit"=>"Import Events"}
[ActiveJob] Enqueued ImportEventsJob (Job ID: 2ee83083-79f8-43a4-a279-6c6fdf855ad3) to Async(default)
[ActiveJob] ↳ app/controllers/admin/events_controller.rb:4:in `import'
Redirected to http://localhost:3002/
↳ app/controllers/admin/events_controller.rb:5:in `import'
Completed 302 Found in 20ms (ActiveRecord: 0.0ms (0 queries, 0 cached) | GC: 0.0ms)


[ActiveJob] [ImportEventsJob] [2ee83083-79f8-43a4-a279-6c6fdf855ad3] Performing ImportEventsJob (Job ID: 2ee83083-79f8-43a4-a279-6c6fdf855ad3) from Async(default) enqueued at 2026-05-06T05:36:07.171286338Z
[ActiveJob] [ImportEventsJob] [2ee83083-79f8-43a4-a279-6c6fdf855ad3] Performed ImportEventsJob (Job ID: 2ee83083-79f8-43a4-a279-6c6fdf855ad3) from Async(default) in 1.36ms
Started GET "/" for ::1 at 2026-05-06 11:06:07 +0530
Processing by EventsController#index as TURBO_STREAM
  Rendering layout layouts/application.html.erb
  Rendering events/index.html.erb within layouts/application
  [1m[36mEvent Exists? (0.4ms)[0m  [1m[34mSELECT 1 AS one FROM "events" LIMIT 1 OFFSET 0 /*action='index',application='BillettoAssignment',controller='events'*/[0m
  ↳ app/views/events/index.html.erb:11
  [1m[36mEvent Load (0.4ms)[0m  [1m[34mSELECT "events".* FROM "events" ORDER BY "events"."start_date" ASC LIMIT 12 OFFSET 0 /*action='index',application='BillettoAssignment',controller='events'*/[0m
  ↳ app/views/events/index.html.erb:22
  [1m[36mEvent Count (0.3ms)[0m  [1m[34mSELECT COUNT(*) FROM "events" /*action='index',application='BillettoAssignment',controller='events'*/[0m
  ↳ app/views/events/index.html.erb:76
  Rendered events/index.html.erb within layouts/application (Duration: 13.7ms | GC: 0.0ms)
  Rendered layout layouts/application.html.erb (Duration: 14.6ms | GC: 0.0ms)
Completed 200 OK in 16ms (Views: 13.9ms | ActiveRecord: 1.1ms (3 queries, 0 cached) | GC: 0.0ms)


Started GET "/events?filter=upcoming" for ::1 at 2026-05-06 11:06:26 +0530
Processing by EventsController#index as HTML
  Parameters: {"filter"=>"upcoming"}
  Rendering layout layouts/application.html.erb
  Rendering events/index.html.erb within layouts/application
  [1m[36mEvent Exists? (2.3ms)[0m  [1m[34mSELECT 1 AS one FROM "events" WHERE (start_date > '2026-05-06 05:36:26.446276') LIMIT 1 OFFSET 0 /*action='index',application='BillettoAssignment',controller='events'*/[0m
  ↳ app/views/events/index.html.erb:11
  [1m[36mEvent Load (2.0ms)[0m  [1m[34mSELECT "events".* FROM "events" WHERE (start_date > '2026-05-06 05:36:26.446276') ORDER BY "events"."start_date" ASC LIMIT 12 OFFSET 0 /*action='index',application='BillettoAssignment',controller='events'*/[0m
  ↳ app/views/events/index.html.erb:22
  [1m[36mEvent Count (0.7ms)[0m  [1m[34mSELECT COUNT(*) FROM "events" WHERE (start_date > '2026-05-06 05:36:26.446276') /*action='index',application='BillettoAssignment',controller='events'*/[0m
  ↳ app/views/events/index.html.erb:76
  Rendered events/index.html.erb within layouts/application (Duration: 64.1ms | GC: 0.0ms)
  Rendered layout layouts/application.html.erb (Duration: 66.6ms | GC: 0.0ms)
Completed 200 OK in 74ms (Views: 63.7ms | ActiveRecord: 4.9ms (3 queries, 0 cached) | GC: 0.0ms)


Started GET "/events/1" for ::1 at 2026-05-06 11:06:27 +0530
Processing by EventsController#show as HTML
  Parameters: {"id"=>"1"}
  [1m[36mEvent Load (1.7ms)[0m  [1m[34mSELECT "events".* FROM "events" WHERE "events"."id" = 1 LIMIT 1 /*action='show',application='BillettoAssignment',controller='events'*/[0m
  ↳ app/controllers/events_controller.rb:49:in `set_event'
  Rendering layout layouts/application.html.erb
  Rendering events/show.html.erb within layouts/application
  Rendered events/show.html.erb within layouts/application (Duration: 8.8ms | GC: 0.0ms)
  Rendered layout layouts/application.html.erb (Duration: 14.7ms | GC: 0.0ms)
Completed 200 OK in 26ms (Views: 16.2ms | ActiveRecord: 1.7ms (1 query, 0 cached) | GC: 0.0ms)


Started POST "/events/1/upvote" for ::1 at 2026-05-06 11:06:36 +0530
Processing by EventsController#upvote as TURBO_STREAM
  Parameters: {"authenticity_token"=>"[FILTERED]", "commit"=>"👍 Upvote", "id"=>"1"}
  [1m[36mEvent Load (0.9ms)[0m  [1m[34mSELECT "events".* FROM "events" WHERE "events"."id" = 1 LIMIT 1 /*action='upvote',application='BillettoAssignment',controller='events'*/[0m
  ↳ app/controllers/events_controller.rb:49:in `set_event'
  [1m[36mEvent Load (0.7ms)[0m  [1m[34mSELECT "events".* FROM "events" WHERE "events"."external_id" = 'sample-event-1' LIMIT 1 /*action='upvote',application='BillettoAssignment',controller='events'*/[0m
  ↳ app/domain/events/vote_command.rb:16:in `call'
  [1m[36mTRANSACTION (0.3ms)[0m  [1m[35mBEGIN /*action='upvote',application='BillettoAssignment',controller='events'*/[0m
  ↳ app/domain/events/vote_command.rb:23:in `call'
  [1m[36mRubyEventStore::ActiveRecord::Event Insert (1.8ms)[0m  [1m[32mINSERT INTO "event_store_events" ("event_id","data","metadata","event_type","created_at","valid_at") VALUES ('34e8b1ab-c5be-49d7-b7e7-ebc9170642f7', '\x2d2d2d0a3a6576656e745f69643a2073616d706c652d6576656e742d310a3a757365725f69643a2036363837343862622d333465352d346135612d383563622d3231343730316663316662630a', '\x2d2d2d0a3a72656d6f74655f69703a20223a3a31220a3a726571756573745f69643a2031373336643834362d633532302d346464632d623861312d6565643234626565626531320a3a636f7272656c6174696f6e5f69643a2036303939336137622d373066612d343966652d616566632d3562343131303430663864650a', 'Events::EventUpvoted', '2026-05-06 05:36:36.236903', NULL) RETURNING "id" /*action='upvote',application='BillettoAssignment',controller='events'*/[0m
  ↳ app/domain/events/vote_command.rb:23:in `call'
  [1m[36mTRANSACTION (0.2ms)[0m  [1m[31mROLLBACK /*action='upvote',application='BillettoAssignment',controller='events'*/[0m
  ↳ app/domain/events/vote_command.rb:23:in `call'
Completed 500 Internal Server Error in 39ms (ActiveRecord: 7.9ms (3 queries, 0 cached) | GC: 0.0ms)


  
ActiveRecord::NotNullViolation (PG::NotNullViolation: ERROR:  null value in column "valid_at" of relation "event_store_events" violates not-null constraint
DETAIL:  Failing row contains (40, \x2d2d2d0a3a6576656e745f69643a2073616d706c652d6576656e742d310a3a..., \x2d2d2d0a3a72656d6f74655f69703a20223a3a31220a3a726571756573745f..., 2026-05-06 05:36:36.236903, 34e8b1ab-c5be-49d7-b7e7-ebc9170642f7, Events::EventUpvoted, null).
)
Caused by: PG::NotNullViolation (ERROR:  null value in column "valid_at" of relation "event_store_events" violates not-null constraint
DETAIL:  Failing row contains (40, \x2d2d2d0a3a6576656e745f69643a2073616d706c652d6576656e742d310a3a..., \x2d2d2d0a3a72656d6f74655f69703a20223a3a31220a3a726571756573745f..., 2026-05-06 05:36:36.236903, 34e8b1ab-c5be-49d7-b7e7-ebc9170642f7, Events::EventUpvoted, null).
)

Information for: ActiveRecord::NotNullViolation (PG::NotNullViolation: ERROR:  null value in column "valid_at" of relation "event_store_events" violates not-null constraint
DETAIL:  Failing row contains (40, \x2d2d2d0a3a6576656e745f69643a2073616d706c652d6576656e742d310a3a..., \x2d2d2d0a3a72656d6f74655f69703a20223a3a31220a3a726571756573745f..., 2026-05-06 05:36:36.236903, 34e8b1ab-c5be-49d7-b7e7-ebc9170642f7, Events::EventUpvoted, null).
):
  

Information for cause: PG::NotNullViolation (ERROR:  null value in column "valid_at" of relation "event_store_events" violates not-null constraint
DETAIL:  Failing row contains (40, \x2d2d2d0a3a6576656e745f69643a2073616d706c652d6576656e742d310a3a..., \x2d2d2d0a3a72656d6f74655f69703a20223a3a31220a3a726571756573745f..., 2026-05-06 05:36:36.236903, 34e8b1ab-c5be-49d7-b7e7-ebc9170642f7, Events::EventUpvoted, null).
):
  
app/domain/events/vote_command.rb:23:in `call'
app/controllers/events_controller.rb:25:in `upvote'
Started POST "/events/1/upvote" for 127.0.0.1 at 2026-05-06 11:08:38 +0530
  [1m[36mActiveRecord::SchemaMigration Load (0.7ms)[0m  [1m[34mSELECT "schema_migrations"."version" FROM "schema_migrations" ORDER BY "schema_migrations"."version" ASC /*application='BillettoAssignment'*/[0m
Processing by EventsController#upvote as */*
  Parameters: {"id"=>"1"}
Can't verify CSRF token authenticity.
Completed 422 Unprocessable Content in 1ms (ActiveRecord: 0.0ms (0 queries, 0 cached) | GC: 0.0ms)


  
ActionController::InvalidAuthenticityToken (Can't verify CSRF token authenticity.):
  
actionpack (8.1.3) lib/action_controller/metal/request_forgery_protection.rb:321:in `handle_unverified_request'
actionpack (8.1.3) lib/action_controller/metal/request_forgery_protection.rb:415:in `handle_unverified_request'
actionpack (8.1.3) lib/action_controller/metal/request_forgery_protection.rb:404:in `verify_authenticity_token'
activesupport (8.1.3) lib/active_support/callbacks.rb:362:in `block in make_lambda'
activesupport (8.1.3) lib/active_support/callbacks.rb:179:in `block in call'
actionpack (8.1.3) lib/abstract_controller/callbacks.rb:36:in `block (2 levels) in <module:Callbacks>'
activesupport (8.1.3) lib/active_support/callbacks.rb:180:in `call'
activesupport (8.1.3) lib/active_support/callbacks.rb:560:in `block in invoke_before'
activesupport (8.1.3) lib/active_support/callbacks.rb:560:in `each'
activesupport (8.1.3) lib/active_support/callbacks.rb:560:in `invoke_before'
activesupport (8.1.3) lib/active_support/callbacks.rb:119:in `block in run_callbacks'
activesupport (8.1.3) lib/active_support/callbacks.rb:141:in `run_callbacks'
actionpack (8.1.3) lib/abstract_controller/callbacks.rb:266:in `process_action'
actionpack (8.1.3) lib/action_controller/metal/rescue.rb:36:in `process_action'
actionpack (8.1.3) lib/action_controller/metal/instrumentation.rb:76:in `block in process_action'
activesupport (8.1.3) lib/active_support/notifications.rb:210:in `block in instrument'
activesupport (8.1.3) lib/active_support/notifications/instrumenter.rb:58:in `instrument'
activesupport (8.1.3) lib/active_support/notifications.rb:210:in `instrument'
actionpack (8.1.3) lib/action_controller/metal/instrumentation.rb:75:in `process_action'
actionpack (8.1.3) lib/action_controller/metal/params_wrapper.rb:259:in `process_action'
activerecord (8.1.3) lib/active_record/railties/controller_runtime.rb:39:in `process_action'
actionpack (8.1.3) lib/abstract_controller/base.rb:154:in `process'
actionview (8.1.3) lib/action_view/rendering.rb:40:in `process'
actionpack (8.1.3) lib/action_controller/metal.rb:252:in `dispatch'
actionpack (8.1.3) lib/action_controller/metal.rb:335:in `dispatch'
actionpack (8.1.3) lib/action_dispatch/routing/route_set.rb:65:in `dispatch'
actionpack (8.1.3) lib/action_dispatch/routing/route_set.rb:50:in `serve'
actionpack (8.1.3) lib/action_dispatch/journey/router.rb:35:in `block in serve'
actionpack (8.1.3) lib/action_dispatch/journey/router.rb:86:in `block in recognize'
actionpack (8.1.3) lib/action_dispatch/journey/router.rb:66:in `each'
actionpack (8.1.3) lib/action_dispatch/journey/router.rb:66:in `recognize'
actionpack (8.1.3) lib/action_dispatch/journey/router.rb:31:in `serve'
actionpack (8.1.3) lib/action_dispatch/routing/route_set.rb:906:in `call'
railties (8.1.3) lib/rails/engine/lazy_route_set.rb:60:in `call'
rails_event_store (2.18.0) lib/rails_event_store/middleware.rb:11:in `block in call'
rails_event_store (2.18.0) lib/rails_event_store/client.rb:85:in `block in with_request_metadata'
ruby_event_store (2.18.0) lib/ruby_event_store/client.rb:301:in `with_metadata'
rails_event_store (2.18.0) lib/rails_event_store/client.rb:85:in `with_request_metadata'
rails_event_store (2.18.0) lib/rails_event_store/middleware.rb:11:in `call'
rack (3.2.6) lib/rack/tempfile_reaper.rb:20:in `call'
rack (3.2.6) lib/rack/etag.rb:29:in `call'
rack (3.2.6) lib/rack/conditional_get.rb:44:in `call'
rack (3.2.6) lib/rack/head.rb:15:in `call'
actionpack (8.1.3) lib/action_dispatch/http/content_security_policy.rb:38:in `call'
rack-session (2.1.2) lib/rack/session/abstract/id.rb:274:in `context'
rack-session (2.1.2) lib/rack/session/abstract/id.rb:268:in `call'
actionpack (8.1.3) lib/action_dispatch/middleware/cookies.rb:708:in `call'
activerecord (8.1.3) lib/active_record/migration.rb:671:in `call'
actionpack (8.1.3) lib/action_dispatch/middleware/callbacks.rb:31:in `block in call'
activesupport (8.1.3) lib/active_support/callbacks.rb:101:in `run_callbacks'
actionpack (8.1.3) lib/action_dispatch/middleware/callbacks.rb:30:in `call'
actionpack (8.1.3) lib/action_dispatch/middleware/executor.rb:20:in `call'
actionpack (8.1.3) lib/action_dispatch/middleware/actionable_exceptions.rb:18:in `call'
actionpack (8.1.3) lib/action_dispatch/middleware/debug_exceptions.rb:31:in `call'
web-console (4.3.0) lib/web_console/middleware.rb:132:in `call_app'
web-console (4.3.0) lib/web_console/middleware.rb:28:in `block in call'
web-console (4.3.0) lib/web_console/middleware.rb:17:in `catch'
web-console (4.3.0) lib/web_console/middleware.rb:17:in `call'
actionpack (8.1.3) lib/action_dispatch/middleware/show_exceptions.rb:32:in `call'
railties (8.1.3) lib/rails/rack/logger.rb:41:in `call_app'
railties (8.1.3) lib/rails/rack/logger.rb:29:in `call'
propshaft (1.3.2) lib/propshaft/quiet_assets.rb:11:in `call'
actionpack (8.1.3) lib/action_dispatch/middleware/remote_ip.rb:98:in `call'
actionpack (8.1.3) lib/action_dispatch/middleware/request_id.rb:34:in `call'
rack (3.2.6) lib/rack/method_override.rb:28:in `call'
rack (3.2.6) lib/rack/runtime.rb:24:in `call'
activesupport (8.1.3) lib/active_support/cache/strategy/local_cache_middleware.rb:30:in `call'
actionpack (8.1.3) lib/action_dispatch/middleware/server_timing.rb:61:in `block in call'
actionpack (8.1.3) lib/action_dispatch/middleware/server_timing.rb:26:in `collect_events'
actionpack (8.1.3) lib/action_dispatch/middleware/server_timing.rb:60:in `call'
actionpack (8.1.3) lib/action_dispatch/middleware/executor.rb:20:in `call'
propshaft (1.3.2) lib/propshaft/server.rb:37:in `call'
actionpack (8.1.3) lib/action_dispatch/middleware/static.rb:27:in `call'
rack (3.2.6) lib/rack/sendfile.rb:131:in `call'
actionpack (8.1.3) lib/action_dispatch/middleware/host_authorization.rb:143:in `call'
railties (8.1.3) lib/rails/engine.rb:534:in `call'
puma (8.0.1) lib/puma/configuration.rb:305:in `call'
puma (8.0.1) lib/puma/response.rb:79:in `block in handle_request'
puma (8.0.1) lib/puma/thread_pool.rb:434:in `with_force_shutdown'
puma (8.0.1) lib/puma/response.rb:78:in `handle_request'
puma (8.0.1) lib/puma/server.rb:508:in `process_client'
puma (8.0.1) lib/puma/server.rb:263:in `block in run'
puma (8.0.1) lib/puma/thread_pool.rb:246:in `block in spawn_thread'
Started GET "/events/1" for ::1 at 2026-05-06 11:10:32 +0530
  [1m[36mActiveRecord::SchemaMigration Load (0.5ms)[0m  [1m[34mSELECT "schema_migrations"."version" FROM "schema_migrations" ORDER BY "schema_migrations"."version" ASC /*application='BillettoAssignment'*/[0m
Processing by EventsController#show as HTML
  Parameters: {"id"=>"1"}
  [1m[36mEvent Load (0.5ms)[0m  [1m[34mSELECT "events".* FROM "events" WHERE "events"."id" = 1 LIMIT 1 /*action='show',application='BillettoAssignment',controller='events'*/[0m
  ↳ app/controllers/events_controller.rb:49:in `set_event'
  Rendering layout layouts/application.html.erb
  Rendering events/show.html.erb within layouts/application
  Rendered events/show.html.erb within layouts/application (Duration: 11.5ms | GC: 0.0ms)
  Rendered layout layouts/application.html.erb (Duration: 19.2ms | GC: 0.0ms)
Completed 200 OK in 183ms (Views: 22.8ms | ActiveRecord: 34.4ms (1 query, 0 cached) | GC: 15.1ms)


Started POST "/events/1/upvote" for ::1 at 2026-05-06 11:10:34 +0530
Processing by EventsController#upvote as TURBO_STREAM
  Parameters: {"authenticity_token"=>"[FILTERED]", "commit"=>"👍 Upvote", "id"=>"1"}
  [1m[36mEvent Load (1.6ms)[0m  [1m[34mSELECT "events".* FROM "events" WHERE "events"."id" = 1 LIMIT 1 /*action='upvote',application='BillettoAssignment',controller='events'*/[0m
  ↳ app/controllers/events_controller.rb:49:in `set_event'
  [1m[36mEvent Load (2.2ms)[0m  [1m[34mSELECT "events".* FROM "events" WHERE "events"."external_id" = 'sample-event-1' LIMIT 1 /*action='upvote',application='BillettoAssignment',controller='events'*/[0m
  ↳ app/domain/events/vote_command.rb:16:in `call'
  [1m[36mTRANSACTION (0.7ms)[0m  [1m[35mBEGIN /*action='upvote',application='BillettoAssignment',controller='events'*/[0m
  ↳ app/domain/events/vote_command.rb:23:in `call'
  [1m[36mRubyEventStore::ActiveRecord::Event Insert (3.7ms)[0m  [1m[32mINSERT INTO "event_store_events" ("event_id","data","metadata","event_type","created_at","valid_at") VALUES ('a61cd3c0-b575-434e-8967-318238f6c2a4', '\x2d2d2d0a3a6576656e745f69643a2073616d706c652d6576656e742d310a3a757365725f69643a2066393537313133382d343761342d343334662d616265332d6336313962306264323036660a', '\x2d2d2d0a3a72656d6f74655f69703a20223a3a31220a3a726571756573745f69643a2066393231623162382d343061392d343166312d383738622d3732346663313936653164610a3a636f7272656c6174696f6e5f69643a2030623135346431362d643039612d343661372d383863612d3536386361643634353538340a', 'Events::EventUpvoted', '2026-05-06 05:40:34.679038', NULL) RETURNING "id" /*action='upvote',application='BillettoAssignment',controller='events'*/[0m
  ↳ app/domain/events/vote_command.rb:23:in `call'
  [1m[36mTRANSACTION (0.6ms)[0m  [1m[31mROLLBACK /*action='upvote',application='BillettoAssignment',controller='events'*/[0m
  ↳ app/domain/events/vote_command.rb:23:in `call'
Completed 500 Internal Server Error in 60ms (ActiveRecord: 19.7ms (3 queries, 0 cached) | GC: 0.0ms)


  
ActiveRecord::NotNullViolation (PG::NotNullViolation: ERROR:  null value in column "valid_at" of relation "event_store_events" violates not-null constraint
DETAIL:  Failing row contains (41, \x2d2d2d0a3a6576656e745f69643a2073616d706c652d6576656e742d310a3a..., \x2d2d2d0a3a72656d6f74655f69703a20223a3a31220a3a726571756573745f..., 2026-05-06 05:40:34.679038, a61cd3c0-b575-434e-8967-318238f6c2a4, Events::EventUpvoted, null).
)
Caused by: PG::NotNullViolation (ERROR:  null value in column "valid_at" of relation "event_store_events" violates not-null constraint
DETAIL:  Failing row contains (41, \x2d2d2d0a3a6576656e745f69643a2073616d706c652d6576656e742d310a3a..., \x2d2d2d0a3a72656d6f74655f69703a20223a3a31220a3a726571756573745f..., 2026-05-06 05:40:34.679038, a61cd3c0-b575-434e-8967-318238f6c2a4, Events::EventUpvoted, null).
)

Information for: ActiveRecord::NotNullViolation (PG::NotNullViolation: ERROR:  null value in column "valid_at" of relation "event_store_events" violates not-null constraint
DETAIL:  Failing row contains (41, \x2d2d2d0a3a6576656e745f69643a2073616d706c652d6576656e742d310a3a..., \x2d2d2d0a3a72656d6f74655f69703a20223a3a31220a3a726571756573745f..., 2026-05-06 05:40:34.679038, a61cd3c0-b575-434e-8967-318238f6c2a4, Events::EventUpvoted, null).
):
  

Information for cause: PG::NotNullViolation (ERROR:  null value in column "valid_at" of relation "event_store_events" violates not-null constraint
DETAIL:  Failing row contains (41, \x2d2d2d0a3a6576656e745f69643a2073616d706c652d6576656e742d310a3a..., \x2d2d2d0a3a72656d6f74655f69703a20223a3a31220a3a726571756573745f..., 2026-05-06 05:40:34.679038, a61cd3c0-b575-434e-8967-318238f6c2a4, Events::EventUpvoted, null).
):
  
app/domain/events/vote_command.rb:23:in `call'
app/controllers/events_controller.rb:25:in `upvote'
Started GET "/events/1" for ::1 at 2026-05-06 11:11:21 +0530
Processing by EventsController#show as HTML
  Parameters: {"id"=>"1"}
  [1m[36mEvent Load (0.3ms)[0m  [1m[34mSELECT "events".* FROM "events" WHERE "events"."id" = 1 LIMIT 1 /*action='show',application='BillettoAssignment',controller='events'*/[0m
  ↳ app/controllers/events_controller.rb:49:in `set_event'
  Rendering layout layouts/application.html.erb
  Rendering events/show.html.erb within layouts/application
  Rendered events/show.html.erb within layouts/application (Duration: 2.8ms | GC: 0.0ms)
  Rendered layout layouts/application.html.erb (Duration: 9.5ms | GC: 4.2ms)
Completed 200 OK in 22ms (Views: 10.7ms | ActiveRecord: 2.3ms (1 query, 0 cached) | GC: 4.9ms)


Started POST "/events/1/upvote" for ::1 at 2026-05-06 11:11:23 +0530
Processing by EventsController#upvote as TURBO_STREAM
  Parameters: {"authenticity_token"=>"[FILTERED]", "commit"=>"👍 Upvote", "id"=>"1"}
  [1m[36mEvent Load (0.8ms)[0m  [1m[34mSELECT "events".* FROM "events" WHERE "events"."id" = 1 LIMIT 1 /*action='upvote',application='BillettoAssignment',controller='events'*/[0m
  ↳ app/controllers/events_controller.rb:49:in `set_event'
  [1m[36mEvent Load (0.5ms)[0m  [1m[34mSELECT "events".* FROM "events" WHERE "events"."external_id" = 'sample-event-1' LIMIT 1 /*action='upvote',application='BillettoAssignment',controller='events'*/[0m
  ↳ app/domain/events/vote_command.rb:16:in `call'
Completed 500 Internal Server Error in 15ms (ActiveRecord: 1.3ms (2 queries, 0 cached) | GC: 1.2ms)


  
NoMethodError (undefined method `pry' for #<Binding:0x0000746f357e2480>):
  
app/domain/events/vote_command.rb:23:in `call'
app/controllers/events_controller.rb:25:in `upvote'
Started GET "/events/1" for ::1 at 2026-05-06 11:11:30 +0530
Processing by EventsController#show as HTML
  Parameters: {"id"=>"1"}
  [1m[36mEvent Load (0.4ms)[0m  [1m[34mSELECT "events".* FROM "events" WHERE "events"."id" = 1 LIMIT 1 /*action='show',application='BillettoAssignment',controller='events'*/[0m
  ↳ app/controllers/events_controller.rb:49:in `set_event'
  Rendering layout layouts/application.html.erb
  Rendering events/show.html.erb within layouts/application
  Rendered events/show.html.erb within layouts/application (Duration: 2.1ms | GC: 0.0ms)
  Rendered layout layouts/application.html.erb (Duration: 4.4ms | GC: 0.1ms)
Completed 200 OK in 16ms (Views: 5.8ms | ActiveRecord: 2.1ms (1 query, 0 cached) | GC: 0.5ms)


Started POST "/events/1/upvote" for ::1 at 2026-05-06 11:11:31 +0530
Processing by EventsController#upvote as TURBO_STREAM
  Parameters: {"authenticity_token"=>"[FILTERED]", "commit"=>"👍 Upvote", "id"=>"1"}
  [1m[36mEvent Load (2.0ms)[0m  [1m[34mSELECT "events".* FROM "events" WHERE "events"."id" = 1 LIMIT 1 /*action='upvote',application='BillettoAssignment',controller='events'*/[0m
  ↳ app/controllers/events_controller.rb:49:in `set_event'
  [1m[36mEvent Load (0.7ms)[0m  [1m[34mSELECT "events".* FROM "events" WHERE "events"."external_id" = 'sample-event-1' LIMIT 1 /*action='upvote',application='BillettoAssignment',controller='events'*/[0m
  ↳ app/domain/events/vote_command.rb:16:in `call'
  [1m[36mTRANSACTION (0.2ms)[0m  [1m[35mBEGIN /*action='upvote',application='BillettoAssignment',controller='events'*/[0m
  ↳ (rdbg)//home/ashu/Project/billetto_assignment/app/domain/events/vote_command.rb:1:in `call'
  [1m[36mRubyEventStore::ActiveRecord::Event Insert (0.8ms)[0m  [1m[32mINSERT INTO "event_store_events" ("event_id","data","metadata","event_type","created_at","valid_at") VALUES ('7ae7e13b-52ab-4c56-ab0d-91a9c793475c', '\x2d2d2d0a3a6576656e745f69643a2073616d706c652d6576656e742d310a3a757365725f69643a2030663930363037332d396234622d343438662d623832302d3238616236376161663964360a', '\x2d2d2d0a3a72656d6f74655f69703a20223a3a31220a3a726571756573745f69643a2033656239666333342d363266332d343133322d383663352d3835323332326664383839660a3a636f7272656c6174696f6e5f69643a202730343438613762362d663163312d343166382d383737652d623966653866353861663563270a', 'Events::EventUpvoted', '2026-05-06 05:42:09.874639', NULL) RETURNING "id" /*action='upvote',application='BillettoAssignment',controller='events'*/[0m
  ↳ (rdbg)//home/ashu/Project/billetto_assignment/app/domain/events/vote_command.rb:1:in `call'
  [1m[36mTRANSACTION (0.2ms)[0m  [1m[31mROLLBACK /*action='upvote',application='BillettoAssignment',controller='events'*/[0m
  ↳ (rdbg)//home/ashu/Project/billetto_assignment/app/domain/events/vote_command.rb:1:in `call'
  [1m[36mEvent Update All (4.4ms)[0m  [1m[33mUPDATE "events" SET "upvotes_count" = COALESCE("events"."upvotes_count", 0) + 1 WHERE "events"."id" = 1 /*action='upvote',application='BillettoAssignment',controller='events'*/[0m
  ↳ (rdbg)//home/ashu/Project/billetto_assignment/app/domain/events/vote_command.rb:1:in `call'
Completed   in 66031ms (ActiveRecord: 10.1ms (4 queries, 0 cached) | GC: 29.0ms)


Started GET "/events/1" for ::1 at 2026-05-06 11:12:43 +0530
  [1m[36mActiveRecord::SchemaMigration Load (0.5ms)[0m  [1m[34mSELECT "schema_migrations"."version" FROM "schema_migrations" ORDER BY "schema_migrations"."version" ASC /*application='BillettoAssignment'*/[0m
Processing by EventsController#show as HTML
  Parameters: {"id"=>"1"}
  [1m[36mEvent Load (0.6ms)[0m  [1m[34mSELECT "events".* FROM "events" WHERE "events"."id" = 1 LIMIT 1 /*action='show',application='BillettoAssignment',controller='events'*/[0m
  ↳ app/controllers/events_controller.rb:49:in `set_event'
  Rendering layout layouts/application.html.erb
  Rendering events/show.html.erb within layouts/application
  Rendered events/show.html.erb within layouts/application (Duration: 10.4ms | GC: 0.0ms)
  Rendered layout layouts/application.html.erb (Duration: 17.6ms | GC: 0.0ms)
Completed 200 OK in 178ms (Views: 20.0ms | ActiveRecord: 35.2ms (1 query, 0 cached) | GC: 15.7ms)


Started POST "/events/1/upvote" for ::1 at 2026-05-06 11:12:45 +0530
Processing by EventsController#upvote as TURBO_STREAM
  Parameters: {"authenticity_token"=>"[FILTERED]", "commit"=>"👍 Upvote", "id"=>"1"}
  [1m[36mEvent Load (1.4ms)[0m  [1m[34mSELECT "events".* FROM "events" WHERE "events"."id" = 1 LIMIT 1 /*action='upvote',application='BillettoAssignment',controller='events'*/[0m
  ↳ app/controllers/events_controller.rb:49:in `set_event'
  [1m[36mEvent Load (1.1ms)[0m  [1m[34mSELECT "events".* FROM "events" WHERE "events"."external_id" = 'sample-event-1' LIMIT 1 /*action='upvote',application='BillettoAssignment',controller='events'*/[0m
  ↳ app/domain/events/vote_command.rb:16:in `call'
Completed   in 18084ms (ActiveRecord: 2.4ms (2 queries, 0 cached) | GC: 35.0ms)


Started POST "/events/1/upvote" for ::1 at 2026-05-06 11:13:18 +0530
  [1m[36mActiveRecord::SchemaMigration Load (0.5ms)[0m  [1m[34mSELECT "schema_migrations"."version" FROM "schema_migrations" ORDER BY "schema_migrations"."version" ASC /*application='BillettoAssignment'*/[0m
Processing by EventsController#upvote as TURBO_STREAM
  Parameters: {"authenticity_token"=>"[FILTERED]", "commit"=>"👍 Upvote", "id"=>"1"}
  [1m[36mEvent Load (0.5ms)[0m  [1m[34mSELECT "events".* FROM "events" WHERE "events"."id" = 1 LIMIT 1 /*action='upvote',application='BillettoAssignment',controller='events'*/[0m
  ↳ app/controllers/events_controller.rb:49:in `set_event'
  [1m[36mEvent Load (0.6ms)[0m  [1m[34mSELECT "events".* FROM "events" WHERE "events"."external_id" = 'sample-event-1' LIMIT 1 /*action='upvote',application='BillettoAssignment',controller='events'*/[0m
  ↳ app/domain/events/vote_command.rb:16:in `call'
  [1m[36mTRANSACTION (0.2ms)[0m  [1m[35mBEGIN /*action='upvote',application='BillettoAssignment',controller='events'*/[0m
  ↳ app/domain/events/vote_command.rb:24:in `call'
  [1m[36mRubyEventStore::ActiveRecord::Event Insert (0.8ms)[0m  [1m[32mINSERT INTO "event_store_events" ("event_id","data","metadata","event_type","created_at","valid_at") VALUES ('e5dbec76-a12a-4237-9bb4-ec9bdf4ba9ae', '\x2d2d2d0a3a6576656e745f69643a2073616d706c652d6576656e742d310a3a757365725f69643a2035656133346439352d666538332d343764392d613831642d6563326133366637306538380a', '\x2d2d2d0a3a72656d6f74655f69703a20223a3a31220a3a726571756573745f69643a2064313839316437382d396139612d343038362d623139632d6231616137366238616632630a3a636f7272656c6174696f6e5f69643a2039643166376661652d643361632d346537362d396434352d6337376530326237666230360a', 'Events::EventUpvoted', '2026-05-06 05:43:18.919000', NULL) RETURNING "id" /*action='upvote',application='BillettoAssignment',controller='events'*/[0m
  ↳ app/domain/events/vote_command.rb:24:in `call'
  [1m[36mTRANSACTION (0.1ms)[0m  [1m[31mROLLBACK /*action='upvote',application='BillettoAssignment',controller='events'*/[0m
  ↳ app/domain/events/vote_command.rb:24:in `call'
Completed 500 Internal Server Error in 61ms (ActiveRecord: 34.0ms (3 queries, 0 cached) | GC: 2.8ms)


  
ActiveRecord::NotNullViolation (PG::NotNullViolation: ERROR:  null value in column "valid_at" of relation "event_store_events" violates not-null constraint
DETAIL:  Failing row contains (43, \x2d2d2d0a3a6576656e745f69643a2073616d706c652d6576656e742d310a3a..., \x2d2d2d0a3a72656d6f74655f69703a20223a3a31220a3a726571756573745f..., 2026-05-06 05:43:18.919, e5dbec76-a12a-4237-9bb4-ec9bdf4ba9ae, Events::EventUpvoted, null).
)
Caused by: PG::NotNullViolation (ERROR:  null value in column "valid_at" of relation "event_store_events" violates not-null constraint
DETAIL:  Failing row contains (43, \x2d2d2d0a3a6576656e745f69643a2073616d706c652d6576656e742d310a3a..., \x2d2d2d0a3a72656d6f74655f69703a20223a3a31220a3a726571756573745f..., 2026-05-06 05:43:18.919, e5dbec76-a12a-4237-9bb4-ec9bdf4ba9ae, Events::EventUpvoted, null).
)

Information for: ActiveRecord::NotNullViolation (PG::NotNullViolation: ERROR:  null value in column "valid_at" of relation "event_store_events" violates not-null constraint
DETAIL:  Failing row contains (43, \x2d2d2d0a3a6576656e745f69643a2073616d706c652d6576656e742d310a3a..., \x2d2d2d0a3a72656d6f74655f69703a20223a3a31220a3a726571756573745f..., 2026-05-06 05:43:18.919, e5dbec76-a12a-4237-9bb4-ec9bdf4ba9ae, Events::EventUpvoted, null).
):
  

Information for cause: PG::NotNullViolation (ERROR:  null value in column "valid_at" of relation "event_store_events" violates not-null constraint
DETAIL:  Failing row contains (43, \x2d2d2d0a3a6576656e745f69643a2073616d706c652d6576656e742d310a3a..., \x2d2d2d0a3a72656d6f74655f69703a20223a3a31220a3a726571756573745f..., 2026-05-06 05:43:18.919, e5dbec76-a12a-4237-9bb4-ec9bdf4ba9ae, Events::EventUpvoted, null).
):
  
app/domain/events/vote_command.rb:24:in `call'
app/controllers/events_controller.rb:25:in `upvote'
Started GET "/events/1" for ::1 at 2026-05-06 11:20:07 +0530
  [1m[36mActiveRecord::SchemaMigration Load (0.5ms)[0m  [1m[34mSELECT "schema_migrations"."version" FROM "schema_migrations" ORDER BY "schema_migrations"."version" ASC /*application='BillettoAssignment'*/[0m
Processing by EventsController#show as HTML
  Parameters: {"id"=>"1"}
  [1m[36mEvent Load (0.7ms)[0m  [1m[34mSELECT "events".* FROM "events" WHERE "events"."id" = 1 LIMIT 1 /*action='show',application='BillettoAssignment',controller='events'*/[0m
  ↳ app/controllers/events_controller.rb:49:in `set_event'
  Rendering layout layouts/application.html.erb
  Rendering events/show.html.erb within layouts/application
  Rendered events/show.html.erb within layouts/application (Duration: 9.8ms | GC: 0.0ms)
  Rendered layout layouts/application.html.erb (Duration: 16.5ms | GC: 0.0ms)
Completed 200 OK in 169ms (Views: 18.9ms | ActiveRecord: 33.9ms (1 query, 0 cached) | GC: 14.7ms)


Started POST "/events/1/upvote" for ::1 at 2026-05-06 11:20:10 +0530
Processing by EventsController#upvote as TURBO_STREAM
  Parameters: {"authenticity_token"=>"[FILTERED]", "commit"=>"👍 Upvote", "id"=>"1"}
  [1m[36mEvent Load (0.5ms)[0m  [1m[34mSELECT "events".* FROM "events" WHERE "events"."id" = 1 LIMIT 1 /*action='upvote',application='BillettoAssignment',controller='events'*/[0m
  ↳ app/controllers/events_controller.rb:49:in `set_event'
  [1m[36mEvent Load (0.6ms)[0m  [1m[34mSELECT "events".* FROM "events" WHERE "events"."external_id" = 'sample-event-1' LIMIT 1 /*action='upvote',application='BillettoAssignment',controller='events'*/[0m
  ↳ app/domain/events/vote_command.rb:16:in `call'
  [1m[36mTRANSACTION (0.2ms)[0m  [1m[35mBEGIN /*action='upvote',application='BillettoAssignment',controller='events'*/[0m
  ↳ app/domain/events/vote_command.rb:23:in `call'
  [1m[36mRubyEventStore::ActiveRecord::Event Insert (1.1ms)[0m  [1m[32mINSERT INTO "event_store_events" ("event_id","data","metadata","event_type","created_at","valid_at") VALUES ('f543bf97-273e-402d-9b22-c4fc772c38ad', '\x2d2d2d0a3a6576656e745f69643a2073616d706c652d6576656e742d310a3a757365725f69643a2034373065396538372d643366662d346365382d393437362d3466343033323634343432330a', '\x2d2d2d0a3a72656d6f74655f69703a20223a3a31220a3a726571756573745f69643a2061643437313166632d643332642d346464392d383833342d3064333536383235303934640a3a636f7272656c6174696f6e5f69643a2031383530363065322d313435372d343133322d616533632d3734666366633531383364360a', 'Events::EventUpvoted', '2026-05-06 05:50:10.803644', NULL) RETURNING "id" /*action='upvote',application='BillettoAssignment',controller='events'*/[0m
  ↳ app/domain/events/vote_command.rb:23:in `call'
  [1m[36mTRANSACTION (0.2ms)[0m  [1m[31mROLLBACK /*action='upvote',application='BillettoAssignment',controller='events'*/[0m
  ↳ app/domain/events/vote_command.rb:23:in `call'
Completed 500 Internal Server Error in 17ms (ActiveRecord: 5.0ms (3 queries, 0 cached) | GC: 0.0ms)


  
ActiveRecord::NotNullViolation (PG::NotNullViolation: ERROR:  null value in column "valid_at" of relation "event_store_events" violates not-null constraint
DETAIL:  Failing row contains (44, \x2d2d2d0a3a6576656e745f69643a2073616d706c652d6576656e742d310a3a..., \x2d2d2d0a3a72656d6f74655f69703a20223a3a31220a3a726571756573745f..., 2026-05-06 05:50:10.803644, f543bf97-273e-402d-9b22-c4fc772c38ad, Events::EventUpvoted, null).
)
Caused by: PG::NotNullViolation (ERROR:  null value in column "valid_at" of relation "event_store_events" violates not-null constraint
DETAIL:  Failing row contains (44, \x2d2d2d0a3a6576656e745f69643a2073616d706c652d6576656e742d310a3a..., \x2d2d2d0a3a72656d6f74655f69703a20223a3a31220a3a726571756573745f..., 2026-05-06 05:50:10.803644, f543bf97-273e-402d-9b22-c4fc772c38ad, Events::EventUpvoted, null).
)

Information for: ActiveRecord::NotNullViolation (PG::NotNullViolation: ERROR:  null value in column "valid_at" of relation "event_store_events" violates not-null constraint
DETAIL:  Failing row contains (44, \x2d2d2d0a3a6576656e745f69643a2073616d706c652d6576656e742d310a3a..., \x2d2d2d0a3a72656d6f74655f69703a20223a3a31220a3a726571756573745f..., 2026-05-06 05:50:10.803644, f543bf97-273e-402d-9b22-c4fc772c38ad, Events::EventUpvoted, null).
):
  

Information for cause: PG::NotNullViolation (ERROR:  null value in column "valid_at" of relation "event_store_events" violates not-null constraint
DETAIL:  Failing row contains (44, \x2d2d2d0a3a6576656e745f69643a2073616d706c652d6576656e742d310a3a..., \x2d2d2d0a3a72656d6f74655f69703a20223a3a31220a3a726571756573745f..., 2026-05-06 05:50:10.803644, f543bf97-273e-402d-9b22-c4fc772c38ad, Events::EventUpvoted, null).
):
  
app/domain/events/vote_command.rb:23:in `call'
app/controllers/events_controller.rb:25:in `upvote'
Started GET "/events/1" for ::1 at 2026-05-06 11:20:40 +0530
Processing by EventsController#show as HTML
  Parameters: {"id"=>"1"}
  [1m[36mEvent Load (0.5ms)[0m  [1m[34mSELECT "events".* FROM "events" WHERE "events"."id" = 1 LIMIT 1 /*action='show',application='BillettoAssignment',controller='events'*/[0m
  ↳ app/controllers/events_controller.rb:49:in `set_event'
  Rendering layout layouts/application.html.erb
  Rendering events/show.html.erb within layouts/application
  Rendered events/show.html.erb within layouts/application (Duration: 2.9ms | GC: 0.2ms)
  Rendered layout layouts/application.html.erb (Duration: 5.8ms | GC: 0.2ms)
Completed 200 OK in 9ms (Views: 6.6ms | ActiveRecord: 0.5ms (1 query, 0 cached) | GC: 0.2ms)


Started POST "/events/1/upvote" for ::1 at 2026-05-06 11:20:41 +0530
Processing by EventsController#upvote as TURBO_STREAM
  Parameters: {"authenticity_token"=>"[FILTERED]", "commit"=>"👍 Upvote", "id"=>"1"}
  [1m[36mEvent Load (0.4ms)[0m  [1m[34mSELECT "events".* FROM "events" WHERE "events"."id" = 1 LIMIT 1 /*action='upvote',application='BillettoAssignment',controller='events'*/[0m
  ↳ app/controllers/events_controller.rb:49:in `set_event'
  [1m[36mEvent Load (0.3ms)[0m  [1m[34mSELECT "events".* FROM "events" WHERE "events"."external_id" = 'sample-event-1' LIMIT 1 /*action='upvote',application='BillettoAssignment',controller='events'*/[0m
  ↳ app/domain/events/vote_command.rb:16:in `call'
  [1m[36mTRANSACTION (0.2ms)[0m  [1m[35mBEGIN /*action='upvote',application='BillettoAssignment',controller='events'*/[0m
  ↳ app/domain/events/vote_command.rb:23:in `call'
  [1m[36mRubyEventStore::ActiveRecord::Event Insert (2.2ms)[0m  [1m[32mINSERT INTO "event_store_events" ("event_id","data","metadata","event_type","created_at","valid_at") VALUES ('e804100b-b0c4-4c30-b82a-8af4d24b1a85', '\x2d2d2d0a3a6576656e745f69643a2073616d706c652d6576656e742d310a3a757365725f69643a2032646136616563342d623737642d343838392d393633382d3466643237306430616663640a', '\x2d2d2d0a3a72656d6f74655f69703a20223a3a31220a3a726571756573745f69643a2064313137613366302d303335392d343239362d613365362d3631373661616435336534660a3a636f7272656c6174696f6e5f69643a2061376262396230332d306161622d343836642d393137632d6261633166653137353730390a', 'Events::EventUpvoted', '2026-05-06 05:50:41.506357', NULL) RETURNING "id" /*action='upvote',application='BillettoAssignment',controller='events'*/[0m
  ↳ app/domain/events/vote_command.rb:23:in `call'
  [1m[36mTRANSACTION (0.2ms)[0m  [1m[31mROLLBACK /*action='upvote',application='BillettoAssignment',controller='events'*/[0m
  ↳ app/domain/events/vote_command.rb:23:in `call'
Completed 500 Internal Server Error in 10ms (ActiveRecord: 3.2ms (3 queries, 0 cached) | GC: 0.3ms)


  
ActiveRecord::NotNullViolation (PG::NotNullViolation: ERROR:  null value in column "valid_at" of relation "event_store_events" violates not-null constraint
DETAIL:  Failing row contains (45, \x2d2d2d0a3a6576656e745f69643a2073616d706c652d6576656e742d310a3a..., \x2d2d2d0a3a72656d6f74655f69703a20223a3a31220a3a726571756573745f..., 2026-05-06 05:50:41.506357, e804100b-b0c4-4c30-b82a-8af4d24b1a85, Events::EventUpvoted, null).
)
Caused by: PG::NotNullViolation (ERROR:  null value in column "valid_at" of relation "event_store_events" violates not-null constraint
DETAIL:  Failing row contains (45, \x2d2d2d0a3a6576656e745f69643a2073616d706c652d6576656e742d310a3a..., \x2d2d2d0a3a72656d6f74655f69703a20223a3a31220a3a726571756573745f..., 2026-05-06 05:50:41.506357, e804100b-b0c4-4c30-b82a-8af4d24b1a85, Events::EventUpvoted, null).
)

Information for: ActiveRecord::NotNullViolation (PG::NotNullViolation: ERROR:  null value in column "valid_at" of relation "event_store_events" violates not-null constraint
DETAIL:  Failing row contains (45, \x2d2d2d0a3a6576656e745f69643a2073616d706c652d6576656e742d310a3a..., \x2d2d2d0a3a72656d6f74655f69703a20223a3a31220a3a726571756573745f..., 2026-05-06 05:50:41.506357, e804100b-b0c4-4c30-b82a-8af4d24b1a85, Events::EventUpvoted, null).
):
  

Information for cause: PG::NotNullViolation (ERROR:  null value in column "valid_at" of relation "event_store_events" violates not-null constraint
DETAIL:  Failing row contains (45, \x2d2d2d0a3a6576656e745f69643a2073616d706c652d6576656e742d310a3a..., \x2d2d2d0a3a72656d6f74655f69703a20223a3a31220a3a726571756573745f..., 2026-05-06 05:50:41.506357, e804100b-b0c4-4c30-b82a-8af4d24b1a85, Events::EventUpvoted, null).
):
  
app/domain/events/vote_command.rb:23:in `call'
app/controllers/events_controller.rb:25:in `upvote'
Started GET "/events/1" for ::1 at 2026-05-06 11:22:27 +0530
Processing by EventsController#show as HTML
  Parameters: {"id"=>"1"}
  [1m[36mEvent Load (0.3ms)[0m  [1m[34mSELECT "events".* FROM "events" WHERE "events"."id" = 1 LIMIT 1 /*action='show',application='BillettoAssignment',controller='events'*/[0m
  ↳ app/controllers/events_controller.rb:49:in `set_event'
  Rendering layout layouts/application.html.erb
  Rendering events/show.html.erb within layouts/application
  Rendered events/show.html.erb within layouts/application (Duration: 3.2ms | GC: 0.0ms)
  Rendered layout layouts/application.html.erb (Duration: 5.8ms | GC: 0.1ms)
Completed 200 OK in 17ms (Views: 7.4ms | ActiveRecord: 2.1ms (1 query, 0 cached) | GC: 0.7ms)


Started POST "/events/1/upvote" for ::1 at 2026-05-06 11:22:28 +0530
Processing by EventsController#upvote as TURBO_STREAM
  Parameters: {"authenticity_token"=>"[FILTERED]", "commit"=>"👍 Upvote", "id"=>"1"}
  [1m[36mEvent Load (1.9ms)[0m  [1m[34mSELECT "events".* FROM "events" WHERE "events"."id" = 1 LIMIT 1 /*action='upvote',application='BillettoAssignment',controller='events'*/[0m
  ↳ app/controllers/events_controller.rb:49:in `set_event'
  [1m[36mEvent Load (1.6ms)[0m  [1m[34mSELECT "events".* FROM "events" WHERE "events"."external_id" = 'sample-event-1' LIMIT 1 /*action='upvote',application='BillettoAssignment',controller='events'*/[0m
  ↳ app/domain/events/vote_command.rb:16:in `call'
Completed 500 Internal Server Error in 31ms (ActiveRecord: 3.4ms (2 queries, 0 cached) | GC: 0.6ms)


  
ArgumentError (unknown keyword: :valid_at):
  
app/domain/events/vote_command.rb:24:in `new'
app/domain/events/vote_command.rb:24:in `call'
app/controllers/events_controller.rb:25:in `upvote'
  [1m[35m (0.3ms)[0m  [1m[34mSELECT pg_try_advisory_lock(7094269135862637120) /*application='BillettoAssignment'*/[0m
  [1m[36mActiveRecord::SchemaMigration Load (0.5ms)[0m  [1m[34mSELECT "schema_migrations"."version" FROM "schema_migrations" ORDER BY "schema_migrations"."version" ASC /*application='BillettoAssignment'*/[0m
  [1m[36mActiveRecord::InternalMetadata Load (0.6ms)[0m  [1m[34mSELECT * FROM "ar_internal_metadata" WHERE "ar_internal_metadata"."key" = 'environment' ORDER BY "ar_internal_metadata"."key" ASC LIMIT 1 /*application='BillettoAssignment'*/[0m
Migrating to MakeValidAtNullable (20260506055455)
  [1m[36mTRANSACTION (0.2ms)[0m  [1m[35mBEGIN /*application='BillettoAssignment'*/[0m
  [1m[35m (1.4ms)[0m  [1m[35mALTER TABLE "event_store_events" ALTER COLUMN "valid_at" DROP NOT NULL /*application='BillettoAssignment'*/[0m
  [1m[36mActiveRecord::SchemaMigration Create (0.3ms)[0m  [1m[32mINSERT INTO "schema_migrations" ("version") VALUES ('20260506055455') RETURNING "version" /*application='BillettoAssignment'*/[0m
  [1m[36mTRANSACTION (1.1ms)[0m  [1m[35mCOMMIT /*application='BillettoAssignment'*/[0m
  [1m[35m (0.3ms)[0m  [1m[34mSELECT pg_advisory_unlock(7094269135862637120) /*application='BillettoAssignment'*/[0m
  [1m[36mActiveRecord::SchemaMigration Load (0.2ms)[0m  [1m[34mSELECT "schema_migrations"."version" FROM "schema_migrations" ORDER BY "schema_migrations"."version" ASC /*application='BillettoAssignment'*/[0m
  [1m[35mSQL (0.2ms)[0m  [1m[35mSET search_path TO public /*application='BillettoAssignment'*/[0m
  [1m[35mSQL (0.1ms)[0m  [1m[35mSET search_path TO "$user", public /*application='BillettoAssignment'*/[0m
  [1m[35mSQL (0.2ms)[0m  [1m[35mSET search_path TO public /*application='BillettoAssignment'*/[0m
  [1m[35mSQL (0.2ms)[0m  [1m[35mSET search_path TO "$user", public /*application='BillettoAssignment'*/[0m
Started GET "/events/1" for ::1 at 2026-05-06 11:25:26 +0530
  [1m[36mActiveRecord::SchemaMigration Load (0.4ms)[0m  [1m[34mSELECT "schema_migrations"."version" FROM "schema_migrations" ORDER BY "schema_migrations"."version" ASC /*application='BillettoAssignment'*/[0m
Processing by EventsController#show as HTML
  Parameters: {"id"=>"1"}
  [1m[36mEvent Load (0.2ms)[0m  [1m[34mSELECT "events".* FROM "events" WHERE "events"."id" = 1 LIMIT 1 /*action='show',application='BillettoAssignment',controller='events'*/[0m
  ↳ app/controllers/events_controller.rb:49:in `set_event'
  Rendering layout layouts/application.html.erb
  Rendering events/show.html.erb within layouts/application
  Rendered events/show.html.erb within layouts/application (Duration: 2.6ms | GC: 0.0ms)
  Rendered layout layouts/application.html.erb (Duration: 5.2ms | GC: 0.0ms)
Completed 200 OK in 19ms (Views: 6.4ms | ActiveRecord: 1.8ms (1 query, 0 cached) | GC: 0.2ms)


Started POST "/events/1/upvote" for ::1 at 2026-05-06 11:25:29 +0530
Processing by EventsController#upvote as TURBO_STREAM
  Parameters: {"authenticity_token"=>"[FILTERED]", "commit"=>"👍 Upvote", "id"=>"1"}
  [1m[36mEvent Load (1.7ms)[0m  [1m[34mSELECT "events".* FROM "events" WHERE "events"."id" = 1 LIMIT 1 /*action='upvote',application='BillettoAssignment',controller='events'*/[0m
  ↳ app/controllers/events_controller.rb:49:in `set_event'
  [1m[36mEvent Load (0.9ms)[0m  [1m[34mSELECT "events".* FROM "events" WHERE "events"."external_id" = 'sample-event-1' LIMIT 1 /*action='upvote',application='BillettoAssignment',controller='events'*/[0m
  ↳ app/domain/events/vote_command.rb:16:in `call'
Completed 500 Internal Server Error in 26ms (ActiveRecord: 2.6ms (2 queries, 0 cached) | GC: 0.0ms)


  
ArgumentError (unknown keyword: :valid_at):
  
app/domain/events/vote_command.rb:24:in `new'
app/domain/events/vote_command.rb:24:in `call'
app/controllers/events_controller.rb:25:in `upvote'
Started GET "/" for ::1 at 2026-05-06 11:25:32 +0530
Processing by EventsController#index as HTML
  Rendering layout layouts/application.html.erb
  Rendering events/index.html.erb within layouts/application
  [1m[36mEvent Exists? (0.6ms)[0m  [1m[34mSELECT 1 AS one FROM "events" LIMIT 1 OFFSET 0 /*action='index',application='BillettoAssignment',controller='events'*/[0m
  ↳ app/views/events/index.html.erb:11
  [1m[36mEvent Load (0.8ms)[0m  [1m[34mSELECT "events".* FROM "events" ORDER BY "events"."start_date" ASC LIMIT 12 OFFSET 0 /*action='index',application='BillettoAssignment',controller='events'*/[0m
  ↳ app/views/events/index.html.erb:22
  [1m[36mEvent Count (0.6ms)[0m  [1m[34mSELECT COUNT(*) FROM "events" /*action='index',application='BillettoAssignment',controller='events'*/[0m
  ↳ app/views/events/index.html.erb:76
  Rendered events/index.html.erb within layouts/application (Duration: 28.2ms | GC: 1.1ms)
  Rendered layout layouts/application.html.erb (Duration: 29.7ms | GC: 1.1ms)
Completed 200 OK in 38ms (Views: 29.3ms | ActiveRecord: 2.0ms (3 queries, 0 cached) | GC: 1.1ms)


Started GET "/events/6" for ::1 at 2026-05-06 11:25:34 +0530
Processing by EventsController#show as HTML
  Parameters: {"id"=>"6"}
  [1m[36mEvent Load (1.7ms)[0m  [1m[34mSELECT "events".* FROM "events" WHERE "events"."id" = 6 LIMIT 1 /*action='show',application='BillettoAssignment',controller='events'*/[0m
  ↳ app/controllers/events_controller.rb:49:in `set_event'
  Rendering layout layouts/application.html.erb
  Rendering events/show.html.erb within layouts/application
  Rendered events/show.html.erb within layouts/application (Duration: 5.4ms | GC: 0.0ms)
  Rendered layout layouts/application.html.erb (Duration: 7.9ms | GC: 0.0ms)
Completed 200 OK in 22ms (Views: 11.0ms | ActiveRecord: 1.7ms (1 query, 0 cached) | GC: 0.8ms)


Started GET "/events/6" for ::1 at 2026-05-06 11:25:35 +0530
Processing by EventsController#show as HTML
  Parameters: {"id"=>"6"}
  [1m[36mEvent Load (0.4ms)[0m  [1m[34mSELECT "events".* FROM "events" WHERE "events"."id" = 6 LIMIT 1 /*action='show',application='BillettoAssignment',controller='events'*/[0m
  ↳ app/controllers/events_controller.rb:49:in `set_event'
  Rendering layout layouts/application.html.erb
  Rendering events/show.html.erb within layouts/application
  Rendered events/show.html.erb within layouts/application (Duration: 1.8ms | GC: 0.2ms)
  Rendered layout layouts/application.html.erb (Duration: 3.2ms | GC: 0.2ms)
Completed 200 OK in 6ms (Views: 3.6ms | ActiveRecord: 0.4ms (1 query, 0 cached) | GC: 0.4ms)


Started POST "/events/6/upvote" for ::1 at 2026-05-06 11:25:36 +0530
Processing by EventsController#upvote as TURBO_STREAM
  Parameters: {"authenticity_token"=>"[FILTERED]", "commit"=>"👍", "id"=>"6"}
  [1m[36mEvent Load (0.4ms)[0m  [1m[34mSELECT "events".* FROM "events" WHERE "events"."id" = 6 LIMIT 1 /*action='upvote',application='BillettoAssignment',controller='events'*/[0m
  ↳ app/controllers/events_controller.rb:49:in `set_event'
  [1m[36mEvent Load (0.3ms)[0m  [1m[34mSELECT "events".* FROM "events" WHERE "events"."external_id" = 'sample-event-a3c025ae' LIMIT 1 /*action='upvote',application='BillettoAssignment',controller='events'*/[0m
  ↳ app/domain/events/vote_command.rb:16:in `call'
Completed 500 Internal Server Error in 4ms (ActiveRecord: 0.6ms (2 queries, 0 cached) | GC: 0.0ms)


  
ArgumentError (unknown keyword: :valid_at):
  
app/domain/events/vote_command.rb:24:in `new'
app/domain/events/vote_command.rb:24:in `call'
app/controllers/events_controller.rb:25:in `upvote'
Started GET "/" for ::1 at 2026-05-06 11:27:54 +0530
Processing by EventsController#index as HTML
  Rendering layout layouts/application.html.erb
  Rendering events/index.html.erb within layouts/application
  [1m[36mEvent Exists? (0.4ms)[0m  [1m[34mSELECT 1 AS one FROM "events" LIMIT 1 OFFSET 0 /*action='index',application='BillettoAssignment',controller='events'*/[0m
  ↳ app/views/events/index.html.erb:11
  [1m[36mEvent Load (0.4ms)[0m  [1m[34mSELECT "events".* FROM "events" ORDER BY "events"."start_date" ASC LIMIT 12 OFFSET 0 /*action='index',application='BillettoAssignment',controller='events'*/[0m
  ↳ app/views/events/index.html.erb:22
  [1m[36mEvent Count (0.4ms)[0m  [1m[34mSELECT COUNT(*) FROM "events" /*action='index',application='BillettoAssignment',controller='events'*/[0m
  ↳ app/views/events/index.html.erb:76
  Rendered events/index.html.erb within layouts/application (Duration: 22.1ms | GC: 0.0ms)
  Rendered layout layouts/application.html.erb (Duration: 29.0ms | GC: 4.0ms)
Completed 200 OK in 34ms (Views: 27.7ms | ActiveRecord: 3.2ms (3 queries, 0 cached) | GC: 4.0ms)


Started GET "/events/6" for ::1 at 2026-05-06 11:27:55 +0530
Processing by EventsController#show as HTML
  Parameters: {"id"=>"6"}
  [1m[36mEvent Load (1.3ms)[0m  [1m[34mSELECT "events".* FROM "events" WHERE "events"."id" = 6 LIMIT 1 /*action='show',application='BillettoAssignment',controller='events'*/[0m
  ↳ app/controllers/events_controller.rb:49:in `set_event'
  Rendering layout layouts/application.html.erb
  Rendering events/show.html.erb within layouts/application
  Rendered events/show.html.erb within layouts/application (Duration: 15.5ms | GC: 1.8ms)
  Rendered layout layouts/application.html.erb (Duration: 20.5ms | GC: 1.8ms)
Completed 200 OK in 34ms (Views: 22.8ms | ActiveRecord: 1.3ms (1 query, 0 cached) | GC: 1.8ms)


Started POST "/events/6/upvote" for ::1 at 2026-05-06 11:27:57 +0530
Processing by EventsController#upvote as TURBO_STREAM
  Parameters: {"authenticity_token"=>"[FILTERED]", "commit"=>"👍", "id"=>"6"}
  [1m[36mEvent Load (2.0ms)[0m  [1m[34mSELECT "events".* FROM "events" WHERE "events"."id" = 6 LIMIT 1 /*action='upvote',application='BillettoAssignment',controller='events'*/[0m
  ↳ app/controllers/events_controller.rb:49:in `set_event'
  [1m[36mEvent Load (0.8ms)[0m  [1m[34mSELECT "events".* FROM "events" WHERE "events"."external_id" = 'sample-event-a3c025ae' LIMIT 1 /*action='upvote',application='BillettoAssignment',controller='events'*/[0m
  ↳ app/domain/events/vote_command.rb:16:in `call'
  [1m[36mTRANSACTION (0.3ms)[0m  [1m[35mBEGIN /*action='upvote',application='BillettoAssignment',controller='events'*/[0m
  ↳ app/domain/events/vote_command.rb:23:in `call'
  [1m[36mRubyEventStore::ActiveRecord::Event Insert (3.7ms)[0m  [1m[32mINSERT INTO "event_store_events" ("event_id","data","metadata","event_type","created_at","valid_at") VALUES ('da844559-e522-4a75-a99a-3db0892dc689', '\x2d2d2d0a3a6576656e745f69643a2073616d706c652d6576656e742d61336330323561650a3a757365725f69643a2030363233333762342d653365362d343336312d613135352d3262326434663066326337310a', '\x2d2d2d0a3a72656d6f74655f69703a20223a3a31220a3a726571756573745f69643a2032653331333966642d363032382d346132302d626131372d3365316363386439343336300a3a636f7272656c6174696f6e5f69643a2033643436346339382d316666662d343966372d386666622d3164623335356564363032370a', 'Events::EventUpvoted', '2026-05-06 05:57:57.401869', NULL) RETURNING "id" /*action='upvote',application='BillettoAssignment',controller='events'*/[0m
  ↳ app/domain/events/vote_command.rb:23:in `call'
  [1m[36mTRANSACTION (1.1ms)[0m  [1m[35mCOMMIT /*action='upvote',application='BillettoAssignment',controller='events'*/[0m
  ↳ app/domain/events/vote_command.rb:23:in `call'
  [1m[36mEvent Update All (1.2ms)[0m  [1m[33mUPDATE "events" SET "upvotes_count" = COALESCE("events"."upvotes_count", 0) + 1 WHERE "events"."id" = 6 /*action='upvote',application='BillettoAssignment',controller='events'*/[0m
  ↳ app/domain/events/vote_command.rb:32:in `call'
Redirected to http://localhost:3002/events/6
↳ app/controllers/events_controller.rb:26:in `upvote'
Completed 302 Found in 38ms (ActiveRecord: 11.2ms (4 queries, 0 cached) | GC: 0.7ms)


Started GET "/events/6" for ::1 at 2026-05-06 11:27:57 +0530
Processing by EventsController#show as TURBO_STREAM
  Parameters: {"id"=>"6"}
  [1m[36mEvent Load (0.4ms)[0m  [1m[34mSELECT "events".* FROM "events" WHERE "events"."id" = 6 LIMIT 1 /*action='show',application='BillettoAssignment',controller='events'*/[0m
  ↳ app/controllers/events_controller.rb:49:in `set_event'
  Rendering layout layouts/application.html.erb
  Rendering events/show.html.erb within layouts/application
  Rendered events/show.html.erb within layouts/application (Duration: 2.3ms | GC: 0.3ms)
  Rendered layout layouts/application.html.erb (Duration: 3.4ms | GC: 0.3ms)
Completed 200 OK in 6ms (Views: 3.9ms | ActiveRecord: 0.4ms (1 query, 0 cached) | GC: 0.3ms)


Started GET "/events" for ::1 at 2026-05-06 11:28:01 +0530
Processing by EventsController#index as HTML
  Rendering layout layouts/application.html.erb
  Rendering events/index.html.erb within layouts/application
  [1m[36mEvent Exists? (1.9ms)[0m  [1m[34mSELECT 1 AS one FROM "events" LIMIT 1 OFFSET 0 /*action='index',application='BillettoAssignment',controller='events'*/[0m
  ↳ app/views/events/index.html.erb:11
  [1m[36mEvent Load (1.4ms)[0m  [1m[34mSELECT "events".* FROM "events" ORDER BY "events"."start_date" ASC LIMIT 12 OFFSET 0 /*action='index',application='BillettoAssignment',controller='events'*/[0m
  ↳ app/views/events/index.html.erb:22
  [1m[36mEvent Count (0.8ms)[0m  [1m[34mSELECT COUNT(*) FROM "events" /*action='index',application='BillettoAssignment',controller='events'*/[0m
  ↳ app/views/events/index.html.erb:76
  Rendered events/index.html.erb within layouts/application (Duration: 63.8ms | GC: 2.4ms)
  Rendered layout layouts/application.html.erb (Duration: 66.8ms | GC: 2.4ms)
Completed 200 OK in 71ms (Views: 64.3ms | ActiveRecord: 3.9ms (3 queries, 0 cached) | GC: 2.4ms)


Started GET "/events/6" for ::1 at 2026-05-06 11:28:03 +0530
Processing by EventsController#show as HTML
  Parameters: {"id"=>"6"}
  [1m[36mEvent Load (1.9ms)[0m  [1m[34mSELECT "events".* FROM "events" WHERE "events"."id" = 6 LIMIT 1 /*action='show',application='BillettoAssignment',controller='events'*/[0m
  ↳ app/controllers/events_controller.rb:49:in `set_event'
  Rendering layout layouts/application.html.erb
  Rendering events/show.html.erb within layouts/application
  Rendered events/show.html.erb within layouts/application (Duration: 10.6ms | GC: 1.6ms)
  Rendered layout layouts/application.html.erb (Duration: 15.7ms | GC: 1.6ms)
Completed 200 OK in 31ms (Views: 18.6ms | ActiveRecord: 1.8ms (1 query, 0 cached) | GC: 2.8ms)


Started POST "/events/1/upvote" for ::1 at 2026-05-06 11:28:04 +0530
Processing by EventsController#upvote as TURBO_STREAM
  Parameters: {"authenticity_token"=>"[FILTERED]", "commit"=>"👍", "id"=>"1"}
  [1m[36mEvent Load (1.4ms)[0m  [1m[34mSELECT "events".* FROM "events" WHERE "events"."id" = 1 LIMIT 1 /*action='upvote',application='BillettoAssignment',controller='events'*/[0m
  ↳ app/controllers/events_controller.rb:49:in `set_event'
  [1m[36mEvent Load (1.6ms)[0m  [1m[34mSELECT "events".* FROM "events" WHERE "events"."external_id" = 'sample-event-1' LIMIT 1 /*action='upvote',application='BillettoAssignment',controller='events'*/[0m
  ↳ app/domain/events/vote_command.rb:16:in `call'
  [1m[36mTRANSACTION (0.8ms)[0m  [1m[35mBEGIN /*action='upvote',application='BillettoAssignment',controller='events'*/[0m
  ↳ app/domain/events/vote_command.rb:23:in `call'
  [1m[36mRubyEventStore::ActiveRecord::Event Insert (6.5ms)[0m  [1m[32mINSERT INTO "event_store_events" ("event_id","data","metadata","event_type","created_at","valid_at") VALUES ('709ddd85-2ff9-4ce8-bfce-d6817f931098', '\x2d2d2d0a3a6576656e745f69643a2073616d706c652d6576656e742d310a3a757365725f69643a2030363233333762342d653365362d343336312d613135352d3262326434663066326337310a', '\x2d2d2d0a3a72656d6f74655f69703a20223a3a31220a3a726571756573745f69643a2037333733376161632d653764322d346463632d386665342d3632353536303032636539320a3a636f7272656c6174696f6e5f69643a2066633632313235372d363831312d343962612d613165652d3238353433633333346265380a', 'Events::EventUpvoted', '2026-05-06 05:58:04.090148', NULL) RETURNING "id" /*action='upvote',application='BillettoAssignment',controller='events'*/[0m
  ↳ app/domain/events/vote_command.rb:23:in `call'
  [1m[36mTRANSACTION (1.7ms)[0m  [1m[35mCOMMIT /*action='upvote',application='BillettoAssignment',controller='events'*/[0m
  ↳ app/domain/events/vote_command.rb:23:in `call'
  [1m[36mEvent Update All (1.5ms)[0m  [1m[33mUPDATE "events" SET "upvotes_count" = COALESCE("events"."upvotes_count", 0) + 1 WHERE "events"."id" = 1 /*action='upvote',application='BillettoAssignment',controller='events'*/[0m
  ↳ app/domain/events/vote_command.rb:32:in `call'
Redirected to http://localhost:3002/events/1
↳ app/controllers/events_controller.rb:26:in `upvote'
Completed 302 Found in 37ms (ActiveRecord: 13.3ms (4 queries, 0 cached) | GC: 0.3ms)


Started GET "/events/1" for ::1 at 2026-05-06 11:28:04 +0530
Processing by EventsController#show as TURBO_STREAM
  Parameters: {"id"=>"1"}
  [1m[36mEvent Load (0.5ms)[0m  [1m[34mSELECT "events".* FROM "events" WHERE "events"."id" = 1 LIMIT 1 /*action='show',application='BillettoAssignment',controller='events'*/[0m
  ↳ app/controllers/events_controller.rb:49:in `set_event'
  Rendering layout layouts/application.html.erb
  Rendering events/show.html.erb within layouts/application
  Rendered events/show.html.erb within layouts/application (Duration: 1.9ms | GC: 0.0ms)
  Rendered layout layouts/application.html.erb (Duration: 3.0ms | GC: 0.0ms)
Completed 200 OK in 6ms (Views: 3.6ms | ActiveRecord: 0.5ms (1 query, 0 cached) | GC: 0.0ms)


Started GET "/events" for ::1 at 2026-05-06 11:28:06 +0530
Processing by EventsController#index as HTML
  Rendering layout layouts/application.html.erb
  Rendering events/index.html.erb within layouts/application
  [1m[36mEvent Exists? (1.2ms)[0m  [1m[34mSELECT 1 AS one FROM "events" LIMIT 1 OFFSET 0 /*action='index',application='BillettoAssignment',controller='events'*/[0m
  ↳ app/views/events/index.html.erb:11
  [1m[36mEvent Load (2.8ms)[0m  [1m[34mSELECT "events".* FROM "events" ORDER BY "events"."start_date" ASC LIMIT 12 OFFSET 0 /*action='index',application='BillettoAssignment',controller='events'*/[0m
  ↳ app/views/events/index.html.erb:22
  [1m[36mEvent Count (0.7ms)[0m  [1m[34mSELECT COUNT(*) FROM "events" /*action='index',application='BillettoAssignment',controller='events'*/[0m
  ↳ app/views/events/index.html.erb:76
  Rendered events/index.html.erb within layouts/application (Duration: 59.1ms | GC: 1.2ms)
  Rendered layout layouts/application.html.erb (Duration: 61.3ms | GC: 1.2ms)
Completed 200 OK in 68ms (Views: 58.4ms | ActiveRecord: 4.7ms (3 queries, 0 cached) | GC: 1.2ms)


Started GET "/events/11" for ::1 at 2026-05-06 11:28:08 +0530
Processing by EventsController#show as HTML
  Parameters: {"id"=>"11"}
  [1m[36mEvent Load (0.6ms)[0m  [1m[34mSELECT "events".* FROM "events" WHERE "events"."id" = 11 LIMIT 1 /*action='show',application='BillettoAssignment',controller='events'*/[0m
  ↳ app/controllers/events_controller.rb:49:in `set_event'
  Rendering layout layouts/application.html.erb
  Rendering events/show.html.erb within layouts/application
  Rendered events/show.html.erb within layouts/application (Duration: 2.7ms | GC: 0.0ms)
  Rendered layout layouts/application.html.erb (Duration: 4.6ms | GC: 0.0ms)
Completed 200 OK in 9ms (Views: 5.3ms | ActiveRecord: 0.6ms (1 query, 0 cached) | GC: 0.0ms)


Started POST "/events/11/upvote" for ::1 at 2026-05-06 11:28:09 +0530
Processing by EventsController#upvote as TURBO_STREAM
  Parameters: {"authenticity_token"=>"[FILTERED]", "commit"=>"👍", "id"=>"11"}
  [1m[36mEvent Load (1.0ms)[0m  [1m[34mSELECT "events".* FROM "events" WHERE "events"."id" = 11 LIMIT 1 /*action='upvote',application='BillettoAssignment',controller='events'*/[0m
  ↳ app/controllers/events_controller.rb:49:in `set_event'
  [1m[36mEvent Load (0.7ms)[0m  [1m[34mSELECT "events".* FROM "events" WHERE "events"."external_id" = 'sample-event-764da482' LIMIT 1 /*action='upvote',application='BillettoAssignment',controller='events'*/[0m
  ↳ app/domain/events/vote_command.rb:16:in `call'
  [1m[36mTRANSACTION (0.3ms)[0m  [1m[35mBEGIN /*action='upvote',application='BillettoAssignment',controller='events'*/[0m
  ↳ app/domain/events/vote_command.rb:23:in `call'
  [1m[36mRubyEventStore::ActiveRecord::Event Insert (2.5ms)[0m  [1m[32mINSERT INTO "event_store_events" ("event_id","data","metadata","event_type","created_at","valid_at") VALUES ('70816901-3437-40ca-b07d-9d80e0df8ac0', '\x2d2d2d0a3a6576656e745f69643a2073616d706c652d6576656e742d37363464613438320a3a757365725f69643a2030363233333762342d653365362d343336312d613135352d3262326434663066326337310a', '\x2d2d2d0a3a72656d6f74655f69703a20223a3a31220a3a726571756573745f69643a2036626332366165342d363036662d343034642d386233652d6639356461306361643737380a3a636f7272656c6174696f6e5f69643a2039663938653931352d373834652d346362372d383064312d3262306137393636303837650a', 'Events::EventUpvoted', '2026-05-06 05:58:09.911511', NULL) RETURNING "id" /*action='upvote',application='BillettoAssignment',controller='events'*/[0m
  ↳ app/domain/events/vote_command.rb:23:in `call'
  [1m[36mTRANSACTION (1.0ms)[0m  [1m[35mCOMMIT /*action='upvote',application='BillettoAssignment',controller='events'*/[0m
  ↳ app/domain/events/vote_command.rb:23:in `call'
  [1m[36mEvent Update All (1.0ms)[0m  [1m[33mUPDATE "events" SET "upvotes_count" = COALESCE("events"."upvotes_count", 0) + 1 WHERE "events"."id" = 11 /*action='upvote',application='BillettoAssignment',controller='events'*/[0m
  ↳ app/domain/events/vote_command.rb:32:in `call'
Redirected to http://localhost:3002/events/11
↳ app/controllers/events_controller.rb:26:in `upvote'
Completed 302 Found in 22ms (ActiveRecord: 6.4ms (4 queries, 0 cached) | GC: 1.7ms)


Started GET "/events/11" for ::1 at 2026-05-06 11:28:09 +0530
Processing by EventsController#show as TURBO_STREAM
  Parameters: {"id"=>"11"}
  [1m[36mEvent Load (0.4ms)[0m  [1m[34mSELECT "events".* FROM "events" WHERE "events"."id" = 11 LIMIT 1 /*action='show',application='BillettoAssignment',controller='events'*/[0m
  ↳ app/controllers/events_controller.rb:49:in `set_event'
  Rendering layout layouts/application.html.erb
  Rendering events/show.html.erb within layouts/application
  Rendered events/show.html.erb within layouts/application (Duration: 1.6ms | GC: 0.0ms)
  Rendered layout layouts/application.html.erb (Duration: 2.6ms | GC: 0.0ms)
Completed 200 OK in 6ms (Views: 3.1ms | ActiveRecord: 0.4ms (1 query, 0 cached) | GC: 0.4ms)


Started POST "/events/11/downvote" for ::1 at 2026-05-06 11:28:11 +0530
Processing by EventsController#downvote as TURBO_STREAM
  Parameters: {"authenticity_token"=>"[FILTERED]", "commit"=>"👎 Downvote", "id"=>"11"}
  [1m[36mEvent Load (0.7ms)[0m  [1m[34mSELECT "events".* FROM "events" WHERE "events"."id" = 11 LIMIT 1 /*action='downvote',application='BillettoAssignment',controller='events'*/[0m
  ↳ app/controllers/events_controller.rb:49:in `set_event'
  [1m[36mEvent Load (0.6ms)[0m  [1m[34mSELECT "events".* FROM "events" WHERE "events"."external_id" = 'sample-event-764da482' LIMIT 1 /*action='downvote',application='BillettoAssignment',controller='events'*/[0m
  ↳ app/domain/events/vote_command.rb:16:in `call'
  [1m[36mTRANSACTION (0.3ms)[0m  [1m[35mBEGIN /*action='downvote',application='BillettoAssignment',controller='events'*/[0m
  ↳ app/domain/events/vote_command.rb:34:in `call'
  [1m[36mRubyEventStore::ActiveRecord::Event Insert (1.9ms)[0m  [1m[32mINSERT INTO "event_store_events" ("event_id","data","metadata","event_type","created_at","valid_at") VALUES ('1107b62f-fc6a-4f52-a63e-ff34bbc43db7', '\x2d2d2d0a3a6576656e745f69643a2073616d706c652d6576656e742d37363464613438320a3a757365725f69643a2030363233333762342d653365362d343336312d613135352d3262326434663066326337310a', '\x2d2d2d0a3a72656d6f74655f69703a20223a3a31220a3a726571756573745f69643a2064393561646262642d643239362d343364392d626466642d6435646465666639643133660a3a636f7272656c6174696f6e5f69643a2065616336323238352d636138372d343630612d613837342d6564333862333934626366320a', 'Events::EventDownvoted', '2026-05-06 05:58:11.987221', NULL) RETURNING "id" /*action='downvote',application='BillettoAssignment',controller='events'*/[0m
  ↳ app/domain/events/vote_command.rb:34:in `call'
  [1m[36mTRANSACTION (0.9ms)[0m  [1m[35mCOMMIT /*action='downvote',application='BillettoAssignment',controller='events'*/[0m
  ↳ app/domain/events/vote_command.rb:34:in `call'
  [1m[36mEvent Update All (1.3ms)[0m  [1m[33mUPDATE "events" SET "downvotes_count" = COALESCE("events"."downvotes_count", 0) + 1 WHERE "events"."id" = 11 /*action='downvote',application='BillettoAssignment',controller='events'*/[0m
  ↳ app/domain/events/vote_command.rb:40:in `call'
Redirected to http://localhost:3002/events/11
↳ app/controllers/events_controller.rb:40:in `downvote'
Completed 302 Found in 19ms (ActiveRecord: 5.6ms (4 queries, 0 cached) | GC: 0.0ms)


Started GET "/events/11" for ::1 at 2026-05-06 11:28:12 +0530
Processing by EventsController#show as TURBO_STREAM
  Parameters: {"id"=>"11"}
  [1m[36mEvent Load (0.5ms)[0m  [1m[34mSELECT "events".* FROM "events" WHERE "events"."id" = 11 LIMIT 1 /*action='show',application='BillettoAssignment',controller='events'*/[0m
  ↳ app/controllers/events_controller.rb:49:in `set_event'
  Rendering layout layouts/application.html.erb
  Rendering events/show.html.erb within layouts/application
  Rendered events/show.html.erb within layouts/application (Duration: 1.5ms | GC: 0.0ms)
  Rendered layout layouts/application.html.erb (Duration: 2.7ms | GC: 0.0ms)
Completed 200 OK in 5ms (Views: 3.2ms | ActiveRecord: 0.4ms (1 query, 0 cached) | GC: 0.0ms)


Started GET "/events" for ::1 at 2026-05-06 11:28:14 +0530
Processing by EventsController#index as HTML
  Rendering layout layouts/application.html.erb
  Rendering events/index.html.erb within layouts/application
  [1m[36mEvent Exists? (2.0ms)[0m  [1m[34mSELECT 1 AS one FROM "events" LIMIT 1 OFFSET 0 /*action='index',application='BillettoAssignment',controller='events'*/[0m
  ↳ app/views/events/index.html.erb:11
  [1m[36mEvent Load (1.4ms)[0m  [1m[34mSELECT "events".* FROM "events" ORDER BY "events"."start_date" ASC LIMIT 12 OFFSET 0 /*action='index',application='BillettoAssignment',controller='events'*/[0m
  ↳ app/views/events/index.html.erb:22
  [1m[36mEvent Count (0.5ms)[0m  [1m[34mSELECT COUNT(*) FROM "events" /*action='index',application='BillettoAssignment',controller='events'*/[0m
  ↳ app/views/events/index.html.erb:76
  Rendered events/index.html.erb within layouts/application (Duration: 41.2ms | GC: 0.0ms)
  Rendered layout layouts/application.html.erb (Duration: 43.1ms | GC: 0.0ms)
Completed 200 OK in 47ms (Views: 40.6ms | ActiveRecord: 3.8ms (3 queries, 0 cached) | GC: 0.0ms)


Started POST "/events/31/upvote" for ::1 at 2026-05-06 11:28:16 +0530
Processing by EventsController#upvote as TURBO_STREAM
  Parameters: {"authenticity_token"=>"[FILTERED]", "commit"=>"👍", "id"=>"31"}
  [1m[36mEvent Load (1.6ms)[0m  [1m[34mSELECT "events".* FROM "events" WHERE "events"."id" = 31 LIMIT 1 /*action='upvote',application='BillettoAssignment',controller='events'*/[0m
  ↳ app/controllers/events_controller.rb:49:in `set_event'
  [1m[36mEvent Load (1.2ms)[0m  [1m[34mSELECT "events".* FROM "events" WHERE "events"."external_id" = 'sample-event-8dc992f8' LIMIT 1 /*action='upvote',application='BillettoAssignment',controller='events'*/[0m
  ↳ app/domain/events/vote_command.rb:16:in `call'
  [1m[36mTRANSACTION (0.7ms)[0m  [1m[35mBEGIN /*action='upvote',application='BillettoAssignment',controller='events'*/[0m
  ↳ app/domain/events/vote_command.rb:23:in `call'
  [1m[36mRubyEventStore::ActiveRecord::Event Insert (7.2ms)[0m  [1m[32mINSERT INTO "event_store_events" ("event_id","data","metadata","event_type","created_at","valid_at") VALUES ('c1daa455-2791-4422-9128-740917c19c2e', '\x2d2d2d0a3a6576656e745f69643a2073616d706c652d6576656e742d38646339393266380a3a757365725f69643a2030363233333762342d653365362d343336312d613135352d3262326434663066326337310a', '\x2d2d2d0a3a72656d6f74655f69703a20223a3a31220a3a726571756573745f69643a2066646638393836352d663935612d346537622d616630312d6162333266623761393134390a3a636f7272656c6174696f6e5f69643a2036316366396534662d383837302d346166382d393938302d3334303962616264336338300a', 'Events::EventUpvoted', '2026-05-06 05:58:16.732553', NULL) RETURNING "id" /*action='upvote',application='BillettoAssignment',controller='events'*/[0m
  ↳ app/domain/events/vote_command.rb:23:in `call'
  [1m[36mTRANSACTION (1.8ms)[0m  [1m[35mCOMMIT /*action='upvote',application='BillettoAssignment',controller='events'*/[0m
  ↳ app/domain/events/vote_command.rb:23:in `call'
  [1m[36mEvent Update All (2.1ms)[0m  [1m[33mUPDATE "events" SET "upvotes_count" = COALESCE("events"."upvotes_count", 0) + 1 WHERE "events"."id" = 31 /*action='upvote',application='BillettoAssignment',controller='events'*/[0m
  ↳ app/domain/events/vote_command.rb:32:in `call'
Redirected to http://localhost:3002/events/31
↳ app/controllers/events_controller.rb:26:in `upvote'
Completed 302 Found in 43ms (ActiveRecord: 14.3ms (4 queries, 0 cached) | GC: 1.5ms)


Started GET "/events/31" for ::1 at 2026-05-06 11:28:16 +0530
Processing by EventsController#show as TURBO_STREAM
  Parameters: {"id"=>"31"}
  [1m[36mEvent Load (2.0ms)[0m  [1m[34mSELECT "events".* FROM "events" WHERE "events"."id" = 31 LIMIT 1 /*action='show',application='BillettoAssignment',controller='events'*/[0m
  ↳ app/controllers/events_controller.rb:49:in `set_event'
  Rendering layout layouts/application.html.erb
  Rendering events/show.html.erb within layouts/application
  Rendered events/show.html.erb within layouts/application (Duration: 7.6ms | GC: 0.0ms)
  Rendered layout layouts/application.html.erb (Duration: 14.0ms | GC: 0.0ms)
Completed 200 OK in 29ms (Views: 17.2ms | ActiveRecord: 2.0ms (1 query, 0 cached) | GC: 1.4ms)


Started POST "/events/31/upvote" for ::1 at 2026-05-06 11:28:18 +0530
Processing by EventsController#upvote as TURBO_STREAM
  Parameters: {"authenticity_token"=>"[FILTERED]", "commit"=>"👍 Upvote", "id"=>"31"}
  [1m[36mEvent Load (0.7ms)[0m  [1m[34mSELECT "events".* FROM "events" WHERE "events"."id" = 31 LIMIT 1 /*action='upvote',application='BillettoAssignment',controller='events'*/[0m
  ↳ app/controllers/events_controller.rb:49:in `set_event'
  [1m[36mEvent Load (0.5ms)[0m  [1m[34mSELECT "events".* FROM "events" WHERE "events"."external_id" = 'sample-event-8dc992f8' LIMIT 1 /*action='upvote',application='BillettoAssignment',controller='events'*/[0m
  ↳ app/domain/events/vote_command.rb:16:in `call'
  [1m[36mTRANSACTION (0.3ms)[0m  [1m[35mBEGIN /*action='upvote',application='BillettoAssignment',controller='events'*/[0m
  ↳ app/domain/events/vote_command.rb:23:in `call'
  [1m[36mRubyEventStore::ActiveRecord::Event Insert (2.8ms)[0m  [1m[32mINSERT INTO "event_store_events" ("event_id","data","metadata","event_type","created_at","valid_at") VALUES ('cec3c678-9814-4448-abd8-3c5f7cf29e9d', '\x2d2d2d0a3a6576656e745f69643a2073616d706c652d6576656e742d38646339393266380a3a757365725f69643a2030363233333762342d653365362d343336312d613135352d3262326434663066326337310a', '\x2d2d2d0a3a72656d6f74655f69703a20223a3a31220a3a726571756573745f69643a2030643637653264612d626564342d343937362d396161622d3636323035333633653336350a3a636f7272656c6174696f6e5f69643a2033373165396438662d353136332d343939342d383030612d6631626261653933666164640a', 'Events::EventUpvoted', '2026-05-06 05:58:18.139531', NULL) RETURNING "id" /*action='upvote',application='BillettoAssignment',controller='events'*/[0m
  ↳ app/domain/events/vote_command.rb:23:in `call'
  [1m[36mTRANSACTION (1.0ms)[0m  [1m[35mCOMMIT /*action='upvote',application='BillettoAssignment',controller='events'*/[0m
  ↳ app/domain/events/vote_command.rb:23:in `call'
  [1m[36mEvent Update All (1.1ms)[0m  [1m[33mUPDATE "events" SET "upvotes_count" = COALESCE("events"."upvotes_count", 0) + 1 WHERE "events"."id" = 31 /*action='upvote',application='BillettoAssignment',controller='events'*/[0m
  ↳ app/domain/events/vote_command.rb:32:in `call'
Redirected to http://localhost:3002/events/31
↳ app/controllers/events_controller.rb:26:in `upvote'
Completed 302 Found in 19ms (ActiveRecord: 6.4ms (4 queries, 0 cached) | GC: 0.7ms)


Started GET "/events/31" for ::1 at 2026-05-06 11:28:18 +0530
Processing by EventsController#show as TURBO_STREAM
  Parameters: {"id"=>"31"}
  [1m[36mEvent Load (0.5ms)[0m  [1m[34mSELECT "events".* FROM "events" WHERE "events"."id" = 31 LIMIT 1 /*action='show',application='BillettoAssignment',controller='events'*/[0m
  ↳ app/controllers/events_controller.rb:49:in `set_event'
  Rendering layout layouts/application.html.erb
  Rendering events/show.html.erb within layouts/application
  Rendered events/show.html.erb within layouts/application (Duration: 1.9ms | GC: 0.0ms)
  Rendered layout layouts/application.html.erb (Duration: 3.0ms | GC: 0.0ms)
Completed 200 OK in 6ms (Views: 3.6ms | ActiveRecord: 0.5ms (1 query, 0 cached) | GC: 0.2ms)


Started POST "/events/31/upvote" for ::1 at 2026-05-06 11:28:18 +0530
Processing by EventsController#upvote as TURBO_STREAM
  Parameters: {"authenticity_token"=>"[FILTERED]", "commit"=>"👍 Upvote", "id"=>"31"}
  [1m[36mEvent Load (0.8ms)[0m  [1m[34mSELECT "events".* FROM "events" WHERE "events"."id" = 31 LIMIT 1 /*action='upvote',application='BillettoAssignment',controller='events'*/[0m
  ↳ app/controllers/events_controller.rb:49:in `set_event'
  [1m[36mEvent Load (0.8ms)[0m  [1m[34mSELECT "events".* FROM "events" WHERE "events"."external_id" = 'sample-event-8dc992f8' LIMIT 1 /*action='upvote',application='BillettoAssignment',controller='events'*/[0m
  ↳ app/domain/events/vote_command.rb:16:in `call'
  [1m[36mTRANSACTION (0.3ms)[0m  [1m[35mBEGIN /*action='upvote',application='BillettoAssignment',controller='events'*/[0m
  ↳ app/domain/events/vote_command.rb:23:in `call'
  [1m[36mRubyEventStore::ActiveRecord::Event Insert (2.7ms)[0m  [1m[32mINSERT INTO "event_store_events" ("event_id","data","metadata","event_type","created_at","valid_at") VALUES ('9bdaf51a-1f13-400f-b2e0-411761b05788', '\x2d2d2d0a3a6576656e745f69643a2073616d706c652d6576656e742d38646339393266380a3a757365725f69643a2030363233333762342d653365362d343336312d613135352d3262326434663066326337310a', '\x2d2d2d0a3a72656d6f74655f69703a20223a3a31220a3a726571756573745f69643a2061373935663031302d303436612d343139632d383864662d6464666435393639633963640a3a636f7272656c6174696f6e5f69643a2062646663313537632d663438322d343765662d393465392d6436346166393339323463640a', 'Events::EventUpvoted', '2026-05-06 05:58:18.715616', NULL) RETURNING "id" /*action='upvote',application='BillettoAssignment',controller='events'*/[0m
  ↳ app/domain/events/vote_command.rb:23:in `call'
  [1m[36mTRANSACTION (0.9ms)[0m  [1m[35mCOMMIT /*action='upvote',application='BillettoAssignment',controller='events'*/[0m
  ↳ app/domain/events/vote_command.rb:23:in `call'
  [1m[36mEvent Update All (1.3ms)[0m  [1m[33mUPDATE "events" SET "upvotes_count" = COALESCE("events"."upvotes_count", 0) + 1 WHERE "events"."id" = 31 /*action='upvote',application='BillettoAssignment',controller='events'*/[0m
  ↳ app/domain/events/vote_command.rb:32:in `call'
Redirected to http://localhost:3002/events/31
↳ app/controllers/events_controller.rb:26:in `upvote'
Completed 302 Found in 21ms (ActiveRecord: 6.7ms (4 queries, 0 cached) | GC: 0.2ms)


Started GET "/events/31" for ::1 at 2026-05-06 11:28:18 +0530
Processing by EventsController#show as TURBO_STREAM
  Parameters: {"id"=>"31"}
  [1m[36mEvent Load (0.4ms)[0m  [1m[34mSELECT "events".* FROM "events" WHERE "events"."id" = 31 LIMIT 1 /*action='show',application='BillettoAssignment',controller='events'*/[0m
  ↳ app/controllers/events_controller.rb:49:in `set_event'
  Rendering layout layouts/application.html.erb
  Rendering events/show.html.erb within layouts/application
  Rendered events/show.html.erb within layouts/application (Duration: 1.8ms | GC: 0.1ms)
  Rendered layout layouts/application.html.erb (Duration: 2.8ms | GC: 0.1ms)
Completed 200 OK in 6ms (Views: 3.2ms | ActiveRecord: 0.4ms (1 query, 0 cached) | GC: 0.1ms)


Started POST "/events/31/upvote" for ::1 at 2026-05-06 11:28:19 +0530
Processing by EventsController#upvote as TURBO_STREAM
  Parameters: {"authenticity_token"=>"[FILTERED]", "commit"=>"👍 Upvote", "id"=>"31"}
  [1m[36mEvent Load (0.8ms)[0m  [1m[34mSELECT "events".* FROM "events" WHERE "events"."id" = 31 LIMIT 1 /*action='upvote',application='BillettoAssignment',controller='events'*/[0m
  ↳ app/controllers/events_controller.rb:49:in `set_event'
  [1m[36mEvent Load (0.6ms)[0m  [1m[34mSELECT "events".* FROM "events" WHERE "events"."external_id" = 'sample-event-8dc992f8' LIMIT 1 /*action='upvote',application='BillettoAssignment',controller='events'*/[0m
  ↳ app/domain/events/vote_command.rb:16:in `call'
  [1m[36mTRANSACTION (0.4ms)[0m  [1m[35mBEGIN /*action='upvote',application='BillettoAssignment',controller='events'*/[0m
  ↳ app/domain/events/vote_command.rb:23:in `call'
  [1m[36mRubyEventStore::ActiveRecord::Event Insert (2.9ms)[0m  [1m[32mINSERT INTO "event_store_events" ("event_id","data","metadata","event_type","created_at","valid_at") VALUES ('a7006071-7f85-4b54-80e5-e32f20b8c78f', '\x2d2d2d0a3a6576656e745f69643a2073616d706c652d6576656e742d38646339393266380a3a757365725f69643a2030363233333762342d653365362d343336312d613135352d3262326434663066326337310a', '\x2d2d2d0a3a72656d6f74655f69703a20223a3a31220a3a726571756573745f69643a2035656230653539322d663566642d343764362d613464662d3132373835313265353864370a3a636f7272656c6174696f6e5f69643a2033623964313135612d363839662d343062372d613035392d6664383432613664626361330a', 'Events::EventUpvoted', '2026-05-06 05:58:19.161634', NULL) RETURNING "id" /*action='upvote',application='BillettoAssignment',controller='events'*/[0m
  ↳ app/domain/events/vote_command.rb:23:in `call'
  [1m[36mTRANSACTION (1.1ms)[0m  [1m[35mCOMMIT /*action='upvote',application='BillettoAssignment',controller='events'*/[0m
  ↳ app/domain/events/vote_command.rb:23:in `call'
  [1m[36mEvent Update All (1.1ms)[0m  [1m[33mUPDATE "events" SET "upvotes_count" = COALESCE("events"."upvotes_count", 0) + 1 WHERE "events"."id" = 31 /*action='upvote',application='BillettoAssignment',controller='events'*/[0m
  ↳ app/domain/events/vote_command.rb:32:in `call'
Redirected to http://localhost:3002/events/31
↳ app/controllers/events_controller.rb:26:in `upvote'
Completed 302 Found in 21ms (ActiveRecord: 6.7ms (4 queries, 0 cached) | GC: 0.4ms)


Started GET "/events/31" for ::1 at 2026-05-06 11:28:19 +0530
Processing by EventsController#show as TURBO_STREAM
  Parameters: {"id"=>"31"}
  [1m[36mEvent Load (0.4ms)[0m  [1m[34mSELECT "events".* FROM "events" WHERE "events"."id" = 31 LIMIT 1 /*action='show',application='BillettoAssignment',controller='events'*/[0m
  ↳ app/controllers/events_controller.rb:49:in `set_event'
  Rendering layout layouts/application.html.erb
  Rendering events/show.html.erb within layouts/application
  Rendered events/show.html.erb within layouts/application (Duration: 1.6ms | GC: 0.0ms)
  Rendered layout layouts/application.html.erb (Duration: 2.7ms | GC: 0.0ms)
Completed 200 OK in 6ms (Views: 3.2ms | ActiveRecord: 0.4ms (1 query, 0 cached) | GC: 0.0ms)


Started POST "/events/31/upvote" for ::1 at 2026-05-06 11:28:19 +0530
Processing by EventsController#upvote as TURBO_STREAM
  Parameters: {"authenticity_token"=>"[FILTERED]", "commit"=>"👍 Upvote", "id"=>"31"}
  [1m[36mEvent Load (2.0ms)[0m  [1m[34mSELECT "events".* FROM "events" WHERE "events"."id" = 31 LIMIT 1 /*action='upvote',application='BillettoAssignment',controller='events'*/[0m
  ↳ app/controllers/events_controller.rb:49:in `set_event'
  [1m[36mEvent Load (1.7ms)[0m  [1m[34mSELECT "events".* FROM "events" WHERE "events"."external_id" = 'sample-event-8dc992f8' LIMIT 1 /*action='upvote',application='BillettoAssignment',controller='events'*/[0m
  ↳ app/domain/events/vote_command.rb:16:in `call'
  [1m[36mTRANSACTION (0.7ms)[0m  [1m[35mBEGIN /*action='upvote',application='BillettoAssignment',controller='events'*/[0m
  ↳ app/domain/events/vote_command.rb:23:in `call'
  [1m[36mRubyEventStore::ActiveRecord::Event Insert (6.1ms)[0m  [1m[32mINSERT INTO "event_store_events" ("event_id","data","metadata","event_type","created_at","valid_at") VALUES ('c5278867-c31a-40fb-85b4-b5c6c3f2948c', '\x2d2d2d0a3a6576656e745f69643a2073616d706c652d6576656e742d38646339393266380a3a757365725f69643a2030363233333762342d653365362d343336312d613135352d3262326434663066326337310a', '\x2d2d2d0a3a72656d6f74655f69703a20223a3a31220a3a726571756573745f69643a2035626132303939302d643331322d346165322d623664382d3064623332313235396636330a3a636f7272656c6174696f6e5f69643a2063663336373164332d303031312d343338342d386631372d3364333265343034643631640a', 'Events::EventUpvoted', '2026-05-06 05:58:19.344609', NULL) RETURNING "id" /*action='upvote',application='BillettoAssignment',controller='events'*/[0m
  ↳ app/domain/events/vote_command.rb:23:in `call'
  [1m[36mTRANSACTION (1.2ms)[0m  [1m[35mCOMMIT /*action='upvote',application='BillettoAssignment',controller='events'*/[0m
  ↳ app/domain/events/vote_command.rb:23:in `call'
  [1m[36mEvent Update All (2.1ms)[0m  [1m[33mUPDATE "events" SET "upvotes_count" = COALESCE("events"."upvotes_count", 0) + 1 WHERE "events"."id" = 31 /*action='upvote',application='BillettoAssignment',controller='events'*/[0m
  ↳ app/domain/events/vote_command.rb:32:in `call'
Redirected to http://localhost:3002/events/31
↳ app/controllers/events_controller.rb:26:in `upvote'
Completed 302 Found in 40ms (ActiveRecord: 13.6ms (4 queries, 0 cached) | GC: 0.5ms)


Started GET "/events/31" for ::1 at 2026-05-06 11:28:19 +0530
Processing by EventsController#show as TURBO_STREAM
  Parameters: {"id"=>"31"}
  [1m[36mEvent Load (0.6ms)[0m  [1m[34mSELECT "events".* FROM "events" WHERE "events"."id" = 31 LIMIT 1 /*action='show',application='BillettoAssignment',controller='events'*/[0m
  ↳ app/controllers/events_controller.rb:49:in `set_event'
  Rendering layout layouts/application.html.erb
  Rendering events/show.html.erb within layouts/application
  Rendered events/show.html.erb within layouts/application (Duration: 2.4ms | GC: 0.0ms)
  Rendered layout layouts/application.html.erb (Duration: 3.9ms | GC: 0.0ms)
Completed 200 OK in 8ms (Views: 4.7ms | ActiveRecord: 0.5ms (1 query, 0 cached) | GC: 0.4ms)


Started POST "/events/31/upvote" for ::1 at 2026-05-06 11:28:19 +0530
Processing by EventsController#upvote as TURBO_STREAM
  Parameters: {"authenticity_token"=>"[FILTERED]", "commit"=>"👍 Upvote", "id"=>"31"}
  [1m[36mEvent Load (1.6ms)[0m  [1m[34mSELECT "events".* FROM "events" WHERE "events"."id" = 31 LIMIT 1 /*action='upvote',application='BillettoAssignment',controller='events'*/[0m
  ↳ app/controllers/events_controller.rb:49:in `set_event'
  [1m[36mEvent Load (1.7ms)[0m  [1m[34mSELECT "events".* FROM "events" WHERE "events"."external_id" = 'sample-event-8dc992f8' LIMIT 1 /*action='upvote',application='BillettoAssignment',controller='events'*/[0m
  ↳ app/domain/events/vote_command.rb:16:in `call'
  [1m[36mTRANSACTION (0.7ms)[0m  [1m[35mBEGIN /*action='upvote',application='BillettoAssignment',controller='events'*/[0m
  ↳ app/domain/events/vote_command.rb:23:in `call'
  [1m[36mRubyEventStore::ActiveRecord::Event Insert (7.7ms)[0m  [1m[32mINSERT INTO "event_store_events" ("event_id","data","metadata","event_type","created_at","valid_at") VALUES ('3e6b1e4d-c6a3-45a8-9f11-61b02bdf3b8d', '\x2d2d2d0a3a6576656e745f69643a2073616d706c652d6576656e742d38646339393266380a3a757365725f69643a2030363233333762342d653365362d343336312d613135352d3262326434663066326337310a', '\x2d2d2d0a3a72656d6f74655f69703a20223a3a31220a3a726571756573745f69643a2065353464646639382d303331302d343835322d383931652d3437613433643766343664360a3a636f7272656c6174696f6e5f69643a2066393636633337312d376136372d346266612d613830612d3264383961303235616162380a', 'Events::EventUpvoted', '2026-05-06 05:58:19.672089', NULL) RETURNING "id" /*action='upvote',application='BillettoAssignment',controller='events'*/[0m
  ↳ app/domain/events/vote_command.rb:23:in `call'
  [1m[36mTRANSACTION (1.7ms)[0m  [1m[35mCOMMIT /*action='upvote',application='BillettoAssignment',controller='events'*/[0m
  ↳ app/domain/events/vote_command.rb:23:in `call'
  [1m[36mEvent Update All (2.2ms)[0m  [1m[33mUPDATE "events" SET "upvotes_count" = COALESCE("events"."upvotes_count", 0) + 1 WHERE "events"."id" = 31 /*action='upvote',application='BillettoAssignment',controller='events'*/[0m
  ↳ app/domain/events/vote_command.rb:32:in `call'
Redirected to http://localhost:3002/events/31
↳ app/controllers/events_controller.rb:26:in `upvote'
Completed 302 Found in 49ms (ActiveRecord: 15.3ms (4 queries, 0 cached) | GC: 1.4ms)


Started GET "/events/31" for ::1 at 2026-05-06 11:28:19 +0530
Processing by EventsController#show as TURBO_STREAM
  Parameters: {"id"=>"31"}
  [1m[36mEvent Load (1.3ms)[0m  [1m[34mSELECT "events".* FROM "events" WHERE "events"."id" = 31 LIMIT 1 /*action='show',application='BillettoAssignment',controller='events'*/[0m
  ↳ app/controllers/events_controller.rb:49:in `set_event'
  Rendering layout layouts/application.html.erb
  Rendering events/show.html.erb within layouts/application
  Rendered events/show.html.erb within layouts/application (Duration: 7.6ms | GC: 0.7ms)
  Rendered layout layouts/application.html.erb (Duration: 12.4ms | GC: 0.7ms)
Completed 200 OK in 25ms (Views: 14.9ms | ActiveRecord: 1.3ms (1 query, 0 cached) | GC: 0.7ms)


Started POST "/events/31/upvote" for ::1 at 2026-05-06 11:28:19 +0530
Processing by EventsController#upvote as TURBO_STREAM
  Parameters: {"authenticity_token"=>"[FILTERED]", "commit"=>"👍 Upvote", "id"=>"31"}
  [1m[36mEvent Load (1.5ms)[0m  [1m[34mSELECT "events".* FROM "events" WHERE "events"."id" = 31 LIMIT 1 /*action='upvote',application='BillettoAssignment',controller='events'*/[0m
  ↳ app/controllers/events_controller.rb:49:in `set_event'
  [1m[36mEvent Load (1.3ms)[0m  [1m[34mSELECT "events".* FROM "events" WHERE "events"."external_id" = 'sample-event-8dc992f8' LIMIT 1 /*action='upvote',application='BillettoAssignment',controller='events'*/[0m
  ↳ app/domain/events/vote_command.rb:16:in `call'
  [1m[36mTRANSACTION (0.7ms)[0m  [1m[35mBEGIN /*action='upvote',application='BillettoAssignment',controller='events'*/[0m
  ↳ app/domain/events/vote_command.rb:23:in `call'
  [1m[36mRubyEventStore::ActiveRecord::Event Insert (6.0ms)[0m  [1m[32mINSERT INTO "event_store_events" ("event_id","data","metadata","event_type","created_at","valid_at") VALUES ('eecff99a-bd71-465b-bfcb-09543a4884f8', '\x2d2d2d0a3a6576656e745f69643a2073616d706c652d6576656e742d38646339393266380a3a757365725f69643a2030363233333762342d653365362d343336312d613135352d3262326434663066326337310a', '\x2d2d2d0a3a72656d6f74655f69703a20223a3a31220a3a726571756573745f69643a2032323033393766382d363234352d346235382d396535322d6266363864633231353662320a3a636f7272656c6174696f6e5f69643a2033623937326466622d373130322d343235362d623262332d3736306435333561643033370a', 'Events::EventUpvoted', '2026-05-06 05:58:20.004634', NULL) RETURNING "id" /*action='upvote',application='BillettoAssignment',controller='events'*/[0m
  ↳ app/domain/events/vote_command.rb:23:in `call'
  [1m[36mTRANSACTION (1.7ms)[0m  [1m[35mCOMMIT /*action='upvote',application='BillettoAssignment',controller='events'*/[0m
  ↳ app/domain/events/vote_command.rb:23:in `call'
  [1m[36mEvent Update All (3.0ms)[0m  [1m[33mUPDATE "events" SET "upvotes_count" = COALESCE("events"."upvotes_count", 0) + 1 WHERE "events"."id" = 31 /*action='upvote',application='BillettoAssignment',controller='events'*/[0m
  ↳ app/domain/events/vote_command.rb:32:in `call'
Redirected to http://localhost:3002/events/31
↳ app/controllers/events_controller.rb:26:in `upvote'
Completed 302 Found in 54ms (ActiveRecord: 14.1ms (4 queries, 0 cached) | GC: 4.6ms)


Started GET "/events/31" for ::1 at 2026-05-06 11:28:20 +0530
Processing by EventsController#show as TURBO_STREAM
  Parameters: {"id"=>"31"}
  [1m[36mEvent Load (1.5ms)[0m  [1m[34mSELECT "events".* FROM "events" WHERE "events"."id" = 31 LIMIT 1 /*action='show',application='BillettoAssignment',controller='events'*/[0m
  ↳ app/controllers/events_controller.rb:49:in `set_event'
  Rendering layout layouts/application.html.erb
  Rendering events/show.html.erb within layouts/application
  Rendered events/show.html.erb within layouts/application (Duration: 7.6ms | GC: 0.0ms)
  Rendered layout layouts/application.html.erb (Duration: 12.9ms | GC: 0.0ms)
Completed 200 OK in 24ms (Views: 15.0ms | ActiveRecord: 1.5ms (1 query, 0 cached) | GC: 0.0ms)


Started POST "/events/31/upvote" for ::1 at 2026-05-06 11:28:20 +0530
Processing by EventsController#upvote as TURBO_STREAM
  Parameters: {"authenticity_token"=>"[FILTERED]", "commit"=>"👍 Upvote", "id"=>"31"}
  [1m[36mEvent Load (1.5ms)[0m  [1m[34mSELECT "events".* FROM "events" WHERE "events"."id" = 31 LIMIT 1 /*action='upvote',application='BillettoAssignment',controller='events'*/[0m
  ↳ app/controllers/events_controller.rb:49:in `set_event'
  [1m[36mEvent Load (1.4ms)[0m  [1m[34mSELECT "events".* FROM "events" WHERE "events"."external_id" = 'sample-event-8dc992f8' LIMIT 1 /*action='upvote',application='BillettoAssignment',controller='events'*/[0m
  ↳ app/domain/events/vote_command.rb:16:in `call'
  [1m[36mTRANSACTION (0.8ms)[0m  [1m[35mBEGIN /*action='upvote',application='BillettoAssignment',controller='events'*/[0m
  ↳ app/domain/events/vote_command.rb:23:in `call'
  [1m[36mRubyEventStore::ActiveRecord::Event Insert (14.3ms)[0m  [1m[32mINSERT INTO "event_store_events" ("event_id","data","metadata","event_type","created_at","valid_at") VALUES ('e5682f7d-4316-4eb2-b3f2-80ec8c11d220', '\x2d2d2d0a3a6576656e745f69643a2073616d706c652d6576656e742d38646339393266380a3a757365725f69643a2030363233333762342d653365362d343336312d613135352d3262326434663066326337310a', '\x2d2d2d0a3a72656d6f74655f69703a20223a3a31220a3a726571756573745f69643a2034313831366533632d663537302d343437612d613664332d3939363136653838316433300a3a636f7272656c6174696f6e5f69643a2062653132616135322d316130322d343934382d393961642d3631373666666666383737620a', 'Events::EventUpvoted', '2026-05-06 05:58:20.338067', NULL) RETURNING "id" /*action='upvote',application='BillettoAssignment',controller='events'*/[0m
  ↳ app/domain/events/vote_command.rb:23:in `call'
  [1m[36mTRANSACTION (1.7ms)[0m  [1m[35mCOMMIT /*action='upvote',application='BillettoAssignment',controller='events'*/[0m
  ↳ app/domain/events/vote_command.rb:23:in `call'
  [1m[36mEvent Update All (3.5ms)[0m  [1m[33mUPDATE "events" SET "upvotes_count" = COALESCE("events"."upvotes_count", 0) + 1 WHERE "events"."id" = 31 /*action='upvote',application='BillettoAssignment',controller='events'*/[0m
  ↳ app/domain/events/vote_command.rb:32:in `call'
Redirected to http://localhost:3002/events/31
↳ app/controllers/events_controller.rb:26:in `upvote'
Completed 302 Found in 56ms (ActiveRecord: 23.0ms (4 queries, 0 cached) | GC: 6.4ms)


Started GET "/events/31" for ::1 at 2026-05-06 11:28:20 +0530
Processing by EventsController#show as TURBO_STREAM
  Parameters: {"id"=>"31"}
  [1m[36mEvent Load (1.4ms)[0m  [1m[34mSELECT "events".* FROM "events" WHERE "events"."id" = 31 LIMIT 1 /*action='show',application='BillettoAssignment',controller='events'*/[0m
  ↳ app/controllers/events_controller.rb:49:in `set_event'
  Rendering layout layouts/application.html.erb
  Rendering events/show.html.erb within layouts/application
  Rendered events/show.html.erb within layouts/application (Duration: 7.7ms | GC: 0.0ms)
  Rendered layout layouts/application.html.erb (Duration: 13.3ms | GC: 1.1ms)
Completed 200 OK in 25ms (Views: 15.9ms | ActiveRecord: 1.3ms (1 query, 0 cached) | GC: 1.1ms)


Started POST "/events/31/upvote" for ::1 at 2026-05-06 11:28:20 +0530
Processing by EventsController#upvote as TURBO_STREAM
  Parameters: {"authenticity_token"=>"[FILTERED]", "commit"=>"👍 Upvote", "id"=>"31"}
  [1m[36mEvent Load (1.6ms)[0m  [1m[34mSELECT "events".* FROM "events" WHERE "events"."id" = 31 LIMIT 1 /*action='upvote',application='BillettoAssignment',controller='events'*/[0m
  ↳ app/controllers/events_controller.rb:49:in `set_event'
  [1m[36mEvent Load (1.3ms)[0m  [1m[34mSELECT "events".* FROM "events" WHERE "events"."external_id" = 'sample-event-8dc992f8' LIMIT 1 /*action='upvote',application='BillettoAssignment',controller='events'*/[0m
  ↳ app/domain/events/vote_command.rb:16:in `call'
  [1m[36mTRANSACTION (0.7ms)[0m  [1m[35mBEGIN /*action='upvote',application='BillettoAssignment',controller='events'*/[0m
  ↳ app/domain/events/vote_command.rb:23:in `call'
  [1m[36mRubyEventStore::ActiveRecord::Event Insert (7.9ms)[0m  [1m[32mINSERT INTO "event_store_events" ("event_id","data","metadata","event_type","created_at","valid_at") VALUES ('c1b844d1-3288-4d66-891a-6973fdb9fd18', '\x2d2d2d0a3a6576656e745f69643a2073616d706c652d6576656e742d38646339393266380a3a757365725f69643a2030363233333762342d653365362d343336312d613135352d3262326434663066326337310a', '\x2d2d2d0a3a72656d6f74655f69703a20223a3a31220a3a726571756573745f69643a2062303933646531642d306635332d343464342d383137352d3634303238656437613639360a3a636f7272656c6174696f6e5f69643a2032303134363763382d383864322d343962362d616638302d6336383463393138336533350a', 'Events::EventUpvoted', '2026-05-06 05:58:20.672684', NULL) RETURNING "id" /*action='upvote',application='BillettoAssignment',controller='events'*/[0m
  ↳ app/domain/events/vote_command.rb:23:in `call'
  [1m[36mTRANSACTION (1.6ms)[0m  [1m[35mCOMMIT /*action='upvote',application='BillettoAssignment',controller='events'*/[0m
  ↳ app/domain/events/vote_command.rb:23:in `call'
  [1m[36mEvent Update All (3.2ms)[0m  [1m[33mUPDATE "events" SET "upvotes_count" = COALESCE("events"."upvotes_count", 0) + 1 WHERE "events"."id" = 31 /*action='upvote',application='BillettoAssignment',controller='events'*/[0m
  ↳ app/domain/events/vote_command.rb:32:in `call'
Redirected to http://localhost:3002/events/31
↳ app/controllers/events_controller.rb:26:in `upvote'
Completed 302 Found in 48ms (ActiveRecord: 16.1ms (4 queries, 0 cached) | GC: 1.3ms)


Started GET "/events/31" for ::1 at 2026-05-06 11:28:20 +0530
Processing by EventsController#show as TURBO_STREAM
  Parameters: {"id"=>"31"}
  [1m[36mEvent Load (1.3ms)[0m  [1m[34mSELECT "events".* FROM "events" WHERE "events"."id" = 31 LIMIT 1 /*action='show',application='BillettoAssignment',controller='events'*/[0m
  ↳ app/controllers/events_controller.rb:49:in `set_event'
  Rendering layout layouts/application.html.erb
  Rendering events/show.html.erb within layouts/application
  Rendered events/show.html.erb within layouts/application (Duration: 4.4ms | GC: 0.0ms)
  Rendered layout layouts/application.html.erb (Duration: 7.3ms | GC: 0.0ms)
Completed 200 OK in 19ms (Views: 9.5ms | ActiveRecord: 1.3ms (1 query, 0 cached) | GC: 0.0ms)


Started POST "/events/31/upvote" for ::1 at 2026-05-06 11:28:20 +0530
Processing by EventsController#upvote as TURBO_STREAM
  Parameters: {"authenticity_token"=>"[FILTERED]", "commit"=>"👍 Upvote", "id"=>"31"}
  [1m[36mEvent Load (1.4ms)[0m  [1m[34mSELECT "events".* FROM "events" WHERE "events"."id" = 31 LIMIT 1 /*action='upvote',application='BillettoAssignment',controller='events'*/[0m
  ↳ app/controllers/events_controller.rb:49:in `set_event'
  [1m[36mEvent Load (1.4ms)[0m  [1m[34mSELECT "events".* FROM "events" WHERE "events"."external_id" = 'sample-event-8dc992f8' LIMIT 1 /*action='upvote',application='BillettoAssignment',controller='events'*/[0m
  ↳ app/domain/events/vote_command.rb:16:in `call'
  [1m[36mTRANSACTION (0.7ms)[0m  [1m[35mBEGIN /*action='upvote',application='BillettoAssignment',controller='events'*/[0m
  ↳ app/domain/events/vote_command.rb:23:in `call'
  [1m[36mRubyEventStore::ActiveRecord::Event Insert (5.3ms)[0m  [1m[32mINSERT INTO "event_store_events" ("event_id","data","metadata","event_type","created_at","valid_at") VALUES ('3fa503d5-e667-4a49-a63e-24fe84c8045d', '\x2d2d2d0a3a6576656e745f69643a2073616d706c652d6576656e742d38646339393266380a3a757365725f69643a2030363233333762342d653365362d343336312d613135352d3262326434663066326337310a', '\x2d2d2d0a3a72656d6f74655f69703a20223a3a31220a3a726571756573745f69643a2037323331353230622d623261302d346638652d626436342d3931353863353166363332370a3a636f7272656c6174696f6e5f69643a2034336462343536622d313166392d343237312d393565322d3931343734366635353034630a', 'Events::EventUpvoted', '2026-05-06 05:58:21.015759', NULL) RETURNING "id" /*action='upvote',application='BillettoAssignment',controller='events'*/[0m
  ↳ app/domain/events/vote_command.rb:23:in `call'
  [1m[36mTRANSACTION (2.4ms)[0m  [1m[35mCOMMIT /*action='upvote',application='BillettoAssignment',controller='events'*/[0m
  ↳ app/domain/events/vote_command.rb:23:in `call'
  [1m[36mEvent Update All (2.0ms)[0m  [1m[33mUPDATE "events" SET "upvotes_count" = COALESCE("events"."upvotes_count", 0) + 1 WHERE "events"."id" = 31 /*action='upvote',application='BillettoAssignment',controller='events'*/[0m
  ↳ app/domain/events/vote_command.rb:32:in `call'
Redirected to http://localhost:3002/events/31
↳ app/controllers/events_controller.rb:26:in `upvote'
Completed 302 Found in 45ms (ActiveRecord: 13.0ms (4 queries, 0 cached) | GC: 0.8ms)


Started GET "/events/31" for ::1 at 2026-05-06 11:28:21 +0530
Processing by EventsController#show as TURBO_STREAM
  Parameters: {"id"=>"31"}
  [1m[36mEvent Load (1.3ms)[0m  [1m[34mSELECT "events".* FROM "events" WHERE "events"."id" = 31 LIMIT 1 /*action='show',application='BillettoAssignment',controller='events'*/[0m
  ↳ app/controllers/events_controller.rb:49:in `set_event'
  Rendering layout layouts/application.html.erb
  Rendering events/show.html.erb within layouts/application
  Rendered events/show.html.erb within layouts/application (Duration: 8.7ms | GC: 0.0ms)
  Rendered layout layouts/application.html.erb (Duration: 13.7ms | GC: 0.0ms)
Completed 200 OK in 26ms (Views: 16.4ms | ActiveRecord: 1.3ms (1 query, 0 cached) | GC: 0.6ms)


Started POST "/events/31/upvote" for ::1 at 2026-05-06 11:28:21 +0530
Processing by EventsController#upvote as TURBO_STREAM
  Parameters: {"authenticity_token"=>"[FILTERED]", "commit"=>"👍 Upvote", "id"=>"31"}
  [1m[36mEvent Load (1.8ms)[0m  [1m[34mSELECT "events".* FROM "events" WHERE "events"."id" = 31 LIMIT 1 /*action='upvote',application='BillettoAssignment',controller='events'*/[0m
  ↳ app/controllers/events_controller.rb:49:in `set_event'
  [1m[36mEvent Load (1.2ms)[0m  [1m[34mSELECT "events".* FROM "events" WHERE "events"."external_id" = 'sample-event-8dc992f8' LIMIT 1 /*action='upvote',application='BillettoAssignment',controller='events'*/[0m
  ↳ app/domain/events/vote_command.rb:16:in `call'
  [1m[36mTRANSACTION (0.8ms)[0m  [1m[35mBEGIN /*action='upvote',application='BillettoAssignment',controller='events'*/[0m
  ↳ app/domain/events/vote_command.rb:23:in `call'
  [1m[36mRubyEventStore::ActiveRecord::Event Insert (6.9ms)[0m  [1m[32mINSERT INTO "event_store_events" ("event_id","data","metadata","event_type","created_at","valid_at") VALUES ('2e84ff8e-1a19-479a-9a25-82f023512c6f', '\x2d2d2d0a3a6576656e745f69643a2073616d706c652d6576656e742d38646339393266380a3a757365725f69643a2030363233333762342d653365362d343336312d613135352d3262326434663066326337310a', '\x2d2d2d0a3a72656d6f74655f69703a20223a3a31220a3a726571756573745f69643a2031636632663066342d626631312d343138642d613539632d3237653631643432373433340a3a636f7272656c6174696f6e5f69643a2033386564383635372d633631312d343330312d393238632d6139646334383639643733620a', 'Events::EventUpvoted', '2026-05-06 05:58:21.376794', NULL) RETURNING "id" /*action='upvote',application='BillettoAssignment',controller='events'*/[0m
  ↳ app/domain/events/vote_command.rb:23:in `call'
  [1m[36mTRANSACTION (1.6ms)[0m  [1m[35mCOMMIT /*action='upvote',application='BillettoAssignment',controller='events'*/[0m
  ↳ app/domain/events/vote_command.rb:23:in `call'
  [1m[36mEvent Update All (2.7ms)[0m  [1m[33mUPDATE "events" SET "upvotes_count" = COALESCE("events"."upvotes_count", 0) + 1 WHERE "events"."id" = 31 /*action='upvote',application='BillettoAssignment',controller='events'*/[0m
  ↳ app/domain/events/vote_command.rb:32:in `call'
Redirected to http://localhost:3002/events/31
↳ app/controllers/events_controller.rb:26:in `upvote'
Completed 302 Found in 49ms (ActiveRecord: 14.8ms (4 queries, 0 cached) | GC: 1.4ms)


Started GET "/events/31" for ::1 at 2026-05-06 11:28:21 +0530
Processing by EventsController#show as TURBO_STREAM
  Parameters: {"id"=>"31"}
  [1m[36mEvent Load (2.6ms)[0m  [1m[34mSELECT "events".* FROM "events" WHERE "events"."id" = 31 LIMIT 1 /*action='show',application='BillettoAssignment',controller='events'*/[0m
  ↳ app/controllers/events_controller.rb:49:in `set_event'
  Rendering layout layouts/application.html.erb
  Rendering events/show.html.erb within layouts/application
  Rendered events/show.html.erb within layouts/application (Duration: 8.7ms | GC: 0.8ms)
  Rendered layout layouts/application.html.erb (Duration: 14.2ms | GC: 0.8ms)
Completed 200 OK in 26ms (Views: 16.2ms | ActiveRecord: 2.5ms (1 query, 0 cached) | GC: 0.8ms)


Started POST "/events/31/upvote" for ::1 at 2026-05-06 11:28:21 +0530
Processing by EventsController#upvote as TURBO_STREAM
  Parameters: {"authenticity_token"=>"[FILTERED]", "commit"=>"👍 Upvote", "id"=>"31"}
  [1m[36mEvent Load (1.6ms)[0m  [1m[34mSELECT "events".* FROM "events" WHERE "events"."id" = 31 LIMIT 1 /*action='upvote',application='BillettoAssignment',controller='events'*/[0m
  ↳ app/controllers/events_controller.rb:49:in `set_event'
  [1m[36mEvent Load (1.3ms)[0m  [1m[34mSELECT "events".* FROM "events" WHERE "events"."external_id" = 'sample-event-8dc992f8' LIMIT 1 /*action='upvote',application='BillettoAssignment',controller='events'*/[0m
  ↳ app/domain/events/vote_command.rb:16:in `call'
  [1m[36mTRANSACTION (1.5ms)[0m  [1m[35mBEGIN /*action='upvote',application='BillettoAssignment',controller='events'*/[0m
  ↳ app/domain/events/vote_command.rb:23:in `call'
  [1m[36mRubyEventStore::ActiveRecord::Event Insert (7.6ms)[0m  [1m[32mINSERT INTO "event_store_events" ("event_id","data","metadata","event_type","created_at","valid_at") VALUES ('13593a76-4da3-4199-a37a-3165dc4c6d0f', '\x2d2d2d0a3a6576656e745f69643a2073616d706c652d6576656e742d38646339393266380a3a757365725f69643a2030363233333762342d653365362d343336312d613135352d3262326434663066326337310a', '\x2d2d2d0a3a72656d6f74655f69703a20223a3a31220a3a726571756573745f69643a2030326338323830392d666662652d343766352d393231652d3464343932326332666531650a3a636f7272656c6174696f6e5f69643a2039333563373365642d393834322d343830362d613138632d6366383338373736653165320a', 'Events::EventUpvoted', '2026-05-06 05:58:21.723361', NULL) RETURNING "id" /*action='upvote',application='BillettoAssignment',controller='events'*/[0m
  ↳ app/domain/events/vote_command.rb:23:in `call'
  [1m[36mTRANSACTION (1.7ms)[0m  [1m[35mCOMMIT /*action='upvote',application='BillettoAssignment',controller='events'*/[0m
  ↳ app/domain/events/vote_command.rb:23:in `call'
  [1m[36mEvent Update All (3.0ms)[0m  [1m[33mUPDATE "events" SET "upvotes_count" = COALESCE("events"."upvotes_count", 0) + 1 WHERE "events"."id" = 31 /*action='upvote',application='BillettoAssignment',controller='events'*/[0m
  ↳ app/domain/events/vote_command.rb:32:in `call'
Redirected to http://localhost:3002/events/31
↳ app/controllers/events_controller.rb:26:in `upvote'
Completed 302 Found in 50ms (ActiveRecord: 16.4ms (4 queries, 0 cached) | GC: 0.9ms)


Started GET "/events/31" for ::1 at 2026-05-06 11:28:21 +0530
Processing by EventsController#show as TURBO_STREAM
  Parameters: {"id"=>"31"}
  [1m[36mEvent Load (2.2ms)[0m  [1m[34mSELECT "events".* FROM "events" WHERE "events"."id" = 31 LIMIT 1 /*action='show',application='BillettoAssignment',controller='events'*/[0m
  ↳ app/controllers/events_controller.rb:49:in `set_event'
  Rendering layout layouts/application.html.erb
  Rendering events/show.html.erb within layouts/application
  Rendered events/show.html.erb within layouts/application (Duration: 9.0ms | GC: 0.0ms)
  Rendered layout layouts/application.html.erb (Duration: 13.7ms | GC: 0.0ms)
Completed 200 OK in 30ms (Views: 16.3ms | ActiveRecord: 2.2ms (1 query, 0 cached) | GC: 1.1ms)


Started GET "/events" for ::1 at 2026-05-06 11:28:23 +0530
Processing by EventsController#index as HTML
  Rendering layout layouts/application.html.erb
  Rendering events/index.html.erb within layouts/application
  [1m[36mEvent Exists? (1.3ms)[0m  [1m[34mSELECT 1 AS one FROM "events" LIMIT 1 OFFSET 0 /*action='index',application='BillettoAssignment',controller='events'*/[0m
  ↳ app/views/events/index.html.erb:11
  [1m[36mEvent Load (1.5ms)[0m  [1m[34mSELECT "events".* FROM "events" ORDER BY "events"."start_date" ASC LIMIT 12 OFFSET 0 /*action='index',application='BillettoAssignment',controller='events'*/[0m
  ↳ app/views/events/index.html.erb:22
  [1m[36mEvent Count (0.6ms)[0m  [1m[34mSELECT COUNT(*) FROM "events" /*action='index',application='BillettoAssignment',controller='events'*/[0m
  ↳ app/views/events/index.html.erb:76
  Rendered events/index.html.erb within layouts/application (Duration: 51.1ms | GC: 1.6ms)
  Rendered layout layouts/application.html.erb (Duration: 53.4ms | GC: 1.8ms)
Completed 200 OK in 60ms (Views: 52.1ms | ActiveRecord: 3.3ms (3 queries, 0 cached) | GC: 1.8ms)


Started GET "/events/6" for ::1 at 2026-05-06 11:28:26 +0530
Processing by EventsController#show as HTML
  Parameters: {"id"=>"6"}
  [1m[36mEvent Load (0.7ms)[0m  [1m[34mSELECT "events".* FROM "events" WHERE "events"."id" = 6 LIMIT 1 /*action='show',application='BillettoAssignment',controller='events'*/[0m
  ↳ app/controllers/events_controller.rb:49:in `set_event'
  Rendering layout layouts/application.html.erb
  Rendering events/show.html.erb within layouts/application
  Rendered events/show.html.erb within layouts/application (Duration: 4.2ms | GC: 0.3ms)
  Rendered layout layouts/application.html.erb (Duration: 7.2ms | GC: 0.3ms)
Completed 200 OK in 12ms (Views: 8.1ms | ActiveRecord: 0.7ms (1 query, 0 cached) | GC: 0.3ms)


Started POST "/events/6/upvote" for ::1 at 2026-05-06 11:28:27 +0530
Processing by EventsController#upvote as TURBO_STREAM
  Parameters: {"authenticity_token"=>"[FILTERED]", "commit"=>"👍 Upvote", "id"=>"6"}
  [1m[36mEvent Load (0.9ms)[0m  [1m[34mSELECT "events".* FROM "events" WHERE "events"."id" = 6 LIMIT 1 /*action='upvote',application='BillettoAssignment',controller='events'*/[0m
  ↳ app/controllers/events_controller.rb:49:in `set_event'
  [1m[36mEvent Load (0.7ms)[0m  [1m[34mSELECT "events".* FROM "events" WHERE "events"."external_id" = 'sample-event-a3c025ae' LIMIT 1 /*action='upvote',application='BillettoAssignment',controller='events'*/[0m
  ↳ app/domain/events/vote_command.rb:16:in `call'
  [1m[36mTRANSACTION (0.4ms)[0m  [1m[35mBEGIN /*action='upvote',application='BillettoAssignment',controller='events'*/[0m
  ↳ app/domain/events/vote_command.rb:23:in `call'
  [1m[36mRubyEventStore::ActiveRecord::Event Insert (2.7ms)[0m  [1m[32mINSERT INTO "event_store_events" ("event_id","data","metadata","event_type","created_at","valid_at") VALUES ('e4a7cce8-d64e-4087-ab0b-0c5915a9754c', '\x2d2d2d0a3a6576656e745f69643a2073616d706c652d6576656e742d61336330323561650a3a757365725f69643a2030363233333762342d653365362d343336312d613135352d3262326434663066326337310a', '\x2d2d2d0a3a72656d6f74655f69703a20223a3a31220a3a726571756573745f69643a2066326234376363352d396664662d343938652d623836662d3034333663343630623264640a3a636f7272656c6174696f6e5f69643a2036633139633762652d343133382d343535632d613061342d6266633665303466366463610a', 'Events::EventUpvoted', '2026-05-06 05:58:28.003304', NULL) RETURNING "id" /*action='upvote',application='BillettoAssignment',controller='events'*/[0m
  ↳ app/domain/events/vote_command.rb:23:in `call'
  [1m[36mTRANSACTION (1.1ms)[0m  [1m[35mCOMMIT /*action='upvote',application='BillettoAssignment',controller='events'*/[0m
  ↳ app/domain/events/vote_command.rb:23:in `call'
  [1m[36mEvent Update All (1.5ms)[0m  [1m[33mUPDATE "events" SET "upvotes_count" = COALESCE("events"."upvotes_count", 0) + 1 WHERE "events"."id" = 6 /*action='upvote',application='BillettoAssignment',controller='events'*/[0m
  ↳ app/domain/events/vote_command.rb:32:in `call'
Redirected to http://localhost:3002/events/6
↳ app/controllers/events_controller.rb:26:in `upvote'
Completed 302 Found in 22ms (ActiveRecord: 7.1ms (4 queries, 0 cached) | GC: 0.3ms)


Started GET "/events/6" for ::1 at 2026-05-06 11:28:28 +0530
Processing by EventsController#show as TURBO_STREAM
  Parameters: {"id"=>"6"}
  [1m[36mEvent Load (0.8ms)[0m  [1m[34mSELECT "events".* FROM "events" WHERE "events"."id" = 6 LIMIT 1 /*action='show',application='BillettoAssignment',controller='events'*/[0m
  ↳ app/controllers/events_controller.rb:49:in `set_event'
  Rendering layout layouts/application.html.erb
  Rendering events/show.html.erb within layouts/application
  Rendered events/show.html.erb within layouts/application (Duration: 3.1ms | GC: 0.0ms)
  Rendered layout layouts/application.html.erb (Duration: 4.9ms | GC: 0.0ms)
Completed 200 OK in 10ms (Views: 5.9ms | ActiveRecord: 0.8ms (1 query, 0 cached) | GC: 0.0ms)


Started POST "/events/6/upvote" for ::1 at 2026-05-06 11:28:29 +0530
Processing by EventsController#upvote as TURBO_STREAM
  Parameters: {"authenticity_token"=>"[FILTERED]", "commit"=>"👍 Upvote", "id"=>"6"}
  [1m[36mEvent Load (0.6ms)[0m  [1m[34mSELECT "events".* FROM "events" WHERE "events"."id" = 6 LIMIT 1 /*action='upvote',application='BillettoAssignment',controller='events'*/[0m
  ↳ app/controllers/events_controller.rb:49:in `set_event'
  [1m[36mEvent Load (0.4ms)[0m  [1m[34mSELECT "events".* FROM "events" WHERE "events"."external_id" = 'sample-event-a3c025ae' LIMIT 1 /*action='upvote',application='BillettoAssignment',controller='events'*/[0m
  ↳ app/domain/events/vote_command.rb:16:in `call'
  [1m[36mTRANSACTION (0.3ms)[0m  [1m[35mBEGIN /*action='upvote',application='BillettoAssignment',controller='events'*/[0m
  ↳ app/domain/events/vote_command.rb:23:in `call'
  [1m[36mRubyEventStore::ActiveRecord::Event Insert (2.5ms)[0m  [1m[32mINSERT INTO "event_store_events" ("event_id","data","metadata","event_type","created_at","valid_at") VALUES ('175dc5ae-560f-4655-a977-73629268fe11', '\x2d2d2d0a3a6576656e745f69643a2073616d706c652d6576656e742d61336330323561650a3a757365725f69643a2030363233333762342d653365362d343336312d613135352d3262326434663066326337310a', '\x2d2d2d0a3a72656d6f74655f69703a20223a3a31220a3a726571756573745f69643a2038316164396633352d373861342d343436392d383532352d3361333166383232613366660a3a636f7272656c6174696f6e5f69643a2066613037333734622d303438342d346131662d393237332d3938306133366464386263350a', 'Events::EventUpvoted', '2026-05-06 05:58:29.342111', NULL) RETURNING "id" /*action='upvote',application='BillettoAssignment',controller='events'*/[0m
  ↳ app/domain/events/vote_command.rb:23:in `call'
  [1m[36mTRANSACTION (1.0ms)[0m  [1m[35mCOMMIT /*action='upvote',application='BillettoAssignment',controller='events'*/[0m
  ↳ app/domain/events/vote_command.rb:23:in `call'
  [1m[36mEvent Update All (1.0ms)[0m  [1m[33mUPDATE "events" SET "upvotes_count" = COALESCE("events"."upvotes_count", 0) + 1 WHERE "events"."id" = 6 /*action='upvote',application='BillettoAssignment',controller='events'*/[0m
  ↳ app/domain/events/vote_command.rb:32:in `call'
Redirected to http://localhost:3002/events/6
↳ app/controllers/events_controller.rb:26:in `upvote'
Completed 302 Found in 15ms (ActiveRecord: 5.8ms (4 queries, 0 cached) | GC: 0.0ms)


Started GET "/events/6" for ::1 at 2026-05-06 11:28:29 +0530
Processing by EventsController#show as TURBO_STREAM
  Parameters: {"id"=>"6"}
  [1m[36mEvent Load (0.5ms)[0m  [1m[34mSELECT "events".* FROM "events" WHERE "events"."id" = 6 LIMIT 1 /*action='show',application='BillettoAssignment',controller='events'*/[0m
  ↳ app/controllers/events_controller.rb:49:in `set_event'
  Rendering layout layouts/application.html.erb
  Rendering events/show.html.erb within layouts/application
  Rendered events/show.html.erb within layouts/application (Duration: 2.9ms | GC: 0.0ms)
  Rendered layout layouts/application.html.erb (Duration: 5.6ms | GC: 0.6ms)
Completed 200 OK in 10ms (Views: 6.4ms | ActiveRecord: 0.5ms (1 query, 0 cached) | GC: 0.6ms)


Started POST "/events/6/upvote" for ::1 at 2026-05-06 11:28:29 +0530
Processing by EventsController#upvote as TURBO_STREAM
  Parameters: {"authenticity_token"=>"[FILTERED]", "commit"=>"👍 Upvote", "id"=>"6"}
  [1m[36mEvent Load (0.8ms)[0m  [1m[34mSELECT "events".* FROM "events" WHERE "events"."id" = 6 LIMIT 1 /*action='upvote',application='BillettoAssignment',controller='events'*/[0m
  ↳ app/controllers/events_controller.rb:49:in `set_event'
  [1m[36mEvent Load (0.6ms)[0m  [1m[34mSELECT "events".* FROM "events" WHERE "events"."external_id" = 'sample-event-a3c025ae' LIMIT 1 /*action='upvote',application='BillettoAssignment',controller='events'*/[0m
  ↳ app/domain/events/vote_command.rb:16:in `call'
  [1m[36mTRANSACTION (0.3ms)[0m  [1m[35mBEGIN /*action='upvote',application='BillettoAssignment',controller='events'*/[0m
  ↳ app/domain/events/vote_command.rb:23:in `call'
  [1m[36mRubyEventStore::ActiveRecord::Event Insert (1.8ms)[0m  [1m[32mINSERT INTO "event_store_events" ("event_id","data","metadata","event_type","created_at","valid_at") VALUES ('77e85240-e57e-4d12-91db-638f6d7cb2a2', '\x2d2d2d0a3a6576656e745f69643a2073616d706c652d6576656e742d61336330323561650a3a757365725f69643a2030363233333762342d653365362d343336312d613135352d3262326434663066326337310a', '\x2d2d2d0a3a72656d6f74655f69703a20223a3a31220a3a726571756573745f69643a2039393661356631382d393064352d343838362d616465372d3764333635656664366236650a3a636f7272656c6174696f6e5f69643a2035383931316637632d616233392d343638332d396139352d3562633439636534346238300a', 'Events::EventUpvoted', '2026-05-06 05:58:29.482818', NULL) RETURNING "id" /*action='upvote',application='BillettoAssignment',controller='events'*/[0m
  ↳ app/domain/events/vote_command.rb:23:in `call'
  [1m[36mTRANSACTION (1.0ms)[0m  [1m[35mCOMMIT /*action='upvote',application='BillettoAssignment',controller='events'*/[0m
  ↳ app/domain/events/vote_command.rb:23:in `call'
  [1m[36mEvent Update All (1.2ms)[0m  [1m[33mUPDATE "events" SET "upvotes_count" = COALESCE("events"."upvotes_count", 0) + 1 WHERE "events"."id" = 6 /*action='upvote',application='BillettoAssignment',controller='events'*/[0m
  ↳ app/domain/events/vote_command.rb:32:in `call'
Redirected to http://localhost:3002/events/6
↳ app/controllers/events_controller.rb:26:in `upvote'
Completed 302 Found in 18ms (ActiveRecord: 5.7ms (4 queries, 0 cached) | GC: 1.5ms)


Started GET "/events/6" for ::1 at 2026-05-06 11:28:29 +0530
Processing by EventsController#show as TURBO_STREAM
  Parameters: {"id"=>"6"}
  [1m[36mEvent Load (0.6ms)[0m  [1m[34mSELECT "events".* FROM "events" WHERE "events"."id" = 6 LIMIT 1 /*action='show',application='BillettoAssignment',controller='events'*/[0m
  ↳ app/controllers/events_controller.rb:49:in `set_event'
  Rendering layout layouts/application.html.erb
  Rendering events/show.html.erb within layouts/application
  Rendered events/show.html.erb within layouts/application (Duration: 3.1ms | GC: 0.4ms)
  Rendered layout layouts/application.html.erb (Duration: 4.5ms | GC: 0.4ms)
Completed 200 OK in 8ms (Views: 5.1ms | ActiveRecord: 0.6ms (1 query, 0 cached) | GC: 0.4ms)


Started POST "/events/6/upvote" for ::1 at 2026-05-06 11:28:29 +0530
Processing by EventsController#upvote as TURBO_STREAM
  Parameters: {"authenticity_token"=>"[FILTERED]", "commit"=>"👍 Upvote", "id"=>"6"}
  [1m[36mEvent Load (1.1ms)[0m  [1m[34mSELECT "events".* FROM "events" WHERE "events"."id" = 6 LIMIT 1 /*action='upvote',application='BillettoAssignment',controller='events'*/[0m
  ↳ app/controllers/events_controller.rb:49:in `set_event'
  [1m[36mEvent Load (1.2ms)[0m  [1m[34mSELECT "events".* FROM "events" WHERE "events"."external_id" = 'sample-event-a3c025ae' LIMIT 1 /*action='upvote',application='BillettoAssignment',controller='events'*/[0m
  ↳ app/domain/events/vote_command.rb:16:in `call'
  [1m[36mTRANSACTION (0.7ms)[0m  [1m[35mBEGIN /*action='upvote',application='BillettoAssignment',controller='events'*/[0m
  ↳ app/domain/events/vote_command.rb:23:in `call'
  [1m[36mRubyEventStore::ActiveRecord::Event Insert (6.0ms)[0m  [1m[32mINSERT INTO "event_store_events" ("event_id","data","metadata","event_type","created_at","valid_at") VALUES ('f39dcb41-3e82-4404-83dd-35f21154179f', '\x2d2d2d0a3a6576656e745f69643a2073616d706c652d6576656e742d61336330323561650a3a757365725f69643a2030363233333762342d653365362d343336312d613135352d3262326434663066326337310a', '\x2d2d2d0a3a72656d6f74655f69703a20223a3a31220a3a726571756573745f69643a2031386264313462662d326663332d346134332d623033632d3130613665646365636461360a3a636f7272656c6174696f6e5f69643a2063393832313232352d643830382d343562642d623266662d6437353034383536323231610a', 'Events::EventUpvoted', '2026-05-06 05:58:29.679951', NULL) RETURNING "id" /*action='upvote',application='BillettoAssignment',controller='events'*/[0m
  ↳ app/domain/events/vote_command.rb:23:in `call'
  [1m[36mTRANSACTION (2.3ms)[0m  [1m[35mCOMMIT /*action='upvote',application='BillettoAssignment',controller='events'*/[0m
  ↳ app/domain/events/vote_command.rb:23:in `call'
  [1m[36mEvent Update All (2.0ms)[0m  [1m[33mUPDATE "events" SET "upvotes_count" = COALESCE("events"."upvotes_count", 0) + 1 WHERE "events"."id" = 6 /*action='upvote',application='BillettoAssignment',controller='events'*/[0m
  ↳ app/domain/events/vote_command.rb:32:in `call'
Redirected to http://localhost:3002/events/6
↳ app/controllers/events_controller.rb:26:in `upvote'
Completed 302 Found in 45ms (ActiveRecord: 13.1ms (4 queries, 0 cached) | GC: 0.5ms)


Started GET "/events/6" for ::1 at 2026-05-06 11:28:29 +0530
Processing by EventsController#show as TURBO_STREAM
  Parameters: {"id"=>"6"}
  [1m[36mEvent Load (0.8ms)[0m  [1m[34mSELECT "events".* FROM "events" WHERE "events"."id" = 6 LIMIT 1 /*action='show',application='BillettoAssignment',controller='events'*/[0m
  ↳ app/controllers/events_controller.rb:49:in `set_event'
  Rendering layout layouts/application.html.erb
  Rendering events/show.html.erb within layouts/application
  Rendered events/show.html.erb within layouts/application (Duration: 4.9ms | GC: 0.0ms)
  Rendered layout layouts/application.html.erb (Duration: 7.2ms | GC: 0.0ms)
Completed 200 OK in 12ms (Views: 8.1ms | ActiveRecord: 0.8ms (1 query, 0 cached) | GC: 0.0ms)


Started POST "/events/6/upvote" for ::1 at 2026-05-06 11:28:29 +0530
Processing by EventsController#upvote as TURBO_STREAM
  Parameters: {"authenticity_token"=>"[FILTERED]", "commit"=>"👍 Upvote", "id"=>"6"}
  [1m[36mEvent Load (1.4ms)[0m  [1m[34mSELECT "events".* FROM "events" WHERE "events"."id" = 6 LIMIT 1 /*action='upvote',application='BillettoAssignment',controller='events'*/[0m
  ↳ app/controllers/events_controller.rb:49:in `set_event'
  [1m[36mEvent Load (1.2ms)[0m  [1m[34mSELECT "events".* FROM "events" WHERE "events"."external_id" = 'sample-event-a3c025ae' LIMIT 1 /*action='upvote',application='BillettoAssignment',controller='events'*/[0m
  ↳ app/domain/events/vote_command.rb:16:in `call'
  [1m[36mTRANSACTION (1.4ms)[0m  [1m[35mBEGIN /*action='upvote',application='BillettoAssignment',controller='events'*/[0m
  ↳ app/domain/events/vote_command.rb:23:in `call'
  [1m[36mRubyEventStore::ActiveRecord::Event Insert (7.9ms)[0m  [1m[32mINSERT INTO "event_store_events" ("event_id","data","metadata","event_type","created_at","valid_at") VALUES ('33aaf4b4-6628-463a-942d-fc98e138f4b0', '\x2d2d2d0a3a6576656e745f69643a2073616d706c652d6576656e742d61336330323561650a3a757365725f69643a2030363233333762342d653365362d343336312d613135352d3262326434663066326337310a', '\x2d2d2d0a3a72656d6f74655f69703a20223a3a31220a3a726571756573745f69643a2064326437633761642d373561382d343837352d626536642d3836393862663462313633340a3a636f7272656c6174696f6e5f69643a2039363461613531652d393863302d343438312d623531652d3336353632643065623038640a', 'Events::EventUpvoted', '2026-05-06 05:58:30.008172', NULL) RETURNING "id" /*action='upvote',application='BillettoAssignment',controller='events'*/[0m
  ↳ app/domain/events/vote_command.rb:23:in `call'
  [1m[36mTRANSACTION (1.6ms)[0m  [1m[35mCOMMIT /*action='upvote',application='BillettoAssignment',controller='events'*/[0m
  ↳ app/domain/events/vote_command.rb:23:in `call'
  [1m[36mEvent Update All (3.5ms)[0m  [1m[33mUPDATE "events" SET "upvotes_count" = COALESCE("events"."upvotes_count", 0) + 1 WHERE "events"."id" = 6 /*action='upvote',application='BillettoAssignment',controller='events'*/[0m
  ↳ app/domain/events/vote_command.rb:32:in `call'
Redirected to http://localhost:3002/events/6
↳ app/controllers/events_controller.rb:26:in `upvote'
Completed 302 Found in 49ms (ActiveRecord: 16.6ms (4 queries, 0 cached) | GC: 0.8ms)


Started GET "/events/6" for ::1 at 2026-05-06 11:28:30 +0530
Processing by EventsController#show as TURBO_STREAM
  Parameters: {"id"=>"6"}
  [1m[36mEvent Load (0.9ms)[0m  [1m[34mSELECT "events".* FROM "events" WHERE "events"."id" = 6 LIMIT 1 /*action='show',application='BillettoAssignment',controller='events'*/[0m
  ↳ app/controllers/events_controller.rb:49:in `set_event'
  Rendering layout layouts/application.html.erb
  Rendering events/show.html.erb within layouts/application
  Rendered events/show.html.erb within layouts/application (Duration: 3.8ms | GC: 0.0ms)
  Rendered layout layouts/application.html.erb (Duration: 5.8ms | GC: 0.0ms)
Completed 200 OK in 15ms (Views: 6.7ms | ActiveRecord: 0.9ms (1 query, 0 cached) | GC: 0.4ms)


Started POST "/events/6/upvote" for ::1 at 2026-05-06 11:28:30 +0530
Processing by EventsController#upvote as TURBO_STREAM
  Parameters: {"authenticity_token"=>"[FILTERED]", "commit"=>"👍 Upvote", "id"=>"6"}
  [1m[36mEvent Load (1.3ms)[0m  [1m[34mSELECT "events".* FROM "events" WHERE "events"."id" = 6 LIMIT 1 /*action='upvote',application='BillettoAssignment',controller='events'*/[0m
  ↳ app/controllers/events_controller.rb:49:in `set_event'
  [1m[36mEvent Load (1.5ms)[0m  [1m[34mSELECT "events".* FROM "events" WHERE "events"."external_id" = 'sample-event-a3c025ae' LIMIT 1 /*action='upvote',application='BillettoAssignment',controller='events'*/[0m
  ↳ app/domain/events/vote_command.rb:16:in `call'
  [1m[36mTRANSACTION (1.0ms)[0m  [1m[35mBEGIN /*action='upvote',application='BillettoAssignment',controller='events'*/[0m
  ↳ app/domain/events/vote_command.rb:23:in `call'
  [1m[36mRubyEventStore::ActiveRecord::Event Insert (9.2ms)[0m  [1m[32mINSERT INTO "event_store_events" ("event_id","data","metadata","event_type","created_at","valid_at") VALUES ('954b0a42-8296-4e40-8ceb-c28df4f0b2dc', '\x2d2d2d0a3a6576656e745f69643a2073616d706c652d6576656e742d61336330323561650a3a757365725f69643a2030363233333762342d653365362d343336312d613135352d3262326434663066326337310a', '\x2d2d2d0a3a72656d6f74655f69703a20223a3a31220a3a726571756573745f69643a2063626134396131662d646431652d343632612d383565652d3830376437356431336633630a3a636f7272656c6174696f6e5f69643a2062656534306163332d633039632d343361322d386436642d3461363763303265313664370a', 'Events::EventUpvoted', '2026-05-06 05:58:30.343190', NULL) RETURNING "id" /*action='upvote',application='BillettoAssignment',controller='events'*/[0m
  ↳ app/domain/events/vote_command.rb:23:in `call'
  [1m[36mTRANSACTION (2.3ms)[0m  [1m[35mCOMMIT /*action='upvote',application='BillettoAssignment',controller='events'*/[0m
  ↳ app/domain/events/vote_command.rb:23:in `call'
  [1m[36mEvent Update All (3.5ms)[0m  [1m[33mUPDATE "events" SET "upvotes_count" = COALESCE("events"."upvotes_count", 0) + 1 WHERE "events"."id" = 6 /*action='upvote',application='BillettoAssignment',controller='events'*/[0m
  ↳ app/domain/events/vote_command.rb:32:in `call'
Redirected to http://localhost:3002/events/6
↳ app/controllers/events_controller.rb:26:in `upvote'
Completed 302 Found in 68ms (ActiveRecord: 18.6ms (4 queries, 0 cached) | GC: 1.9ms)


Started GET "/events/6" for ::1 at 2026-05-06 11:28:30 +0530
Processing by EventsController#show as TURBO_STREAM
  Parameters: {"id"=>"6"}
  [1m[36mEvent Load (0.6ms)[0m  [1m[34mSELECT "events".* FROM "events" WHERE "events"."id" = 6 LIMIT 1 /*action='show',application='BillettoAssignment',controller='events'*/[0m
  ↳ app/controllers/events_controller.rb:49:in `set_event'
  Rendering layout layouts/application.html.erb
  Rendering events/show.html.erb within layouts/application
  Rendered events/show.html.erb within layouts/application (Duration: 3.2ms | GC: 0.0ms)
  Rendered layout layouts/application.html.erb (Duration: 5.4ms | GC: 0.3ms)
Completed 200 OK in 12ms (Views: 6.7ms | ActiveRecord: 0.6ms (1 query, 0 cached) | GC: 0.3ms)


Started POST "/events/6/upvote" for ::1 at 2026-05-06 11:28:30 +0530
Processing by EventsController#upvote as TURBO_STREAM
  Parameters: {"authenticity_token"=>"[FILTERED]", "commit"=>"👍 Upvote", "id"=>"6"}
  [1m[36mEvent Load (1.6ms)[0m  [1m[34mSELECT "events".* FROM "events" WHERE "events"."id" = 6 LIMIT 1 /*action='upvote',application='BillettoAssignment',controller='events'*/[0m
  ↳ app/controllers/events_controller.rb:49:in `set_event'
  [1m[36mEvent Load (1.6ms)[0m  [1m[34mSELECT "events".* FROM "events" WHERE "events"."external_id" = 'sample-event-a3c025ae' LIMIT 1 /*action='upvote',application='BillettoAssignment',controller='events'*/[0m
  ↳ app/domain/events/vote_command.rb:16:in `call'
  [1m[36mTRANSACTION (0.8ms)[0m  [1m[35mBEGIN /*action='upvote',application='BillettoAssignment',controller='events'*/[0m
  ↳ app/domain/events/vote_command.rb:23:in `call'
  [1m[36mRubyEventStore::ActiveRecord::Event Insert (7.0ms)[0m  [1m[32mINSERT INTO "event_store_events" ("event_id","data","metadata","event_type","created_at","valid_at") VALUES ('1a84ec56-1dab-48ea-8a41-de87a81b7594', '\x2d2d2d0a3a6576656e745f69643a2073616d706c652d6576656e742d61336330323561650a3a757365725f69643a2030363233333762342d653365362d343336312d613135352d3262326434663066326337310a', '\x2d2d2d0a3a72656d6f74655f69703a20223a3a31220a3a726571756573745f69643a2032633636306535312d626630352d343436642d396439392d6332633665613735393565350a3a636f7272656c6174696f6e5f69643a2033653538613339642d633731612d343666332d623038362d3763306330663538373265660a', 'Events::EventUpvoted', '2026-05-06 05:58:30.653148', NULL) RETURNING "id" /*action='upvote',application='BillettoAssignment',controller='events'*/[0m
  ↳ app/domain/events/vote_command.rb:23:in `call'
  [1m[36mTRANSACTION (1.7ms)[0m  [1m[35mCOMMIT /*action='upvote',application='BillettoAssignment',controller='events'*/[0m
  ↳ app/domain/events/vote_command.rb:23:in `call'
  [1m[36mEvent Update All (2.5ms)[0m  [1m[33mUPDATE "events" SET "upvotes_count" = COALESCE("events"."upvotes_count", 0) + 1 WHERE "events"."id" = 6 /*action='upvote',application='BillettoAssignment',controller='events'*/[0m
  ↳ app/domain/events/vote_command.rb:32:in `call'
Redirected to http://localhost:3002/events/6
↳ app/controllers/events_controller.rb:26:in `upvote'
Completed 302 Found in 48ms (ActiveRecord: 15.0ms (4 queries, 0 cached) | GC: 0.6ms)


Started GET "/events/6" for ::1 at 2026-05-06 11:28:30 +0530
Processing by EventsController#show as TURBO_STREAM
  Parameters: {"id"=>"6"}
  [1m[36mEvent Load (1.8ms)[0m  [1m[34mSELECT "events".* FROM "events" WHERE "events"."id" = 6 LIMIT 1 /*action='show',application='BillettoAssignment',controller='events'*/[0m
  ↳ app/controllers/events_controller.rb:49:in `set_event'
  Rendering layout layouts/application.html.erb
  Rendering events/show.html.erb within layouts/application
  Rendered events/show.html.erb within layouts/application (Duration: 6.6ms | GC: 0.0ms)
  Rendered layout layouts/application.html.erb (Duration: 10.8ms | GC: 0.0ms)
Completed 200 OK in 22ms (Views: 13.1ms | ActiveRecord: 1.7ms (1 query, 0 cached) | GC: 0.7ms)


Started GET "/events" for ::1 at 2026-05-06 11:28:32 +0530
Processing by EventsController#index as HTML
  Rendering layout layouts/application.html.erb
  Rendering events/index.html.erb within layouts/application
  [1m[36mEvent Exists? (4.3ms)[0m  [1m[34mSELECT 1 AS one FROM "events" LIMIT 1 OFFSET 0 /*action='index',application='BillettoAssignment',controller='events'*/[0m
  ↳ app/views/events/index.html.erb:11
  [1m[36mEvent Load (1.9ms)[0m  [1m[34mSELECT "events".* FROM "events" ORDER BY "events"."start_date" ASC LIMIT 12 OFFSET 0 /*action='index',application='BillettoAssignment',controller='events'*/[0m
  ↳ app/views/events/index.html.erb:22
  [1m[36mEvent Count (0.5ms)[0m  [1m[34mSELECT COUNT(*) FROM "events" /*action='index',application='BillettoAssignment',controller='events'*/[0m
  ↳ app/views/events/index.html.erb:76
  Rendered events/index.html.erb within layouts/application (Duration: 68.8ms | GC: 1.3ms)
  Rendered layout layouts/application.html.erb (Duration: 70.7ms | GC: 1.3ms)
Completed 200 OK in 79ms (Views: 66.2ms | ActiveRecord: 6.7ms (3 queries, 0 cached) | GC: 1.6ms)


Started GET "/events" for ::1 at 2026-05-06 11:28:35 +0530
Processing by EventsController#index as HTML
  Rendering layout layouts/application.html.erb
  Rendering events/index.html.erb within layouts/application
  [1m[36mEvent Exists? (0.4ms)[0m  [1m[34mSELECT 1 AS one FROM "events" LIMIT 1 OFFSET 0 /*action='index',application='BillettoAssignment',controller='events'*/[0m
  ↳ app/views/events/index.html.erb:11
  [1m[36mEvent Load (0.4ms)[0m  [1m[34mSELECT "events".* FROM "events" ORDER BY "events"."start_date" ASC LIMIT 12 OFFSET 0 /*action='index',application='BillettoAssignment',controller='events'*/[0m
  ↳ app/views/events/index.html.erb:22
  [1m[36mEvent Count (0.4ms)[0m  [1m[34mSELECT COUNT(*) FROM "events" /*action='index',application='BillettoAssignment',controller='events'*/[0m
  ↳ app/views/events/index.html.erb:76
  Rendered events/index.html.erb within layouts/application (Duration: 16.6ms | GC: 0.6ms)
  Rendered layout layouts/application.html.erb (Duration: 17.6ms | GC: 0.6ms)
Completed 200 OK in 20ms (Views: 17.1ms | ActiveRecord: 1.1ms (3 queries, 0 cached) | GC: 0.6ms)


Started GET "/" for ::1 at 2026-05-06 11:28:36 +0530
Processing by EventsController#index as HTML
  Rendering layout layouts/application.html.erb
  Rendering events/index.html.erb within layouts/application
  [1m[36mEvent Exists? (0.5ms)[0m  [1m[34mSELECT 1 AS one FROM "events" LIMIT 1 OFFSET 0 /*action='index',application='BillettoAssignment',controller='events'*/[0m
  ↳ app/views/events/index.html.erb:11
  [1m[36mEvent Load (0.6ms)[0m  [1m[34mSELECT "events".* FROM "events" ORDER BY "events"."start_date" ASC LIMIT 12 OFFSET 0 /*action='index',application='BillettoAssignment',controller='events'*/[0m
  ↳ app/views/events/index.html.erb:22
  [1m[36mEvent Count (0.4ms)[0m  [1m[34mSELECT COUNT(*) FROM "events" /*action='index',application='BillettoAssignment',controller='events'*/[0m
  ↳ app/views/events/index.html.erb:76
  Rendered events/index.html.erb within layouts/application (Duration: 20.5ms | GC: 0.0ms)
  Rendered layout layouts/application.html.erb (Duration: 22.0ms | GC: 0.0ms)
Completed 200 OK in 24ms (Views: 21.3ms | ActiveRecord: 1.4ms (3 queries, 0 cached) | GC: 0.0ms)


Started GET "/events?filter=upcoming" for ::1 at 2026-05-06 11:28:40 +0530
Processing by EventsController#index as HTML
  Parameters: {"filter"=>"upcoming"}
  Rendering layout layouts/application.html.erb
  Rendering events/index.html.erb within layouts/application
  [1m[36mEvent Exists? (2.1ms)[0m  [1m[34mSELECT 1 AS one FROM "events" WHERE (start_date > '2026-05-06 05:58:40.690492') LIMIT 1 OFFSET 0 /*action='index',application='BillettoAssignment',controller='events'*/[0m
  ↳ app/views/events/index.html.erb:11
  [1m[36mEvent Load (1.5ms)[0m  [1m[34mSELECT "events".* FROM "events" WHERE (start_date > '2026-05-06 05:58:40.690492') ORDER BY "events"."start_date" ASC LIMIT 12 OFFSET 0 /*action='index',application='BillettoAssignment',controller='events'*/[0m
  ↳ app/views/events/index.html.erb:22
  [1m[36mEvent Count (0.7ms)[0m  [1m[34mSELECT COUNT(*) FROM "events" WHERE (start_date > '2026-05-06 05:58:40.690492') /*action='index',application='BillettoAssignment',controller='events'*/[0m
  ↳ app/views/events/index.html.erb:76
  Rendered events/index.html.erb within layouts/application (Duration: 50.8ms | GC: 3.4ms)
  Rendered layout layouts/application.html.erb (Duration: 53.2ms | GC: 3.4ms)
Completed 200 OK in 59ms (Views: 50.8ms | ActiveRecord: 4.2ms (3 queries, 0 cached) | GC: 3.4ms)


Started GET "/events?filter=past" for ::1 at 2026-05-06 11:28:42 +0530
Processing by EventsController#index as HTML
  Parameters: {"filter"=>"past"}
  Rendering layout layouts/application.html.erb
  Rendering events/index.html.erb within layouts/application
  [1m[36mEvent Exists? (1.8ms)[0m  [1m[34mSELECT 1 AS one FROM "events" WHERE (start_date <= '2026-05-06 05:58:42.600224') LIMIT 1 OFFSET 0 /*action='index',application='BillettoAssignment',controller='events'*/[0m
  ↳ app/views/events/index.html.erb:11
  Rendered events/index.html.erb within layouts/application (Duration: 10.6ms | GC: 0.0ms)
  Rendered layout layouts/application.html.erb (Duration: 17.1ms | GC: 0.0ms)
Completed 200 OK in 27ms (Views: 17.4ms | ActiveRecord: 1.8ms (1 query, 0 cached) | GC: 1.5ms)


Started GET "/events/6" for ::1 at 2026-05-06 11:28:43 +0530
Processing by EventsController#show as HTML
  Parameters: {"id"=>"6"}
  [1m[36mEvent Load (3.3ms)[0m  [1m[34mSELECT "events".* FROM "events" WHERE "events"."id" = 6 LIMIT 1 /*action='show',application='BillettoAssignment',controller='events'*/[0m
  ↳ app/controllers/events_controller.rb:49:in `set_event'
  Rendering layout layouts/application.html.erb
  Rendering events/show.html.erb within layouts/application
  Rendered events/show.html.erb within layouts/application (Duration: 10.2ms | GC: 0.7ms)
  Rendered layout layouts/application.html.erb (Duration: 16.8ms | GC: 0.7ms)
Completed 200 OK in 33ms (Views: 19.8ms | ActiveRecord: 3.3ms (1 query, 0 cached) | GC: 0.7ms)


Started GET "/?filter=upcoming&page=2" for ::1 at 2026-05-06 11:28:45 +0530
Processing by EventsController#index as HTML
  Parameters: {"filter"=>"upcoming", "page"=>"2"}
  Rendering layout layouts/application.html.erb
  Rendering events/index.html.erb within layouts/application
  [1m[36mEvent Exists? (1.2ms)[0m  [1m[34mSELECT 1 AS one FROM "events" WHERE (start_date > '2026-05-06 05:58:45.582425') LIMIT 1 OFFSET 12 /*action='index',application='BillettoAssignment',controller='events'*/[0m
  ↳ app/views/events/index.html.erb:11
  [1m[36mEvent Load (1.6ms)[0m  [1m[34mSELECT "events".* FROM "events" WHERE (start_date > '2026-05-06 05:58:45.582425') ORDER BY "events"."start_date" ASC LIMIT 12 OFFSET 12 /*action='index',application='BillettoAssignment',controller='events'*/[0m
  ↳ app/views/events/index.html.erb:22
  [1m[36mEvent Count (1.6ms)[0m  [1m[34mSELECT COUNT(*) FROM "events" WHERE (start_date > '2026-05-06 05:58:45.582425') /*action='index',application='BillettoAssignment',controller='events'*/[0m
  ↳ app/views/events/index.html.erb:76
  Rendered events/index.html.erb within layouts/application (Duration: 79.5ms | GC: 1.6ms)
  Rendered layout layouts/application.html.erb (Duration: 84.3ms | GC: 1.6ms)
Completed 200 OK in 90ms (Views: 82.4ms | ActiveRecord: 4.3ms (3 queries, 0 cached) | GC: 2.2ms)


Started GET "/?filter=upcoming&page=4" for ::1 at 2026-05-06 11:28:45 +0530
Processing by EventsController#index as HTML
  Parameters: {"filter"=>"upcoming", "page"=>"4"}
  Rendering layout layouts/application.html.erb
  Rendering events/index.html.erb within layouts/application
  [1m[36mEvent Exists? (1.3ms)[0m  [1m[34mSELECT 1 AS one FROM "events" WHERE (start_date > '2026-05-06 05:58:45.810257') LIMIT 1 OFFSET 36 /*action='index',application='BillettoAssignment',controller='events'*/[0m
  ↳ app/views/events/index.html.erb:11
  [1m[36mEvent Load (1.3ms)[0m  [1m[34mSELECT "events".* FROM "events" WHERE (start_date > '2026-05-06 05:58:45.810257') ORDER BY "events"."start_date" ASC LIMIT 12 OFFSET 36 /*action='index',application='BillettoAssignment',controller='events'*/[0m
  ↳ app/views/events/index.html.erb:22
  [1m[36mEvent Count (0.8ms)[0m  [1m[34mSELECT COUNT(*) FROM "events" WHERE (start_date > '2026-05-06 05:58:45.810257') /*action='index',application='BillettoAssignment',controller='events'*/[0m
  ↳ app/views/events/index.html.erb:76
  Rendered events/index.html.erb within layouts/application (Duration: 47.9ms | GC: 1.6ms)
  Rendered layout layouts/application.html.erb (Duration: 49.9ms | GC: 1.6ms)
Completed 200 OK in 54ms (Views: 47.7ms | ActiveRecord: 3.4ms (3 queries, 0 cached) | GC: 1.6ms)


Started GET "/?filter=upcoming&page=3" for ::1 at 2026-05-06 11:28:46 +0530
Processing by EventsController#index as HTML
  Parameters: {"filter"=>"upcoming", "page"=>"3"}
  Rendering layout layouts/application.html.erb
  Rendering events/index.html.erb within layouts/application
  [1m[36mEvent Exists? (1.1ms)[0m  [1m[34mSELECT 1 AS one FROM "events" WHERE (start_date > '2026-05-06 05:58:46.275628') LIMIT 1 OFFSET 24 /*action='index',application='BillettoAssignment',controller='events'*/[0m
  ↳ app/views/events/index.html.erb:11
  [1m[36mEvent Load (1.4ms)[0m  [1m[34mSELECT "events".* FROM "events" WHERE (start_date > '2026-05-06 05:58:46.275628') ORDER BY "events"."start_date" ASC LIMIT 12 OFFSET 24 /*action='index',application='BillettoAssignment',controller='events'*/[0m
  ↳ app/views/events/index.html.erb:22
  [1m[36mEvent Count (0.7ms)[0m  [1m[34mSELECT COUNT(*) FROM "events" WHERE (start_date > '2026-05-06 05:58:46.275628') /*action='index',application='BillettoAssignment',controller='events'*/[0m
  ↳ app/views/events/index.html.erb:76
  Rendered events/index.html.erb within layouts/application (Duration: 48.2ms | GC: 1.1ms)
  Rendered layout layouts/application.html.erb (Duration: 50.5ms | GC: 1.4ms)
Completed 200 OK in 56ms (Views: 48.6ms | ActiveRecord: 3.2ms (3 queries, 0 cached) | GC: 2.1ms)


Started GET "/events/44" for ::1 at 2026-05-06 11:28:52 +0530
Processing by EventsController#show as HTML
  Parameters: {"id"=>"44"}
  [1m[36mEvent Load (1.3ms)[0m  [1m[34mSELECT "events".* FROM "events" WHERE "events"."id" = 44 LIMIT 1 /*action='show',application='BillettoAssignment',controller='events'*/[0m
  ↳ app/controllers/events_controller.rb:49:in `set_event'
  Rendering layout layouts/application.html.erb
  Rendering events/show.html.erb within layouts/application
  Rendered events/show.html.erb within layouts/application (Duration: 4.1ms | GC: 0.4ms)
  Rendered layout layouts/application.html.erb (Duration: 6.2ms | GC: 0.4ms)
Completed 200 OK in 15ms (Views: 7.3ms | ActiveRecord: 1.3ms (1 query, 0 cached) | GC: 0.4ms)


  [1m[36mEvent Load (44.2ms)[0m  [1m[34mSELECT "events".* FROM "events" /* loading for pp */ LIMIT 11 /*application='BillettoAssignment'*/[0m
  [1m[36mEvent Count (1.7ms)[0m  [1m[34mSELECT COUNT(*) FROM "events" /*application='BillettoAssignment'*/[0m
Started POST "/admin/events/import" for ::1 at 2026-05-06 11:29:20 +0530
Processing by Admin::EventsController#import as TURBO_STREAM
  Parameters: {"authenticity_token"=>"[FILTERED]", "commit"=>"Import Events"}
[ActiveJob] Enqueued ImportEventsJob (Job ID: ccf6825e-1f7a-480a-bcf7-928c66f43716) to Async(default)
[ActiveJob] ↳ app/controllers/admin/events_controller.rb:4:in `import'
Redirected to http://localhost:3002/
↳ app/controllers/admin/events_controller.rb:5:in `import'
Completed 302 Found in 23ms (ActiveRecord: 0.0ms (0 queries, 0 cached) | GC: 0.7ms)


[ActiveJob] [ImportEventsJob] [ccf6825e-1f7a-480a-bcf7-928c66f43716] Performing ImportEventsJob (Job ID: ccf6825e-1f7a-480a-bcf7-928c66f43716) from Async(default) enqueued at 2026-05-06T05:59:20.285024174Z
[ActiveJob] [ImportEventsJob] [ccf6825e-1f7a-480a-bcf7-928c66f43716] Performed ImportEventsJob (Job ID: ccf6825e-1f7a-480a-bcf7-928c66f43716) from Async(default) in 1.31ms
Started GET "/" for ::1 at 2026-05-06 11:29:20 +0530
Processing by EventsController#index as TURBO_STREAM
  Rendering layout layouts/application.html.erb
  Rendering events/index.html.erb within layouts/application
  [1m[36mEvent Exists? (0.5ms)[0m  [1m[34mSELECT 1 AS one FROM "events" LIMIT 1 OFFSET 0 /*action='index',application='BillettoAssignment',controller='events'*/[0m
  ↳ app/views/events/index.html.erb:11
  [1m[36mEvent Load (0.4ms)[0m  [1m[34mSELECT "events".* FROM "events" ORDER BY "events"."start_date" ASC LIMIT 12 OFFSET 0 /*action='index',application='BillettoAssignment',controller='events'*/[0m
  ↳ app/views/events/index.html.erb:22
  [1m[36mEvent Count (0.4ms)[0m  [1m[34mSELECT COUNT(*) FROM "events" /*action='index',application='BillettoAssignment',controller='events'*/[0m
  ↳ app/views/events/index.html.erb:76
  Rendered events/index.html.erb within layouts/application (Duration: 15.1ms | GC: 0.0ms)
  Rendered layout layouts/application.html.erb (Duration: 16.1ms | GC: 0.0ms)
Completed 200 OK in 17ms (Views: 15.3ms | ActiveRecord: 1.2ms (3 queries, 0 cached) | GC: 0.0ms)


  [1m[36mEvent Count (1.2ms)[0m  [1m[34mSELECT COUNT(*) FROM "events" /*application='BillettoAssignment'*/[0m
Started GET "/events?filter=all" for ::1 at 2026-05-06 11:31:11 +0530
Processing by EventsController#index as HTML
  Parameters: {"filter"=>"all"}
  Rendering layout layouts/application.html.erb
  Rendering events/index.html.erb within layouts/application
  [1m[36mEvent Exists? (1.2ms)[0m  [1m[34mSELECT 1 AS one FROM "events" LIMIT 1 OFFSET 0 /*action='index',application='BillettoAssignment',controller='events'*/[0m
  ↳ app/views/events/index.html.erb:11
  [1m[36mEvent Load (1.2ms)[0m  [1m[34mSELECT "events".* FROM "events" ORDER BY "events"."start_date" ASC LIMIT 12 OFFSET 0 /*action='index',application='BillettoAssignment',controller='events'*/[0m
  ↳ app/views/events/index.html.erb:22
  [1m[36mEvent Count (0.6ms)[0m  [1m[34mSELECT COUNT(*) FROM "events" /*action='index',application='BillettoAssignment',controller='events'*/[0m
  ↳ app/views/events/index.html.erb:76
  Rendered events/index.html.erb within layouts/application (Duration: 43.5ms | GC: 0.0ms)
  Rendered layout layouts/application.html.erb (Duration: 45.7ms | GC: 0.0ms)
Completed 200 OK in 53ms (Views: 45.1ms | ActiveRecord: 2.8ms (3 queries, 0 cached) | GC: 0.0ms)


Started GET "/events?filter=upcoming" for ::1 at 2026-05-06 11:31:12 +0530
Processing by EventsController#index as HTML
  Parameters: {"filter"=>"upcoming"}
  Rendering layout layouts/application.html.erb
  Rendering events/index.html.erb within layouts/application
  [1m[36mEvent Exists? (1.3ms)[0m  [1m[34mSELECT 1 AS one FROM "events" WHERE (start_date > '2026-05-06 06:01:12.060882') LIMIT 1 OFFSET 0 /*action='index',application='BillettoAssignment',controller='events'*/[0m
  ↳ app/views/events/index.html.erb:11
  [1m[36mEvent Load (3.4ms)[0m  [1m[34mSELECT "events".* FROM "events" WHERE (start_date > '2026-05-06 06:01:12.060882') ORDER BY "events"."start_date" ASC LIMIT 12 OFFSET 0 /*action='index',application='BillettoAssignment',controller='events'*/[0m
  ↳ app/views/events/index.html.erb:22
  [1m[36mEvent Count (1.4ms)[0m  [1m[34mSELECT COUNT(*) FROM "events" WHERE (start_date > '2026-05-06 06:01:12.060882') /*action='index',application='BillettoAssignment',controller='events'*/[0m
  ↳ app/views/events/index.html.erb:76
  Rendered events/index.html.erb within layouts/application (Duration: 75.3ms | GC: 0.0ms)
  Rendered layout layouts/application.html.erb (Duration: 80.8ms | GC: 0.0ms)
Completed 200 OK in 87ms (Views: 76.8ms | ActiveRecord: 6.4ms (3 queries, 0 cached) | GC: 0.0ms)


Started GET "/events?filter=past" for ::1 at 2026-05-06 11:31:13 +0530
Processing by EventsController#index as HTML
  Parameters: {"filter"=>"past"}
  Rendering layout layouts/application.html.erb
  Rendering events/index.html.erb within layouts/application
  [1m[36mEvent Exists? (1.2ms)[0m  [1m[34mSELECT 1 AS one FROM "events" WHERE (start_date <= '2026-05-06 06:01:13.498635') LIMIT 1 OFFSET 0 /*action='index',application='BillettoAssignment',controller='events'*/[0m
  ↳ app/views/events/index.html.erb:11
  Rendered events/index.html.erb within layouts/application (Duration: 8.1ms | GC: 0.0ms)
  Rendered layout layouts/application.html.erb (Duration: 14.7ms | GC: 0.0ms)
Completed 200 OK in 23ms (Views: 16.0ms | ActiveRecord: 1.2ms (1 query, 0 cached) | GC: 0.0ms)


Started GET "/admin/events/import" for ::1 at 2026-05-06 11:31:19 +0530
  
ActionController::RoutingError (No route matches [GET] "/admin/events/import"):
  
Started GET "/events?filter=past" for ::1 at 2026-05-06 11:32:29 +0530
Processing by EventsController#index as HTML
  Parameters: {"filter"=>"past"}
  Rendering layout layouts/application.html.erb
  Rendering events/index.html.erb within layouts/application
  [1m[36mEvent Exists? (0.8ms)[0m  [1m[34mSELECT 1 AS one FROM "events" WHERE (start_date <= '2026-05-06 06:02:29.892668') LIMIT 1 OFFSET 0 /*action='index',application='BillettoAssignment',controller='events'*/[0m
  ↳ app/views/events/index.html.erb:11
  Rendered events/index.html.erb within layouts/application (Duration: 3.3ms | GC: 0.0ms)
  Rendered layout layouts/application.html.erb (Duration: 6.6ms | GC: 0.0ms)
Completed 200 OK in 9ms (Views: 6.5ms | ActiveRecord: 0.8ms (1 query, 0 cached) | GC: 0.4ms)


Started GET "/favicon.ico" for ::1 at 2026-05-06 11:32:29 +0530
  
ActionController::RoutingError (No route matches [GET] "/favicon.ico"):
  
Started GET "/admin/events/import" for ::1 at 2026-05-06 11:32:40 +0530
  
ActionController::RoutingError (No route matches [GET] "/admin/events/import"):
  
Started GET "/events?filter=past" for ::1 at 2026-05-06 11:32:46 +0530
Processing by EventsController#index as HTML
  Parameters: {"filter"=>"past"}
  Rendering layout layouts/application.html.erb
  Rendering events/index.html.erb within layouts/application
Started GET "/favicon.ico" for ::1 at 2026-05-06 11:32:46 +0530
  [1m[36mEvent Exists? (2.0ms)[0m  [1m[34mSELECT 1 AS one FROM "events" WHERE (start_date <= '2026-05-06 06:02:46.519169') LIMIT 1 OFFSET 0 /*action='index',application='BillettoAssignment',controller='events'*/[0m
  ↳ app/views/events/index.html.erb:11
  
ActionController::RoutingError (No route matches [GET] "/favicon.ico"):
  
  Rendered events/index.html.erb within layouts/application (Duration: 6.3ms | GC: 0.0ms)
  Rendered layout layouts/application.html.erb (Duration: 8.8ms | GC: 0.4ms)
Completed 200 OK in 17ms (Views: 11.0ms | ActiveRecord: 2.0ms (1 query, 0 cached) | GC: 0.4ms)


Started GET "/admin/events/import" for ::1 at 2026-05-06 11:33:05 +0530
  
ActionController::RoutingError (No route matches [GET] "/admin/events/import"):
  
Started GET "/admin/events/import" for ::1 at 2026-05-06 11:35:33 +0530
  [1m[36mActiveRecord::SchemaMigration Load (0.5ms)[0m  [1m[34mSELECT "schema_migrations"."version" FROM "schema_migrations" ORDER BY "schema_migrations"."version" ASC /*application='BillettoAssignment'*/[0m
  
ActionController::RoutingError (No route matches [GET] "/admin/events/import"):
  
Started GET "/favicon.ico" for ::1 at 2026-05-06 11:35:33 +0530
  
ActionController::RoutingError (No route matches [GET] "/favicon.ico"):
  
Started GET "/events?filter=past" for ::1 at 2026-05-06 11:35:36 +0530
Processing by EventsController#index as HTML
  Parameters: {"filter"=>"past"}
  Rendering layout layouts/application.html.erb
  Rendering events/index.html.erb within layouts/application
  [1m[36mEvent Exists? (0.6ms)[0m  [1m[34mSELECT 1 AS one FROM "events" WHERE (start_date <= '2026-05-06 06:05:36.141767') LIMIT 1 OFFSET 0 /*action='index',application='BillettoAssignment',controller='events'*/[0m
  ↳ app/views/events/index.html.erb:11
  Rendered events/index.html.erb within layouts/application (Duration: 6.1ms | GC: 0.9ms)
  Rendered layout layouts/application.html.erb (Duration: 13.8ms | GC: 1.8ms)
Completed 200 OK in 77ms (Views: 14.5ms | ActiveRecord: 7.0ms (1 query, 0 cached) | GC: 17.2ms)


Started GET "/events?filter=past" for ::1 at 2026-05-06 11:35:37 +0530
Processing by EventsController#index as HTML
  Parameters: {"filter"=>"past"}
  Rendering layout layouts/application.html.erb
  Rendering events/index.html.erb within layouts/application
  [1m[36mEvent Exists? (0.6ms)[0m  [1m[34mSELECT 1 AS one FROM "events" WHERE (start_date <= '2026-05-06 06:05:37.671515') LIMIT 1 OFFSET 0 /*action='index',application='BillettoAssignment',controller='events'*/[0m
  ↳ app/views/events/index.html.erb:11
  Rendered events/index.html.erb within layouts/application (Duration: 3.3ms | GC: 0.3ms)
  Rendered layout layouts/application.html.erb (Duration: 4.7ms | GC: 0.3ms)
Completed 200 OK in 7ms (Views: 5.0ms | ActiveRecord: 0.6ms (1 query, 0 cached) | GC: 0.3ms)


Started GET "/events?filter=past" for ::1 at 2026-05-06 11:35:38 +0530
Processing by EventsController#index as HTML
  Parameters: {"filter"=>"past"}
  Rendering layout layouts/application.html.erb
  Rendering events/index.html.erb within layouts/application
  [1m[36mEvent Exists? (1.1ms)[0m  [1m[34mSELECT 1 AS one FROM "events" WHERE (start_date <= '2026-05-06 06:05:38.203278') LIMIT 1 OFFSET 0 /*action='index',application='BillettoAssignment',controller='events'*/[0m
  ↳ app/views/events/index.html.erb:11
  Rendered events/index.html.erb within layouts/application (Duration: 6.0ms | GC: 0.0ms)
  Rendered layout layouts/application.html.erb (Duration: 9.2ms | GC: 0.0ms)
Completed 200 OK in 14ms (Views: 9.5ms | ActiveRecord: 1.1ms (1 query, 0 cached) | GC: 0.5ms)


Started GET "/events?filter=past" for ::1 at 2026-05-06 11:35:38 +0530
Processing by EventsController#index as HTML
  Parameters: {"filter"=>"past"}
  Rendering layout layouts/application.html.erb
  Rendering events/index.html.erb within layouts/application
  [1m[36mEvent Exists? (0.3ms)[0m  [1m[34mSELECT 1 AS one FROM "events" WHERE (start_date <= '2026-05-06 06:05:38.359028') LIMIT 1 OFFSET 0 /*action='index',application='BillettoAssignment',controller='events'*/[0m
  ↳ app/views/events/index.html.erb:11
  Rendered events/index.html.erb within layouts/application (Duration: 2.2ms | GC: 0.0ms)
  Rendered layout layouts/application.html.erb (Duration: 3.2ms | GC: 0.0ms)
Completed 200 OK in 4ms (Views: 3.2ms | ActiveRecord: 0.3ms (1 query, 0 cached) | GC: 0.1ms)


Started GET "/events?filter=past" for ::1 at 2026-05-06 11:35:38 +0530
Processing by EventsController#index as HTML
  Parameters: {"filter"=>"past"}
  Rendering layout layouts/application.html.erb
  Rendering events/index.html.erb within layouts/application
  [1m[36mEvent Exists? (0.5ms)[0m  [1m[34mSELECT 1 AS one FROM "events" WHERE (start_date <= '2026-05-06 06:05:38.538131') LIMIT 1 OFFSET 0 /*action='index',application='BillettoAssignment',controller='events'*/[0m
  ↳ app/views/events/index.html.erb:11
  Rendered events/index.html.erb within layouts/application (Duration: 3.4ms | GC: 0.4ms)
  Rendered layout layouts/application.html.erb (Duration: 5.1ms | GC: 0.4ms)
Completed 200 OK in 7ms (Views: 5.2ms | ActiveRecord: 0.5ms (1 query, 0 cached) | GC: 0.4ms)


Started GET "/events?filter=past" for ::1 at 2026-05-06 11:35:38 +0530
Processing by EventsController#index as HTML
  Parameters: {"filter"=>"past"}
  Rendering layout layouts/application.html.erb
  Rendering events/index.html.erb within layouts/application
  [1m[36mEvent Exists? (0.4ms)[0m  [1m[34mSELECT 1 AS one FROM "events" WHERE (start_date <= '2026-05-06 06:05:38.726875') LIMIT 1 OFFSET 0 /*action='index',application='BillettoAssignment',controller='events'*/[0m
  ↳ app/views/events/index.html.erb:11
  Rendered events/index.html.erb within layouts/application (Duration: 2.1ms | GC: 0.0ms)
  Rendered layout layouts/application.html.erb (Duration: 3.0ms | GC: 0.0ms)
Completed 200 OK in 4ms (Views: 3.0ms | ActiveRecord: 0.4ms (1 query, 0 cached) | GC: 0.0ms)


Started GET "/events?filter=past" for ::1 at 2026-05-06 11:35:38 +0530
Processing by EventsController#index as HTML
  Parameters: {"filter"=>"past"}
  Rendering layout layouts/application.html.erb
  Rendering events/index.html.erb within layouts/application
  [1m[36mEvent Exists? (0.5ms)[0m  [1m[34mSELECT 1 AS one FROM "events" WHERE (start_date <= '2026-05-06 06:05:38.923078') LIMIT 1 OFFSET 0 /*action='index',application='BillettoAssignment',controller='events'*/[0m
  ↳ app/views/events/index.html.erb:11
  Rendered events/index.html.erb within layouts/application (Duration: 3.6ms | GC: 0.0ms)
  Rendered layout layouts/application.html.erb (Duration: 6.1ms | GC: 0.5ms)
Completed 200 OK in 8ms (Views: 6.4ms | ActiveRecord: 0.5ms (1 query, 0 cached) | GC: 0.5ms)


Started GET "/events?filter=past" for ::1 at 2026-05-06 11:35:39 +0530
Processing by EventsController#index as HTML
  Parameters: {"filter"=>"past"}
  Rendering layout layouts/application.html.erb
  Rendering events/index.html.erb within layouts/application
  [1m[36mEvent Exists? (0.5ms)[0m  [1m[34mSELECT 1 AS one FROM "events" WHERE (start_date <= '2026-05-06 06:05:39.096933') LIMIT 1 OFFSET 0 /*action='index',application='BillettoAssignment',controller='events'*/[0m
  ↳ app/views/events/index.html.erb:11
  Rendered events/index.html.erb within layouts/application (Duration: 2.9ms | GC: 0.3ms)
  Rendered layout layouts/application.html.erb (Duration: 4.1ms | GC: 0.3ms)
Completed 200 OK in 6ms (Views: 4.2ms | ActiveRecord: 0.5ms (1 query, 0 cached) | GC: 0.3ms)


Started GET "/events?filter=past" for ::1 at 2026-05-06 11:35:39 +0530
Processing by EventsController#index as HTML
  Parameters: {"filter"=>"past"}
  Rendering layout layouts/application.html.erb
  Rendering events/index.html.erb within layouts/application
  [1m[36mEvent Exists? (0.6ms)[0m  [1m[34mSELECT 1 AS one FROM "events" WHERE (start_date <= '2026-05-06 06:05:39.280952') LIMIT 1 OFFSET 0 /*action='index',application='BillettoAssignment',controller='events'*/[0m
  ↳ app/views/events/index.html.erb:11
  Rendered events/index.html.erb within layouts/application (Duration: 3.2ms | GC: 0.0ms)
  Rendered layout layouts/application.html.erb (Duration: 4.4ms | GC: 0.0ms)
Completed 200 OK in 6ms (Views: 4.5ms | ActiveRecord: 0.6ms (1 query, 0 cached) | GC: 0.0ms)


Started POST "/admin/events/import" for ::1 at 2026-05-06 11:35:40 +0530
Processing by Admin::EventsController#import as HTML
  Parameters: {"authenticity_token"=>"[FILTERED]"}
[ActiveJob] Enqueued ImportEventsJob (Job ID: 17eb22ad-99fa-4819-bd81-897c2fcd6531) to Async(default)
[ActiveJob] ↳ app/controllers/admin/events_controller.rb:4:in `import'
Redirected to http://localhost:3002/
↳ app/controllers/admin/events_controller.rb:5:in `import'
Completed 302 Found in 23ms (ActiveRecord: 0.0ms (0 queries, 0 cached) | GC: 1.9ms)


[ActiveJob] [ImportEventsJob] [17eb22ad-99fa-4819-bd81-897c2fcd6531] Performing ImportEventsJob (Job ID: 17eb22ad-99fa-4819-bd81-897c2fcd6531) from Async(default) enqueued at 2026-05-06T06:05:40.834820325Z
[ActiveJob] [ImportEventsJob] [17eb22ad-99fa-4819-bd81-897c2fcd6531] Performed ImportEventsJob (Job ID: 17eb22ad-99fa-4819-bd81-897c2fcd6531) from Async(default) in 4.68ms
Started GET "/" for ::1 at 2026-05-06 11:35:40 +0530
Processing by EventsController#index as HTML
  Rendering layout layouts/application.html.erb
  Rendering events/index.html.erb within layouts/application
  [1m[36mEvent Exists? (0.5ms)[0m  [1m[34mSELECT 1 AS one FROM "events" LIMIT 1 OFFSET 0 /*action='index',application='BillettoAssignment',controller='events'*/[0m
  ↳ app/views/events/index.html.erb:11
  [1m[36mEvent Load (0.9ms)[0m  [1m[34mSELECT "events".* FROM "events" ORDER BY "events"."start_date" ASC LIMIT 12 OFFSET 0 /*action='index',application='BillettoAssignment',controller='events'*/[0m
  ↳ app/views/events/index.html.erb:22
  [1m[36mEvent Count (0.5ms)[0m  [1m[34mSELECT COUNT(*) FROM "events" /*action='index',application='BillettoAssignment',controller='events'*/[0m
  ↳ app/views/events/index.html.erb:76
  Rendered events/index.html.erb within layouts/application (Duration: 77.3ms | GC: 43.6ms)
  Rendered layout layouts/application.html.erb (Duration: 78.5ms | GC: 43.6ms)
Completed 200 OK in 86ms (Views: 75.1ms | ActiveRecord: 3.9ms (3 queries, 0 cached) | GC: 48.8ms)


Started POST "/admin/events/import" for ::1 at 2026-05-06 11:35:58 +0530
Processing by Admin::EventsController#import as HTML
  Parameters: {"authenticity_token"=>"[FILTERED]", "commit"=>"Import Events"}
[ActiveJob] Enqueued ImportEventsJob (Job ID: 9562ccc3-a045-47e2-8bb0-dbb6537383b0) to Async(default)
[ActiveJob] ↳ app/controllers/admin/events_controller.rb:4:in `import'
Redirected to http://localhost:3002/
↳ app/controllers/admin/events_controller.rb:5:in `import'
Completed 302 Found in 16ms (ActiveRecord: 0.0ms (0 queries, 0 cached) | GC: 0.0ms)


[ActiveJob] [ImportEventsJob] [9562ccc3-a045-47e2-8bb0-dbb6537383b0] Performing ImportEventsJob (Job ID: 9562ccc3-a045-47e2-8bb0-dbb6537383b0) from Async(default) enqueued at 2026-05-06T06:05:58.738573496Z
[ActiveJob] [ImportEventsJob] [9562ccc3-a045-47e2-8bb0-dbb6537383b0] Performed ImportEventsJob (Job ID: 9562ccc3-a045-47e2-8bb0-dbb6537383b0) from Async(default) in 4.15ms
Started GET "/" for ::1 at 2026-05-06 11:35:58 +0530
Processing by EventsController#index as HTML
  Rendering layout layouts/application.html.erb
  Rendering events/index.html.erb within layouts/application
  [1m[36mEvent Exists? (1.2ms)[0m  [1m[34mSELECT 1 AS one FROM "events" LIMIT 1 OFFSET 0 /*action='index',application='BillettoAssignment',controller='events'*/[0m
  ↳ app/views/events/index.html.erb:11
  [1m[36mEvent Load (1.2ms)[0m  [1m[34mSELECT "events".* FROM "events" ORDER BY "events"."start_date" ASC LIMIT 12 OFFSET 0 /*action='index',application='BillettoAssignment',controller='events'*/[0m
  ↳ app/views/events/index.html.erb:22
  [1m[36mEvent Count (0.7ms)[0m  [1m[34mSELECT COUNT(*) FROM "events" /*action='index',application='BillettoAssignment',controller='events'*/[0m
  ↳ app/views/events/index.html.erb:76
  Rendered events/index.html.erb within layouts/application (Duration: 42.2ms | GC: 0.8ms)
  Rendered layout layouts/application.html.erb (Duration: 44.2ms | GC: 0.8ms)
Completed 200 OK in 51ms (Views: 43.7ms | ActiveRecord: 3.1ms (3 queries, 0 cached) | GC: 1.0ms)


Started GET "/events?filter=past" for ::1 at 2026-05-06 11:36:01 +0530
Processing by EventsController#index as HTML
  Parameters: {"filter"=>"past"}
  Rendering layout layouts/application.html.erb
  Rendering events/index.html.erb within layouts/application
  [1m[36mEvent Exists? (1.3ms)[0m  [1m[34mSELECT 1 AS one FROM "events" WHERE (start_date <= '2026-05-06 06:06:01.148407') LIMIT 1 OFFSET 0 /*action='index',application='BillettoAssignment',controller='events'*/[0m
  ↳ app/views/events/index.html.erb:11
  Rendered events/index.html.erb within layouts/application (Duration: 9.1ms | GC: 0.0ms)
  Rendered layout layouts/application.html.erb (Duration: 14.1ms | GC: 0.0ms)
Completed 200 OK in 22ms (Views: 14.6ms | ActiveRecord: 1.3ms (1 query, 0 cached) | GC: 0.0ms)


Started POST "/admin/events/import" for ::1 at 2026-05-06 11:36:02 +0530
Processing by Admin::EventsController#import as HTML
  Parameters: {"authenticity_token"=>"[FILTERED]"}
[ActiveJob] Enqueued ImportEventsJob (Job ID: ac907ca2-d612-4057-9ada-06664d8e17cd) to Async(default)
[ActiveJob] ↳ app/controllers/admin/events_controller.rb:4:in `import'
Redirected to http://localhost:3002/
↳ app/controllers/admin/events_controller.rb:5:in `import'
Completed 302 Found in 17ms (ActiveRecord: 0.0ms (0 queries, 0 cached) | GC: 0.0ms)


[ActiveJob] [ImportEventsJob] [ac907ca2-d612-4057-9ada-06664d8e17cd] Performing ImportEventsJob (Job ID: ac907ca2-d612-4057-9ada-06664d8e17cd) from Async(default) enqueued at 2026-05-06T06:06:02.277606259Z
[ActiveJob] [ImportEventsJob] [ac907ca2-d612-4057-9ada-06664d8e17cd] Performed ImportEventsJob (Job ID: ac907ca2-d612-4057-9ada-06664d8e17cd) from Async(default) in 4.59ms
Started GET "/" for ::1 at 2026-05-06 11:36:02 +0530
Processing by EventsController#index as HTML
  Rendering layout layouts/application.html.erb
  Rendering events/index.html.erb within layouts/application
  [1m[36mEvent Exists? (0.5ms)[0m  [1m[34mSELECT 1 AS one FROM "events" LIMIT 1 OFFSET 0 /*action='index',application='BillettoAssignment',controller='events'*/[0m
  ↳ app/views/events/index.html.erb:11
  [1m[36mEvent Load (0.5ms)[0m  [1m[34mSELECT "events".* FROM "events" ORDER BY "events"."start_date" ASC LIMIT 12 OFFSET 0 /*action='index',application='BillettoAssignment',controller='events'*/[0m
  ↳ app/views/events/index.html.erb:22
  [1m[36mEvent Count (0.4ms)[0m  [1m[34mSELECT COUNT(*) FROM "events" /*action='index',application='BillettoAssignment',controller='events'*/[0m
  ↳ app/views/events/index.html.erb:76
  Rendered events/index.html.erb within layouts/application (Duration: 19.7ms | GC: 0.7ms)
  Rendered layout layouts/application.html.erb (Duration: 21.1ms | GC: 0.7ms)
Completed 200 OK in 23ms (Views: 20.5ms | ActiveRecord: 1.3ms (3 queries, 0 cached) | GC: 0.7ms)


Started GET "/?page=2" for ::1 at 2026-05-06 11:36:06 +0530
Processing by EventsController#index as HTML
  Parameters: {"page"=>"2"}
  Rendering layout layouts/application.html.erb
  Rendering events/index.html.erb within layouts/application
  [1m[36mEvent Exists? (2.2ms)[0m  [1m[34mSELECT 1 AS one FROM "events" LIMIT 1 OFFSET 12 /*action='index',application='BillettoAssignment',controller='events'*/[0m
  ↳ app/views/events/index.html.erb:11
  [1m[36mEvent Load (1.6ms)[0m  [1m[34mSELECT "events".* FROM "events" ORDER BY "events"."start_date" ASC LIMIT 12 OFFSET 12 /*action='index',application='BillettoAssignment',controller='events'*/[0m
  ↳ app/views/events/index.html.erb:22
  [1m[36mEvent Count (1.0ms)[0m  [1m[34mSELECT COUNT(*) FROM "events" /*action='index',application='BillettoAssignment',controller='events'*/[0m
  ↳ app/views/events/index.html.erb:76
  Rendered events/index.html.erb within layouts/application (Duration: 55.7ms | GC: 1.3ms)
  Rendered layout layouts/application.html.erb (Duration: 63.5ms | GC: 2.3ms)
Completed 200 OK in 68ms (Views: 60.5ms | ActiveRecord: 4.7ms (3 queries, 0 cached) | GC: 2.3ms)


Started GET "/?page=5" for ::1 at 2026-05-06 11:36:10 +0530
Processing by EventsController#index as HTML
  Parameters: {"page"=>"5"}
  Rendering layout layouts/application.html.erb
  Rendering events/index.html.erb within layouts/application
  [1m[36mEvent Exists? (1.0ms)[0m  [1m[34mSELECT 1 AS one FROM "events" LIMIT 1 OFFSET 48 /*action='index',application='BillettoAssignment',controller='events'*/[0m
  ↳ app/views/events/index.html.erb:11
  [1m[36mEvent Load (1.0ms)[0m  [1m[34mSELECT "events".* FROM "events" ORDER BY "events"."start_date" ASC LIMIT 12 OFFSET 48 /*action='index',application='BillettoAssignment',controller='events'*/[0m
  ↳ app/views/events/index.html.erb:22
  Rendered events/index.html.erb within layouts/application (Duration: 19.5ms | GC: 0.0ms)
  Rendered layout layouts/application.html.erb (Duration: 22.0ms | GC: 0.0ms)
Completed 200 OK in 27ms (Views: 21.9ms | ActiveRecord: 1.9ms (2 queries, 0 cached) | GC: 0.0ms)


Started POST "/events/57/upvote" for ::1 at 2026-05-06 11:36:14 +0530
Processing by EventsController#upvote as HTML
  Parameters: {"authenticity_token"=>"[FILTERED]", "commit"=>"👍", "id"=>"57"}
  [1m[36mEvent Load (0.5ms)[0m  [1m[34mSELECT "events".* FROM "events" WHERE "events"."id" = 57 LIMIT 1 /*action='upvote',application='BillettoAssignment',controller='events'*/[0m
  ↳ app/controllers/events_controller.rb:49:in `set_event'
  [1m[36mEvent Load (0.7ms)[0m  [1m[34mSELECT "events".* FROM "events" WHERE "events"."external_id" = 'mock_event_1' LIMIT 1 /*action='upvote',application='BillettoAssignment',controller='events'*/[0m
  ↳ app/domain/events/vote_command.rb:16:in `call'
Completed 500 Internal Server Error in 25ms (ActiveRecord: 1.1ms (2 queries, 0 cached) | GC: 0.0ms)


  
NoMethodError (undefined method `dump' for #<RubyEventStore::Mappers::Default:0x00007ad2dd0514e8 @pipeline=#<RubyEventStore::Mappers::Pipeline:0x00007ad2dd051010 @transformations=[#<RubyEventStore::Mappers::Transformation::DomainEvent:0x00007ad2dd050ea8>, #<RubyEventStore::Mappers::Transformation::EventClassRemapper:0x00007ad2dd0512b8 @class_map={}>, #<RubyEventStore::Mappers::Transformation::SymbolizeMetadataKeys:0x00007ad2dd051178>]>>):
  
app/domain/events/vote_command.rb:23:in `call'
app/controllers/events_controller.rb:25:in `upvote'
Started POST "/events/58/upvote" for ::1 at 2026-05-06 11:36:24 +0530
Processing by EventsController#upvote as HTML
  Parameters: {"authenticity_token"=>"[FILTERED]", "commit"=>"👍", "id"=>"58"}
  [1m[36mEvent Load (1.9ms)[0m  [1m[34mSELECT "events".* FROM "events" WHERE "events"."id" = 58 LIMIT 1 /*action='upvote',application='BillettoAssignment',controller='events'*/[0m
  ↳ app/controllers/events_controller.rb:49:in `set_event'
  [1m[36mEvent Load (1.5ms)[0m  [1m[34mSELECT "events".* FROM "events" WHERE "events"."external_id" = 'mock_event_2' LIMIT 1 /*action='upvote',application='BillettoAssignment',controller='events'*/[0m
  ↳ app/domain/events/vote_command.rb:16:in `call'
Completed 500 Internal Server Error in 24ms (ActiveRecord: 3.4ms (2 queries, 0 cached) | GC: 0.0ms)


  
NoMethodError (undefined method `dump' for #<RubyEventStore::Mappers::Default:0x00007ad2dd0514e8 @pipeline=#<RubyEventStore::Mappers::Pipeline:0x00007ad2dd051010 @transformations=[#<RubyEventStore::Mappers::Transformation::DomainEvent:0x00007ad2dd050ea8>, #<RubyEventStore::Mappers::Transformation::EventClassRemapper:0x00007ad2dd0512b8 @class_map={}>, #<RubyEventStore::Mappers::Transformation::SymbolizeMetadataKeys:0x00007ad2dd051178>]>>):
  
app/domain/events/vote_command.rb:23:in `call'
app/controllers/events_controller.rb:25:in `upvote'
Started POST "/events/58/upvote" for ::1 at 2026-05-06 11:37:15 +0530
  [1m[36mActiveRecord::SchemaMigration Load (0.4ms)[0m  [1m[34mSELECT "schema_migrations"."version" FROM "schema_migrations" ORDER BY "schema_migrations"."version" ASC /*application='BillettoAssignment'*/[0m
Processing by EventsController#upvote as HTML
  Parameters: {"authenticity_token"=>"[FILTERED]", "commit"=>"👍", "id"=>"58"}
  [1m[36mEvent Load (0.5ms)[0m  [1m[34mSELECT "events".* FROM "events" WHERE "events"."id" = 58 LIMIT 1 /*action='upvote',application='BillettoAssignment',controller='events'*/[0m
  ↳ app/controllers/events_controller.rb:49:in `set_event'
  [1m[36mEvent Load (0.5ms)[0m  [1m[34mSELECT "events".* FROM "events" WHERE "events"."external_id" = 'mock_event_2' LIMIT 1 /*action='upvote',application='BillettoAssignment',controller='events'*/[0m
  ↳ app/domain/events/vote_command.rb:16:in `call'
Completed 500 Internal Server Error in 58ms (ActiveRecord: 32.7ms (2 queries, 0 cached) | GC: 2.3ms)


  
NoMethodError (undefined method `dump' for #<RubyEventStore::Mappers::Default:0x000073b170df10c0 @pipeline=#<RubyEventStore::Mappers::Pipeline:0x000073b170df0c38 @transformations=[#<RubyEventStore::Mappers::Transformation::DomainEvent:0x000073b170df0a80>, #<RubyEventStore::Mappers::Transformation::EventClassRemapper:0x000073b170df0e90 @class_map={}>, #<RubyEventStore::Mappers::Transformation::SymbolizeMetadataKeys:0x000073b170df0d00>]>>):
  
app/domain/events/vote_command.rb:23:in `call'
app/controllers/events_controller.rb:25:in `upvote'
Started GET "/?page=5" for ::1 at 2026-05-06 11:37:18 +0530
Processing by EventsController#index as HTML
  Parameters: {"page"=>"5"}
  Rendering layout layouts/application.html.erb
  Rendering events/index.html.erb within layouts/application
  [1m[36mEvent Exists? (0.6ms)[0m  [1m[34mSELECT 1 AS one FROM "events" LIMIT 1 OFFSET 48 /*action='index',application='BillettoAssignment',controller='events'*/[0m
  ↳ app/views/events/index.html.erb:11
  [1m[36mEvent Load (0.7ms)[0m  [1m[34mSELECT "events".* FROM "events" ORDER BY "events"."start_date" ASC LIMIT 12 OFFSET 48 /*action='index',application='BillettoAssignment',controller='events'*/[0m
  ↳ app/views/events/index.html.erb:22
  Rendered events/index.html.erb within layouts/application (Duration: 46.9ms | GC: 28.1ms)
  Rendered layout layouts/application.html.erb (Duration: 95.0ms | GC: 64.6ms)
Completed 200 OK in 104ms (Views: 96.5ms | ActiveRecord: 1.2ms (2 queries, 0 cached) | GC: 65.1ms)


Started GET "/?page=5" for ::1 at 2026-05-06 11:37:24 +0530
Processing by EventsController#index as HTML
  Parameters: {"page"=>"5"}
  Rendering layout layouts/application.html.erb
  Rendering events/index.html.erb within layouts/application
  [1m[36mEvent Exists? (0.6ms)[0m  [1m[34mSELECT 1 AS one FROM "events" LIMIT 1 OFFSET 48 /*action='index',application='BillettoAssignment',controller='events'*/[0m
  ↳ app/views/events/index.html.erb:11
  [1m[36mEvent Load (0.7ms)[0m  [1m[34mSELECT "events".* FROM "events" ORDER BY "events"."start_date" ASC LIMIT 12 OFFSET 48 /*action='index',application='BillettoAssignment',controller='events'*/[0m
  ↳ app/views/events/index.html.erb:22
  Rendered events/index.html.erb within layouts/application (Duration: 15.6ms | GC: 0.6ms)
  Rendered layout layouts/application.html.erb (Duration: 17.2ms | GC: 0.6ms)
Completed 200 OK in 21ms (Views: 17.0ms | ActiveRecord: 1.3ms (2 queries, 0 cached) | GC: 0.6ms)


Started POST "/events/50/upvote" for ::1 at 2026-05-06 11:37:26 +0530
Processing by EventsController#upvote as HTML
  Parameters: {"authenticity_token"=>"[FILTERED]", "commit"=>"👍", "id"=>"50"}
  [1m[36mEvent Load (1.5ms)[0m  [1m[34mSELECT "events".* FROM "events" WHERE "events"."id" = 50 LIMIT 1 /*action='upvote',application='BillettoAssignment',controller='events'*/[0m
  ↳ app/controllers/events_controller.rb:49:in `set_event'
  [1m[36mEvent Load (1.6ms)[0m  [1m[34mSELECT "events".* FROM "events" WHERE "events"."external_id" = 'sample-event-fafc7191' LIMIT 1 /*action='upvote',application='BillettoAssignment',controller='events'*/[0m
  ↳ app/domain/events/vote_command.rb:16:in `call'
Completed 500 Internal Server Error in 21ms (ActiveRecord: 3.0ms (2 queries, 0 cached) | GC: 0.0ms)


  
NoMethodError (undefined method `dump' for #<RubyEventStore::Mappers::Default:0x000073b170df10c0 @pipeline=#<RubyEventStore::Mappers::Pipeline:0x000073b170df0c38 @transformations=[#<RubyEventStore::Mappers::Transformation::DomainEvent:0x000073b170df0a80>, #<RubyEventStore::Mappers::Transformation::EventClassRemapper:0x000073b170df0e90 @class_map={}>, #<RubyEventStore::Mappers::Transformation::SymbolizeMetadataKeys:0x000073b170df0d00>]>>):
  
app/domain/events/vote_command.rb:23:in `call'
app/controllers/events_controller.rb:25:in `upvote'
Started GET "/events/50/upvote" for ::1 at 2026-05-06 11:40:20 +0530
  [1m[36mActiveRecord::SchemaMigration Load (0.6ms)[0m  [1m[34mSELECT "schema_migrations"."version" FROM "schema_migrations" ORDER BY "schema_migrations"."version" ASC /*application='BillettoAssignment'*/[0m
  
ActionController::RoutingError (No route matches [GET] "/events/50/upvote"):
  
Started GET "/favicon.ico" for ::1 at 2026-05-06 11:40:21 +0530
  
ActionController::RoutingError (No route matches [GET] "/favicon.ico"):
  
Started GET "/" for ::1 at 2026-05-06 11:40:30 +0530
Processing by EventsController#index as HTML
  Rendering layout layouts/application.html.erb
  Rendering events/index.html.erb within layouts/application
  [1m[36mEvent Exists? (0.6ms)[0m  [1m[34mSELECT 1 AS one FROM "events" LIMIT 1 OFFSET 0 /*action='index',application='BillettoAssignment',controller='events'*/[0m
  ↳ app/views/events/index.html.erb:11
  [1m[36mEvent Load (0.5ms)[0m  [1m[34mSELECT "events".* FROM "events" ORDER BY "events"."start_date" ASC LIMIT 12 OFFSET 0 /*action='index',application='BillettoAssignment',controller='events'*/[0m
  ↳ app/views/events/index.html.erb:22
  [1m[36mEvent Count (0.4ms)[0m  [1m[34mSELECT COUNT(*) FROM "events" /*action='index',application='BillettoAssignment',controller='events'*/[0m
  ↳ app/views/events/index.html.erb:76
  Rendered events/index.html.erb within layouts/application (Duration: 30.8ms | GC: 0.0ms)
  Rendered layout layouts/application.html.erb (Duration: 37.0ms | GC: 0.0ms)
Completed 200 OK in 112ms (Views: 35.7ms | ActiveRecord: 9.4ms (3 queries, 0 cached) | GC: 0.0ms)


Started GET "/?page=5" for ::1 at 2026-05-06 11:40:33 +0530
Processing by EventsController#index as HTML
  Parameters: {"page"=>"5"}
  Rendering layout layouts/application.html.erb
  Rendering events/index.html.erb within layouts/application
  [1m[36mEvent Exists? (1.6ms)[0m  [1m[34mSELECT 1 AS one FROM "events" LIMIT 1 OFFSET 48 /*action='index',application='BillettoAssignment',controller='events'*/[0m
  ↳ app/views/events/index.html.erb:11
  [1m[36mEvent Load (1.3ms)[0m  [1m[34mSELECT "events".* FROM "events" ORDER BY "events"."start_date" ASC LIMIT 12 OFFSET 48 /*action='index',application='BillettoAssignment',controller='events'*/[0m
  ↳ app/views/events/index.html.erb:22
  Rendered events/index.html.erb within layouts/application (Duration: 28.2ms | GC: 0.0ms)
  Rendered layout layouts/application.html.erb (Duration: 30.3ms | GC: 0.0ms)
Completed 200 OK in 37ms (Views: 29.5ms | ActiveRecord: 2.8ms (2 queries, 0 cached) | GC: 0.0ms)


Started POST "/events/50/upvote" for ::1 at 2026-05-06 11:40:36 +0530
Processing by EventsController#upvote as HTML
  Parameters: {"authenticity_token"=>"[FILTERED]", "commit"=>"👍", "id"=>"50"}
  [1m[36mEvent Load (0.7ms)[0m  [1m[34mSELECT "events".* FROM "events" WHERE "events"."id" = 50 LIMIT 1 /*action='upvote',application='BillettoAssignment',controller='events'*/[0m
  ↳ app/controllers/events_controller.rb:49:in `set_event'
  [1m[36mEvent Load (1.0ms)[0m  [1m[34mSELECT "events".* FROM "events" WHERE "events"."external_id" = 'sample-event-fafc7191' LIMIT 1 /*action='upvote',application='BillettoAssignment',controller='events'*/[0m
  ↳ app/domain/events/vote_command.rb:16:in `call'
Completed 500 Internal Server Error in 31ms (ActiveRecord: 1.7ms (2 queries, 0 cached) | GC: 11.0ms)


  
NoMethodError (undefined method `dump' for #<RubyEventStore::Serializers::YAML:0x000077a08c817cf8>):
  
app/domain/events/vote_command.rb:23:in `call'
app/controllers/events_controller.rb:25:in `upvote'
Started POST "/events/50/upvote" for ::1 at 2026-05-06 11:41:19 +0530
Processing by EventsController#upvote as HTML
  Parameters: {"authenticity_token"=>"[FILTERED]", "commit"=>"👍", "id"=>"50"}
  [1m[36mEvent Load (1.0ms)[0m  [1m[34mSELECT "events".* FROM "events" WHERE "events"."id" = 50 LIMIT 1 /*action='upvote',application='BillettoAssignment',controller='events'*/[0m
  ↳ app/controllers/events_controller.rb:49:in `set_event'
  [1m[36mEvent Load (1.6ms)[0m  [1m[34mSELECT "events".* FROM "events" WHERE "events"."external_id" = 'sample-event-fafc7191' LIMIT 1 /*action='upvote',application='BillettoAssignment',controller='events'*/[0m
  ↳ app/domain/events/vote_command.rb:16:in `call'
Completed 500 Internal Server Error in 13ms (ActiveRecord: 2.5ms (2 queries, 0 cached) | GC: 0.0ms)


  
NoMethodError (undefined method `dump' for #<RubyEventStore::Serializers::YAML:0x000077a08c817cf8>):
  
app/domain/events/vote_command.rb:23:in `call'
app/controllers/events_controller.rb:25:in `upvote'
Started POST "/events/50/upvote" for ::1 at 2026-05-06 11:41:22 +0530
Processing by EventsController#upvote as HTML
  Parameters: {"authenticity_token"=>"[FILTERED]", "commit"=>"👍", "id"=>"50"}
  [1m[36mEvent Load (0.7ms)[0m  [1m[34mSELECT "events".* FROM "events" WHERE "events"."id" = 50 LIMIT 1 /*action='upvote',application='BillettoAssignment',controller='events'*/[0m
  ↳ app/controllers/events_controller.rb:49:in `set_event'
  [1m[36mEvent Load (0.5ms)[0m  [1m[34mSELECT "events".* FROM "events" WHERE "events"."external_id" = 'sample-event-fafc7191' LIMIT 1 /*action='upvote',application='BillettoAssignment',controller='events'*/[0m
  ↳ app/domain/events/vote_command.rb:16:in `call'
Completed 500 Internal Server Error in 8ms (ActiveRecord: 1.2ms (2 queries, 0 cached) | GC: 0.0ms)


  
NoMethodError (undefined method `dump' for #<RubyEventStore::Serializers::YAML:0x000077a08c817cf8>):
  
app/domain/events/vote_command.rb:23:in `call'
app/controllers/events_controller.rb:25:in `upvote'
Started GET "/events?filter=all" for ::1 at 2026-05-06 11:41:25 +0530
Processing by EventsController#index as HTML
  Parameters: {"filter"=>"all"}
  Rendering layout layouts/application.html.erb
  Rendering events/index.html.erb within layouts/application
  [1m[36mEvent Exists? (1.8ms)[0m  [1m[34mSELECT 1 AS one FROM "events" LIMIT 1 OFFSET 0 /*action='index',application='BillettoAssignment',controller='events'*/[0m
  ↳ app/views/events/index.html.erb:11
  [1m[36mEvent Load (0.9ms)[0m  [1m[34mSELECT "events".* FROM "events" ORDER BY "events"."start_date" ASC LIMIT 12 OFFSET 0 /*action='index',application='BillettoAssignment',controller='events'*/[0m
  ↳ app/views/events/index.html.erb:22
  [1m[36mEvent Count (0.4ms)[0m  [1m[34mSELECT COUNT(*) FROM "events" /*action='index',application='BillettoAssignment',controller='events'*/[0m
  ↳ app/views/events/index.html.erb:76
  Rendered events/index.html.erb within layouts/application (Duration: 30.4ms | GC: 0.7ms)
  Rendered layout layouts/application.html.erb (Duration: 31.9ms | GC: 0.7ms)
Completed 200 OK in 38ms (Views: 30.3ms | ActiveRecord: 3.1ms (3 queries, 0 cached) | GC: 0.7ms)


Started POST "/events/1/upvote" for ::1 at 2026-05-06 11:41:26 +0530
Processing by EventsController#upvote as HTML
  Parameters: {"authenticity_token"=>"[FILTERED]", "commit"=>"👍", "id"=>"1"}
  [1m[36mEvent Load (0.6ms)[0m  [1m[34mSELECT "events".* FROM "events" WHERE "events"."id" = 1 LIMIT 1 /*action='upvote',application='BillettoAssignment',controller='events'*/[0m
  ↳ app/controllers/events_controller.rb:49:in `set_event'
  [1m[36mEvent Load (0.7ms)[0m  [1m[34mSELECT "events".* FROM "events" WHERE "events"."external_id" = 'sample-event-1' LIMIT 1 /*action='upvote',application='BillettoAssignment',controller='events'*/[0m
  ↳ app/domain/events/vote_command.rb:16:in `call'
Completed 500 Internal Server Error in 7ms (ActiveRecord: 1.3ms (2 queries, 0 cached) | GC: 0.3ms)


  
NoMethodError (undefined method `dump' for #<RubyEventStore::Serializers::YAML:0x000077a08c817cf8>):
  
app/domain/events/vote_command.rb:23:in `call'
app/controllers/events_controller.rb:25:in `upvote'
Started GET "/events?filter=all" for ::1 at 2026-05-06 11:43:18 +0530
Processing by EventsController#index as HTML
  Parameters: {"filter"=>"all"}
  Rendering layout layouts/application.html.erb
  Rendering events/index.html.erb within layouts/application
  [1m[36mEvent Exists? (0.4ms)[0m  [1m[34mSELECT 1 AS one FROM "events" LIMIT 1 OFFSET 0 /*action='index',application='BillettoAssignment',controller='events'*/[0m
  ↳ app/views/events/index.html.erb:11
  [1m[36mEvent Load (0.4ms)[0m  [1m[34mSELECT "events".* FROM "events" ORDER BY "events"."start_date" ASC LIMIT 12 OFFSET 0 /*action='index',application='BillettoAssignment',controller='events'*/[0m
  ↳ app/views/events/index.html.erb:22
  [1m[36mEvent Count (0.4ms)[0m  [1m[34mSELECT COUNT(*) FROM "events" /*action='index',application='BillettoAssignment',controller='events'*/[0m
  ↳ app/views/events/index.html.erb:76
  Rendered events/index.html.erb within layouts/application (Duration: 16.1ms | GC: 0.3ms)
  Rendered layout layouts/application.html.erb (Duration: 17.5ms | GC: 0.5ms)
Completed 200 OK in 19ms (Views: 16.9ms | ActiveRecord: 1.1ms (3 queries, 0 cached) | GC: 0.5ms)


Started POST "/events/1/upvote" for ::1 at 2026-05-06 11:43:19 +0530
Processing by EventsController#upvote as HTML
  Parameters: {"authenticity_token"=>"[FILTERED]", "commit"=>"👍", "id"=>"1"}
  [1m[36mEvent Load (1.6ms)[0m  [1m[34mSELECT "events".* FROM "events" WHERE "events"."id" = 1 LIMIT 1 /*action='upvote',application='BillettoAssignment',controller='events'*/[0m
  ↳ app/controllers/events_controller.rb:49:in `set_event'
  [1m[36mEvent Load (1.3ms)[0m  [1m[34mSELECT "events".* FROM "events" WHERE "events"."external_id" = 'sample-event-1' LIMIT 1 /*action='upvote',application='BillettoAssignment',controller='events'*/[0m
  ↳ app/domain/events/vote_command.rb:16:in `call'
Completed 500 Internal Server Error in 21ms (ActiveRecord: 2.9ms (2 queries, 0 cached) | GC: 0.6ms)


  
NoMethodError (undefined method `dump' for #<RubyEventStore::Serializers::YAML:0x000077a08c817cf8>):
  
app/domain/events/vote_command.rb:23:in `call'
app/controllers/events_controller.rb:25:in `upvote'
Started POST "/events/1/upvote" for ::1 at 2026-05-06 11:45:21 +0530
Processing by EventsController#upvote as HTML
  Parameters: {"authenticity_token"=>"[FILTERED]", "commit"=>"👍", "id"=>"1"}
  [1m[36mEvent Load (0.3ms)[0m  [1m[34mSELECT "events".* FROM "events" WHERE "events"."id" = 1 LIMIT 1 /*action='upvote',application='BillettoAssignment',controller='events'*/[0m
  ↳ app/controllers/events_controller.rb:49:in `set_event'
  [1m[36mEvent Load (0.4ms)[0m  [1m[34mSELECT "events".* FROM "events" WHERE "events"."external_id" = 'sample-event-1' LIMIT 1 /*action='upvote',application='BillettoAssignment',controller='events'*/[0m
  ↳ app/domain/events/vote_command.rb:18:in `call'
Completed 500 Internal Server Error in 15ms (ActiveRecord: 2.2ms (2 queries, 0 cached) | GC: 0.4ms)


  
NoMethodError (undefined method `dump' for #<RubyEventStore::Serializers::YAML:0x000077a07df312f0>):
  
app/domain/events/vote_command.rb:25:in `call'
app/controllers/events_controller.rb:25:in `upvote'
Started POST "/events/1/upvote" for ::1 at 2026-05-06 11:45:24 +0530
Processing by EventsController#upvote as HTML
  Parameters: {"authenticity_token"=>"[FILTERED]", "commit"=>"👍", "id"=>"1"}
  [1m[36mEvent Load (0.8ms)[0m  [1m[34mSELECT "events".* FROM "events" WHERE "events"."id" = 1 LIMIT 1 /*action='upvote',application='BillettoAssignment',controller='events'*/[0m
  ↳ app/controllers/events_controller.rb:49:in `set_event'
  [1m[36mEvent Load (0.7ms)[0m  [1m[34mSELECT "events".* FROM "events" WHERE "events"."external_id" = 'sample-event-1' LIMIT 1 /*action='upvote',application='BillettoAssignment',controller='events'*/[0m
  ↳ app/domain/events/vote_command.rb:18:in `call'
Completed 500 Internal Server Error in 10ms (ActiveRecord: 1.4ms (2 queries, 0 cached) | GC: 0.0ms)


  
NoMethodError (undefined method `dump' for #<RubyEventStore::Serializers::YAML:0x000077a07df312f0>):
  
app/domain/events/vote_command.rb:25:in `call'
app/controllers/events_controller.rb:25:in `upvote'
Started GET "/events?filter=all" for ::1 at 2026-05-06 11:45:26 +0530
Processing by EventsController#index as HTML
  Parameters: {"filter"=>"all"}
  Rendering layout layouts/application.html.erb
  Rendering events/index.html.erb within layouts/application
  [1m[36mEvent Exists? (0.5ms)[0m  [1m[34mSELECT 1 AS one FROM "events" LIMIT 1 OFFSET 0 /*action='index',application='BillettoAssignment',controller='events'*/[0m
  ↳ app/views/events/index.html.erb:11
  [1m[36mEvent Load (0.5ms)[0m  [1m[34mSELECT "events".* FROM "events" ORDER BY "events"."start_date" ASC LIMIT 12 OFFSET 0 /*action='index',application='BillettoAssignment',controller='events'*/[0m
  ↳ app/views/events/index.html.erb:22
  [1m[36mEvent Count (0.4ms)[0m  [1m[34mSELECT COUNT(*) FROM "events" /*action='index',application='BillettoAssignment',controller='events'*/[0m
  ↳ app/views/events/index.html.erb:76
  Rendered events/index.html.erb within layouts/application (Duration: 22.0ms | GC: 0.5ms)
  Rendered layout layouts/application.html.erb (Duration: 24.9ms | GC: 0.5ms)
Completed 200 OK in 31ms (Views: 26.0ms | ActiveRecord: 1.3ms (3 queries, 0 cached) | GC: 0.7ms)


Started POST "/events/1/upvote" for ::1 at 2026-05-06 11:45:28 +0530
Processing by EventsController#upvote as HTML
  Parameters: {"authenticity_token"=>"[FILTERED]", "commit"=>"👍", "id"=>"1"}
  [1m[36mEvent Load (0.9ms)[0m  [1m[34mSELECT "events".* FROM "events" WHERE "events"."id" = 1 LIMIT 1 /*action='upvote',application='BillettoAssignment',controller='events'*/[0m
  ↳ app/controllers/events_controller.rb:49:in `set_event'
  [1m[36mEvent Load (0.7ms)[0m  [1m[34mSELECT "events".* FROM "events" WHERE "events"."external_id" = 'sample-event-1' LIMIT 1 /*action='upvote',application='BillettoAssignment',controller='events'*/[0m
  ↳ app/domain/events/vote_command.rb:18:in `call'
Completed 500 Internal Server Error in 12ms (ActiveRecord: 1.6ms (2 queries, 0 cached) | GC: 0.0ms)


  
NoMethodError (undefined method `dump' for #<RubyEventStore::Serializers::YAML:0x000077a07df312f0>):
  
app/domain/events/vote_command.rb:25:in `call'
app/controllers/events_controller.rb:25:in `upvote'
Started POST "/events/1/upvote" for ::1 at 2026-05-06 11:45:36 +0530
  [1m[36mActiveRecord::SchemaMigration Load (0.5ms)[0m  [1m[34mSELECT "schema_migrations"."version" FROM "schema_migrations" ORDER BY "schema_migrations"."version" ASC /*application='BillettoAssignment'*/[0m
Processing by EventsController#upvote as HTML
  Parameters: {"authenticity_token"=>"[FILTERED]", "commit"=>"👍", "id"=>"1"}
  [1m[36mEvent Load (0.6ms)[0m  [1m[34mSELECT "events".* FROM "events" WHERE "events"."id" = 1 LIMIT 1 /*action='upvote',application='BillettoAssignment',controller='events'*/[0m
  ↳ app/controllers/events_controller.rb:49:in `set_event'
Completed 500 Internal Server Error in 59ms (ActiveRecord: 34.2ms (1 query, 0 cached) | GC: 2.0ms)


  
NoMethodError (undefined method `event_store' for #<Rails::Application::Configuration:0x0000000000fc80>):
  
app/domain/events/vote_command.rb:14:in `call'
app/controllers/events_controller.rb:25:in `upvote'
Started GET "/events?filter=all" for ::1 at 2026-05-06 11:46:41 +0530
Processing by EventsController#index as HTML
  Parameters: {"filter"=>"all"}
  Rendering layout layouts/application.html.erb
  Rendering events/index.html.erb within layouts/application
  [1m[36mEvent Exists? (0.4ms)[0m  [1m[34mSELECT 1 AS one FROM "events" LIMIT 1 OFFSET 0 /*action='index',application='BillettoAssignment',controller='events'*/[0m
  ↳ app/views/events/index.html.erb:11
  [1m[36mEvent Load (0.9ms)[0m  [1m[34mSELECT "events".* FROM "events" ORDER BY "events"."start_date" ASC LIMIT 12 OFFSET 0 /*action='index',application='BillettoAssignment',controller='events'*/[0m
  ↳ app/views/events/index.html.erb:22
  [1m[36mEvent Count (0.4ms)[0m  [1m[34mSELECT COUNT(*) FROM "events" /*action='index',application='BillettoAssignment',controller='events'*/[0m
  ↳ app/views/events/index.html.erb:76
  Rendered events/index.html.erb within layouts/application (Duration: 28.1ms | GC: 0.9ms)
  Rendered layout layouts/application.html.erb (Duration: 35.6ms | GC: 1.5ms)
Completed 200 OK in 44ms (Views: 34.6ms | ActiveRecord: 3.8ms (3 queries, 0 cached) | GC: 2.1ms)


Started POST "/events/1/upvote" for ::1 at 2026-05-06 11:46:43 +0530
Processing by EventsController#upvote as HTML
  Parameters: {"authenticity_token"=>"[FILTERED]", "commit"=>"👍", "id"=>"1"}
  [1m[36mEvent Load (3.0ms)[0m  [1m[34mSELECT "events".* FROM "events" WHERE "events"."id" = 1 LIMIT 1 /*action='upvote',application='BillettoAssignment',controller='events'*/[0m
  ↳ app/controllers/events_controller.rb:49:in `set_event'
  [1m[36mEvent Load (1.7ms)[0m  [1m[34mSELECT "events".* FROM "events" WHERE "events"."external_id" = 'sample-event-1' LIMIT 1 /*action='upvote',application='BillettoAssignment',controller='events'*/[0m
  ↳ app/domain/events/vote_command.rb:16:in `call'
  [1m[36mTRANSACTION (0.4ms)[0m  [1m[35mBEGIN /*action='upvote',application='BillettoAssignment',controller='events'*/[0m
  ↳ app/domain/events/vote_command.rb:23:in `call'
  [1m[36mRubyEventStore::ActiveRecord::Event Insert (0.7ms)[0m  [1m[32mINSERT INTO "event_store_events" ("event_id","data","metadata","event_type","created_at","valid_at") VALUES ('50fa8885-b429-4c40-8287-8d61e5292ae0', '\x2d2d2d0a3a6576656e745f69643a2073616d706c652d6576656e742d310a3a757365725f69643a2030363233333762342d653365362d343336312d613135352d3262326434663066326337310a', '\x2d2d2d0a3a636f7272656c6174696f6e5f69643a2032373366613636372d633132382d343565622d383165362d3731663637653131656539370a', 'Events::EventUpvoted', '2026-05-06 06:16:43.244918', NULL) RETURNING "id" /*action='upvote',application='BillettoAssignment',controller='events'*/[0m
  ↳ app/domain/events/vote_command.rb:23:in `call'
  [1m[36mTRANSACTION (1.0ms)[0m  [1m[35mCOMMIT /*action='upvote',application='BillettoAssignment',controller='events'*/[0m
  ↳ app/domain/events/vote_command.rb:23:in `call'
  [1m[36mEvent Update All (1.3ms)[0m  [1m[33mUPDATE "events" SET "upvotes_count" = COALESCE("events"."upvotes_count", 0) + 1 WHERE "events"."id" = 1 /*action='upvote',application='BillettoAssignment',controller='events'*/[0m
  ↳ app/domain/events/vote_command.rb:31:in `call'
Redirected to http://localhost:3000/events/1
↳ app/controllers/events_controller.rb:26:in `upvote'
Completed 302 Found in 54ms (ActiveRecord: 14.0ms (4 queries, 0 cached) | GC: 0.6ms)


Started GET "/events/1" for ::1 at 2026-05-06 11:46:43 +0530
Processing by EventsController#show as HTML
  Parameters: {"id"=>"1"}
  [1m[36mEvent Load (0.5ms)[0m  [1m[34mSELECT "events".* FROM "events" WHERE "events"."id" = 1 LIMIT 1 /*action='show',application='BillettoAssignment',controller='events'*/[0m
  ↳ app/controllers/events_controller.rb:49:in `set_event'
  Rendering layout layouts/application.html.erb
  Rendering events/show.html.erb within layouts/application
  Rendered events/show.html.erb within layouts/application (Duration: 8.2ms | GC: 0.0ms)
  Rendered layout layouts/application.html.erb (Duration: 9.3ms | GC: 0.0ms)
Completed 200 OK in 12ms (Views: 9.8ms | ActiveRecord: 0.5ms (1 query, 0 cached) | GC: 0.0ms)


Started GET "/?filter=all&page=5" for ::1 at 2026-05-06 11:46:48 +0530
Processing by EventsController#index as HTML
  Parameters: {"filter"=>"all", "page"=>"5"}
  Rendering layout layouts/application.html.erb
  Rendering events/index.html.erb within layouts/application
  [1m[36mEvent Exists? (2.1ms)[0m  [1m[34mSELECT 1 AS one FROM "events" LIMIT 1 OFFSET 48 /*action='index',application='BillettoAssignment',controller='events'*/[0m
  ↳ app/views/events/index.html.erb:11
  [1m[36mEvent Load (1.8ms)[0m  [1m[34mSELECT "events".* FROM "events" ORDER BY "events"."start_date" ASC LIMIT 12 OFFSET 48 /*action='index',application='BillettoAssignment',controller='events'*/[0m
  ↳ app/views/events/index.html.erb:22
  Rendered events/index.html.erb within layouts/application (Duration: 50.1ms | GC: 0.0ms)
  Rendered layout layouts/application.html.erb (Duration: 53.3ms | GC: 0.0ms)
Completed 200 OK in 59ms (Views: 51.9ms | ActiveRecord: 3.9ms (2 queries, 0 cached) | GC: 0.0ms)


Started POST "/events/45/upvote" for ::1 at 2026-05-06 11:46:50 +0530
Processing by EventsController#upvote as HTML
  Parameters: {"authenticity_token"=>"[FILTERED]", "commit"=>"👍", "id"=>"45"}
  [1m[36mEvent Load (1.8ms)[0m  [1m[34mSELECT "events".* FROM "events" WHERE "events"."id" = 45 LIMIT 1 /*action='upvote',application='BillettoAssignment',controller='events'*/[0m
  ↳ app/controllers/events_controller.rb:49:in `set_event'
  [1m[36mEvent Load (1.0ms)[0m  [1m[34mSELECT "events".* FROM "events" WHERE "events"."external_id" = 'sample-event-971a81df' LIMIT 1 /*action='upvote',application='BillettoAssignment',controller='events'*/[0m
  ↳ app/domain/events/vote_command.rb:16:in `call'
  [1m[36mTRANSACTION (0.4ms)[0m  [1m[35mBEGIN /*action='upvote',application='BillettoAssignment',controller='events'*/[0m
  ↳ app/domain/events/vote_command.rb:23:in `call'
  [1m[36mRubyEventStore::ActiveRecord::Event Insert (5.4ms)[0m  [1m[32mINSERT INTO "event_store_events" ("event_id","data","metadata","event_type","created_at","valid_at") VALUES ('5de29873-4866-4cde-8f32-64fe52c015d5', '\x2d2d2d0a3a6576656e745f69643a2073616d706c652d6576656e742d39373161383164660a3a757365725f69643a2030363233333762342d653365362d343336312d613135352d3262326434663066326337310a', '\x2d2d2d0a3a636f7272656c6174696f6e5f69643a2065326339653833612d656332342d346539332d393265662d3330653136663536373731380a', 'Events::EventUpvoted', '2026-05-06 06:16:50.889914', NULL) RETURNING "id" /*action='upvote',application='BillettoAssignment',controller='events'*/[0m
  ↳ app/domain/events/vote_command.rb:23:in `call'
  [1m[36mTRANSACTION (1.0ms)[0m  [1m[35mCOMMIT /*action='upvote',application='BillettoAssignment',controller='events'*/[0m
  ↳ app/domain/events/vote_command.rb:23:in `call'
  [1m[36mEvent Update All (1.3ms)[0m  [1m[33mUPDATE "events" SET "upvotes_count" = COALESCE("events"."upvotes_count", 0) + 1 WHERE "events"."id" = 45 /*action='upvote',application='BillettoAssignment',controller='events'*/[0m
  ↳ app/domain/events/vote_command.rb:31:in `call'
Redirected to http://localhost:3000/events/45
↳ app/controllers/events_controller.rb:26:in `upvote'
Completed 302 Found in 34ms (ActiveRecord: 10.9ms (4 queries, 0 cached) | GC: 0.0ms)


Started GET "/events/45" for ::1 at 2026-05-06 11:46:50 +0530
Processing by EventsController#show as HTML
  Parameters: {"id"=>"45"}
  [1m[36mEvent Load (0.7ms)[0m  [1m[34mSELECT "events".* FROM "events" WHERE "events"."id" = 45 LIMIT 1 /*action='show',application='BillettoAssignment',controller='events'*/[0m
  ↳ app/controllers/events_controller.rb:49:in `set_event'
  Rendering layout layouts/application.html.erb
  Rendering events/show.html.erb within layouts/application
  Rendered events/show.html.erb within layouts/application (Duration: 3.2ms | GC: 0.0ms)
  Rendered layout layouts/application.html.erb (Duration: 5.0ms | GC: 0.0ms)
Completed 200 OK in 10ms (Views: 5.9ms | ActiveRecord: 0.7ms (1 query, 0 cached) | GC: 0.0ms)


Started POST "/events/58/upvote" for ::1 at 2026-05-06 11:46:55 +0530
Processing by EventsController#upvote as HTML
  Parameters: {"authenticity_token"=>"[FILTERED]", "commit"=>"👍", "id"=>"58"}
  [1m[36mEvent Load (1.5ms)[0m  [1m[34mSELECT "events".* FROM "events" WHERE "events"."id" = 58 LIMIT 1 /*action='upvote',application='BillettoAssignment',controller='events'*/[0m
  ↳ app/controllers/events_controller.rb:49:in `set_event'
  [1m[36mEvent Load (0.9ms)[0m  [1m[34mSELECT "events".* FROM "events" WHERE "events"."external_id" = 'mock_event_2' LIMIT 1 /*action='upvote',application='BillettoAssignment',controller='events'*/[0m
  ↳ app/domain/events/vote_command.rb:16:in `call'
  [1m[36mTRANSACTION (0.4ms)[0m  [1m[35mBEGIN /*action='upvote',application='BillettoAssignment',controller='events'*/[0m
  ↳ app/domain/events/vote_command.rb:23:in `call'
  [1m[36mRubyEventStore::ActiveRecord::Event Insert (3.3ms)[0m  [1m[32mINSERT INTO "event_store_events" ("event_id","data","metadata","event_type","created_at","valid_at") VALUES ('6df2cc7a-e45e-4748-a5fd-d1ba13bdc236', '\x2d2d2d0a3a6576656e745f69643a206d6f636b5f6576656e745f320a3a757365725f69643a2030363233333762342d653365362d343336312d613135352d3262326434663066326337310a', '\x2d2d2d0a3a636f7272656c6174696f6e5f69643a2062353536643363632d383736342d343039322d393734302d3938373263333838373834630a', 'Events::EventUpvoted', '2026-05-06 06:16:55.025619', NULL) RETURNING "id" /*action='upvote',application='BillettoAssignment',controller='events'*/[0m
  ↳ app/domain/events/vote_command.rb:23:in `call'
  [1m[36mTRANSACTION (0.9ms)[0m  [1m[35mCOMMIT /*action='upvote',application='BillettoAssignment',controller='events'*/[0m
  ↳ app/domain/events/vote_command.rb:23:in `call'
  [1m[36mEvent Update All (1.3ms)[0m  [1m[33mUPDATE "events" SET "upvotes_count" = COALESCE("events"."upvotes_count", 0) + 1 WHERE "events"."id" = 58 /*action='upvote',application='BillettoAssignment',controller='events'*/[0m
  ↳ app/domain/events/vote_command.rb:31:in `call'
Redirected to http://localhost:3000/events/58
↳ app/controllers/events_controller.rb:26:in `upvote'
Completed 302 Found in 28ms (ActiveRecord: 8.3ms (4 queries, 0 cached) | GC: 0.0ms)


Started GET "/events/58" for ::1 at 2026-05-06 11:46:55 +0530
Processing by EventsController#show as HTML
  Parameters: {"id"=>"58"}
  [1m[36mEvent Load (0.5ms)[0m  [1m[34mSELECT "events".* FROM "events" WHERE "events"."id" = 58 LIMIT 1 /*action='show',application='BillettoAssignment',controller='events'*/[0m
  ↳ app/controllers/events_controller.rb:49:in `set_event'
  Rendering layout layouts/application.html.erb
  Rendering events/show.html.erb within layouts/application
  Rendered events/show.html.erb within layouts/application (Duration: 1.7ms | GC: 0.0ms)
  Rendered layout layouts/application.html.erb (Duration: 2.7ms | GC: 0.0ms)
Completed 200 OK in 6ms (Views: 3.2ms | ActiveRecord: 0.5ms (1 query, 0 cached) | GC: 0.0ms)


Started GET "/events?filter=upcoming" for ::1 at 2026-05-06 11:46:59 +0530
Processing by EventsController#index as HTML
  Parameters: {"filter"=>"upcoming"}
  Rendering layout layouts/application.html.erb
  Rendering events/index.html.erb within layouts/application
  [1m[36mEvent Exists? (2.0ms)[0m  [1m[34mSELECT 1 AS one FROM "events" WHERE (start_date > '2026-05-06 06:16:59.100028') LIMIT 1 OFFSET 0 /*action='index',application='BillettoAssignment',controller='events'*/[0m
  ↳ app/views/events/index.html.erb:11
  [1m[36mEvent Load (1.5ms)[0m  [1m[34mSELECT "events".* FROM "events" WHERE (start_date > '2026-05-06 06:16:59.100028') ORDER BY "events"."start_date" ASC LIMIT 12 OFFSET 0 /*action='index',application='BillettoAssignment',controller='events'*/[0m
  ↳ app/views/events/index.html.erb:22
  [1m[36mEvent Count (1.8ms)[0m  [1m[34mSELECT COUNT(*) FROM "events" WHERE (start_date > '2026-05-06 06:16:59.100028') /*action='index',application='BillettoAssignment',controller='events'*/[0m
  ↳ app/views/events/index.html.erb:76
  Rendered events/index.html.erb within layouts/application (Duration: 73.7ms | GC: 0.0ms)
  Rendered layout layouts/application.html.erb (Duration: 77.2ms | GC: 0.0ms)
Completed 200 OK in 84ms (Views: 74.0ms | ActiveRecord: 5.3ms (3 queries, 0 cached) | GC: 0.0ms)


  [1m[36mEvent Count (47.2ms)[0m  [1m[34mSELECT COUNT(*) FROM "events" /*application='BillettoAssignment'*/[0m
Started GET "/events?filter=past" for ::1 at 2026-05-06 11:47:18 +0530
Processing by EventsController#index as HTML
  Parameters: {"filter"=>"past"}
  Rendering layout layouts/application.html.erb
  Rendering events/index.html.erb within layouts/application
  [1m[36mEvent Exists? (3.4ms)[0m  [1m[34mSELECT 1 AS one FROM "events" WHERE (start_date <= '2026-05-06 06:17:18.389379') LIMIT 1 OFFSET 0 /*action='index',application='BillettoAssignment',controller='events'*/[0m
  ↳ app/views/events/index.html.erb:11
  Rendered events/index.html.erb within layouts/application (Duration: 14.7ms | GC: 0.0ms)
  Rendered layout layouts/application.html.erb (Duration: 23.2ms | GC: 0.0ms)
Completed 200 OK in 33ms (Views: 23.6ms | ActiveRecord: 3.3ms (1 query, 0 cached) | GC: 0.0ms)


Started POST "/admin/events/import" for ::1 at 2026-05-06 11:47:20 +0530
Processing by Admin::EventsController#import as HTML
  Parameters: {"authenticity_token"=>"[FILTERED]"}
[ActiveJob] Enqueued ImportEventsJob (Job ID: 6c95bef8-5641-4259-b0a5-72e55bea8133) to Async(default)
[ActiveJob] ↳ app/controllers/admin/events_controller.rb:4:in `import'
Redirected to http://localhost:3000/
↳ app/controllers/admin/events_controller.rb:5:in `import'
Completed 302 Found in 40ms (ActiveRecord: 0.0ms (0 queries, 0 cached) | GC: 7.2ms)


[ActiveJob] [ImportEventsJob] [6c95bef8-5641-4259-b0a5-72e55bea8133] Performing ImportEventsJob (Job ID: 6c95bef8-5641-4259-b0a5-72e55bea8133) from Async(default) enqueued at 2026-05-06T06:17:20.593577544Z
[ActiveJob] [ImportEventsJob] [6c95bef8-5641-4259-b0a5-72e55bea8133] Performed ImportEventsJob (Job ID: 6c95bef8-5641-4259-b0a5-72e55bea8133) from Async(default) in 0.95ms
Started GET "/" for ::1 at 2026-05-06 11:47:20 +0530
Processing by EventsController#index as HTML
  Rendering layout layouts/application.html.erb
  Rendering events/index.html.erb within layouts/application
  [1m[36mEvent Exists? (0.3ms)[0m  [1m[34mSELECT 1 AS one FROM "events" LIMIT 1 OFFSET 0 /*action='index',application='BillettoAssignment',controller='events'*/[0m
  ↳ app/views/events/index.html.erb:11
  [1m[36mEvent Load (0.4ms)[0m  [1m[34mSELECT "events".* FROM "events" ORDER BY "events"."start_date" ASC LIMIT 12 OFFSET 0 /*action='index',application='BillettoAssignment',controller='events'*/[0m
  ↳ app/views/events/index.html.erb:22
  [1m[36mEvent Count (0.4ms)[0m  [1m[34mSELECT COUNT(*) FROM "events" /*action='index',application='BillettoAssignment',controller='events'*/[0m
  ↳ app/views/events/index.html.erb:76
  Rendered events/index.html.erb within layouts/application (Duration: 12.9ms | GC: 0.5ms)
  Rendered layout layouts/application.html.erb (Duration: 13.9ms | GC: 0.5ms)
Completed 200 OK in 15ms (Views: 13.3ms | ActiveRecord: 1.1ms (3 queries, 0 cached) | GC: 0.5ms)


Started GET "/events?filter=past" for ::1 at 2026-05-06 11:48:06 +0530
Processing by EventsController#index as HTML
  Parameters: {"filter"=>"past"}
  Rendering layout layouts/application.html.erb
  Rendering events/index.html.erb within layouts/application
  [1m[36mEvent Exists? (0.4ms)[0m  [1m[34mSELECT 1 AS one FROM "events" WHERE (start_date <= '2026-05-06 06:18:06.490776') LIMIT 1 OFFSET 0 /*action='index',application='BillettoAssignment',controller='events'*/[0m
  ↳ app/views/events/index.html.erb:11
  Rendered events/index.html.erb within layouts/application (Duration: 3.3ms | GC: 0.3ms)
  Rendered layout layouts/application.html.erb (Duration: 5.7ms | GC: 0.3ms)
Completed 200 OK in 13ms (Views: 6.4ms | ActiveRecord: 1.2ms (1 query, 0 cached) | GC: 0.6ms)


Started POST "/admin/events/import" for ::1 at 2026-05-06 11:48:07 +0530
Processing by Admin::EventsController#import as HTML
  Parameters: {"authenticity_token"=>"[FILTERED]"}
[ActiveJob] Enqueued ImportEventsJob (Job ID: d116bb20-b8ce-4406-beea-8d1e571c62c3) to Async(default)
[ActiveJob] ↳ app/controllers/admin/events_controller.rb:4:in `import'
Redirected to http://localhost:3000/
↳ app/controllers/admin/events_controller.rb:5:in `import'
Completed 302 Found in 10ms (ActiveRecord: 0.0ms (0 queries, 0 cached) | GC: 0.0ms)


[ActiveJob] [ImportEventsJob] [d116bb20-b8ce-4406-beea-8d1e571c62c3] Performing ImportEventsJob (Job ID: d116bb20-b8ce-4406-beea-8d1e571c62c3) from Async(default) enqueued at 2026-05-06T06:18:07.391303040Z
[ActiveJob] [ImportEventsJob] [d116bb20-b8ce-4406-beea-8d1e571c62c3] Performed ImportEventsJob (Job ID: d116bb20-b8ce-4406-beea-8d1e571c62c3) from Async(default) in 2.44ms
Started GET "/" for ::1 at 2026-05-06 11:48:07 +0530
Processing by EventsController#index as HTML
  Rendering layout layouts/application.html.erb
  Rendering events/index.html.erb within layouts/application
  [1m[36mEvent Exists? (0.6ms)[0m  [1m[34mSELECT 1 AS one FROM "events" LIMIT 1 OFFSET 0 /*action='index',application='BillettoAssignment',controller='events'*/[0m
  ↳ app/views/events/index.html.erb:11
  [1m[36mEvent Load (0.6ms)[0m  [1m[34mSELECT "events".* FROM "events" ORDER BY "events"."start_date" ASC LIMIT 12 OFFSET 0 /*action='index',application='BillettoAssignment',controller='events'*/[0m
  ↳ app/views/events/index.html.erb:22
  [1m[36mEvent Count (0.4ms)[0m  [1m[34mSELECT COUNT(*) FROM "events" /*action='index',application='BillettoAssignment',controller='events'*/[0m
  ↳ app/views/events/index.html.erb:76
  Rendered events/index.html.erb within layouts/application (Duration: 26.4ms | GC: 0.3ms)
  Rendered layout layouts/application.html.erb (Duration: 27.6ms | GC: 0.3ms)
Completed 200 OK in 29ms (Views: 25.2ms | ActiveRecord: 2.9ms (3 queries, 0 cached) | GC: 0.3ms)


Started GET "/events?filter=past" for ::1 at 2026-05-06 11:48:15 +0530
Processing by EventsController#index as HTML
  Parameters: {"filter"=>"past"}
  Rendering layout layouts/application.html.erb
  Rendering events/index.html.erb within layouts/application
  [1m[36mEvent Exists? (2.2ms)[0m  [1m[34mSELECT 1 AS one FROM "events" WHERE (start_date <= '2026-05-06 06:18:15.862219') LIMIT 1 OFFSET 0 /*action='index',application='BillettoAssignment',controller='events'*/[0m
  ↳ app/views/events/index.html.erb:11
  Rendered events/index.html.erb within layouts/application (Duration: 11.4ms | GC: 0.0ms)
  Rendered layout layouts/application.html.erb (Duration: 17.6ms | GC: 0.0ms)
Completed 200 OK in 24ms (Views: 18.0ms | ActiveRecord: 2.1ms (1 query, 0 cached) | GC: 0.0ms)


Started POST "/admin/events/import" for ::1 at 2026-05-06 11:48:16 +0530
Processing by Admin::EventsController#import as HTML
  Parameters: {"authenticity_token"=>"[FILTERED]"}
[ActiveJob] Enqueued ImportEventsJob (Job ID: 0806dcdc-b437-4a24-9376-269703334a17) to Async(default)
[ActiveJob] ↳ app/controllers/admin/events_controller.rb:4:in `import'
Redirected to http://localhost:3000/
↳ app/controllers/admin/events_controller.rb:5:in `import'
Completed 302 Found in 7ms (ActiveRecord: 0.0ms (0 queries, 0 cached) | GC: 0.0ms)


[ActiveJob] [ImportEventsJob] [0806dcdc-b437-4a24-9376-269703334a17] Performing ImportEventsJob (Job ID: 0806dcdc-b437-4a24-9376-269703334a17) from Async(default) enqueued at 2026-05-06T06:18:16.899248409Z
[ActiveJob] [ImportEventsJob] [0806dcdc-b437-4a24-9376-269703334a17] Performed ImportEventsJob (Job ID: 0806dcdc-b437-4a24-9376-269703334a17) from Async(default) in 5.0ms
Started GET "/" for ::1 at 2026-05-06 11:48:16 +0530
Processing by EventsController#index as HTML
  Rendering layout layouts/application.html.erb
  Rendering events/index.html.erb within layouts/application
  [1m[36mEvent Exists? (0.5ms)[0m  [1m[34mSELECT 1 AS one FROM "events" LIMIT 1 OFFSET 0 /*action='index',application='BillettoAssignment',controller='events'*/[0m
  ↳ app/views/events/index.html.erb:11
  [1m[36mEvent Load (0.4ms)[0m  [1m[34mSELECT "events".* FROM "events" ORDER BY "events"."start_date" ASC LIMIT 12 OFFSET 0 /*action='index',application='BillettoAssignment',controller='events'*/[0m
  ↳ app/views/events/index.html.erb:22
  [1m[36mEvent Count (0.4ms)[0m  [1m[34mSELECT COUNT(*) FROM "events" /*action='index',application='BillettoAssignment',controller='events'*/[0m
  ↳ app/views/events/index.html.erb:76
  Rendered events/index.html.erb within layouts/application (Duration: 17.8ms | GC: 1.0ms)
  Rendered layout layouts/application.html.erb (Duration: 24.8ms | GC: 6.4ms)
Completed 200 OK in 26ms (Views: 24.0ms | ActiveRecord: 1.4ms (3 queries, 0 cached) | GC: 6.4ms)


Started POST "/admin/events/import" for ::1 at 2026-05-06 11:48:38 +0530
Processing by Admin::EventsController#import as HTML
  Parameters: {"authenticity_token"=>"[FILTERED]", "commit"=>"Import Events"}
[ActiveJob] Enqueued ImportEventsJob (Job ID: 939f9c6b-7fcd-4800-9027-2804ad567a49) to Async(default)
[ActiveJob] ↳ (rdbg)//home/ashu/Project/billetto_assignment/app/controllers/admin/events_controller.rb:1:in `import'
[ActiveJob] Enqueued ImportEventsJob (Job ID: ee802c26-6001-4abb-a9ec-1e1d648b12ba) to Async(default)
[ActiveJob] ↳ app/controllers/admin/events_controller.rb:5:in `import'
Redirected to http://localhost:3000/
↳ app/controllers/admin/events_controller.rb:6:in `import'
Completed   in 112168ms (ActiveRecord: 0.0ms (0 queries, 0 cached) | GC: 74.6ms)


Started POST "/admin/events/import" for ::1 at 2026-05-06 11:51:05 +0530
  [1m[36mActiveRecord::SchemaMigration Load (0.5ms)[0m  [1m[34mSELECT "schema_migrations"."version" FROM "schema_migrations" ORDER BY "schema_migrations"."version" ASC /*application='BillettoAssignment'*/[0m
Processing by Admin::EventsController#import as HTML
  Parameters: {"authenticity_token"=>"[FILTERED]", "commit"=>"Import Events"}
[ActiveJob] Enqueued ImportEventsJob (Job ID: 95e58a19-541f-45a5-a680-b9c861ab4b5d) to Async(default)
[ActiveJob] ↳ app/controllers/admin/events_controller.rb:4:in `import'
Redirected to http://localhost:3000/
↳ app/controllers/admin/events_controller.rb:5:in `import'
Completed 302 Found in 21ms (ActiveRecord: 0.0ms (0 queries, 0 cached) | GC: 0.0ms)


Started GET "/" for ::1 at 2026-05-06 11:51:05 +0530
Processing by EventsController#index as HTML
[ActiveJob] [ImportEventsJob] [95e58a19-541f-45a5-a680-b9c861ab4b5d] Performing ImportEventsJob (Job ID: 95e58a19-541f-45a5-a680-b9c861ab4b5d) from Async(default) enqueued at 2026-05-06T06:21:05.153651580Z
[ActiveJob] [ImportEventsJob] [95e58a19-541f-45a5-a680-b9c861ab4b5d] Performed ImportEventsJob (Job ID: 95e58a19-541f-45a5-a680-b9c861ab4b5d) from Async(default) in 0.99ms
  Rendering layout layouts/application.html.erb
  Rendering events/index.html.erb within layouts/application
  [1m[36mEvent Exists? (0.5ms)[0m  [1m[34mSELECT 1 AS one FROM "events" LIMIT 1 OFFSET 0 /*action='index',application='BillettoAssignment',controller='events'*/[0m
  ↳ app/views/events/index.html.erb:11
  [1m[36mEvent Load (0.7ms)[0m  [1m[34mSELECT "events".* FROM "events" ORDER BY "events"."start_date" ASC LIMIT 12 OFFSET 0 /*action='index',application='BillettoAssignment',controller='events'*/[0m
  ↳ app/views/events/index.html.erb:22
  [1m[36mEvent Count (0.4ms)[0m  [1m[34mSELECT COUNT(*) FROM "events" /*action='index',application='BillettoAssignment',controller='events'*/[0m
  ↳ app/views/events/index.html.erb:76
  Rendered events/index.html.erb within layouts/application (Duration: 30.9ms | GC: 0.0ms)
  Rendered layout layouts/application.html.erb (Duration: 37.8ms | GC: 0.0ms)
Completed 200 OK in 300ms (Views: 37.8ms | ActiveRecord: 73.0ms (3 queries, 0 cached) | GC: 67.4ms)


Started POST "/admin/events/import" for ::1 at 2026-05-06 11:51:07 +0530
Processing by Admin::EventsController#import as HTML
  Parameters: {"authenticity_token"=>"[FILTERED]", "commit"=>"Import Events"}
[ActiveJob] Enqueued ImportEventsJob (Job ID: 26cd1f54-b2c4-404f-8035-e1665d99d066) to Async(default)
[ActiveJob] [ImportEventsJob] [26cd1f54-b2c4-404f-8035-e1665d99d066] Performing ImportEventsJob (Job ID: 26cd1f54-b2c4-404f-8035-e1665d99d066) from Async(default) enqueued at 2026-05-06T06:21:07.195156648Z
[ActiveJob] ↳ app/controllers/admin/events_controller.rb:4:in `import'
[ActiveJob] [ImportEventsJob] [26cd1f54-b2c4-404f-8035-e1665d99d066] Performed ImportEventsJob (Job ID: 26cd1f54-b2c4-404f-8035-e1665d99d066) from Async(default) in 2.93ms
Redirected to http://localhost:3000/
↳ app/controllers/admin/events_controller.rb:5:in `import'
Completed 302 Found in 16ms (ActiveRecord: 0.0ms (0 queries, 0 cached) | GC: 0.0ms)


Started GET "/" for ::1 at 2026-05-06 11:51:07 +0530
Processing by EventsController#index as HTML
  Rendering layout layouts/application.html.erb
  Rendering events/index.html.erb within layouts/application
  [1m[36mEvent Exists? (0.5ms)[0m  [1m[34mSELECT 1 AS one FROM "events" LIMIT 1 OFFSET 0 /*action='index',application='BillettoAssignment',controller='events'*/[0m
  ↳ app/views/events/index.html.erb:11
  [1m[36mEvent Load (0.4ms)[0m  [1m[34mSELECT "events".* FROM "events" ORDER BY "events"."start_date" ASC LIMIT 12 OFFSET 0 /*action='index',application='BillettoAssignment',controller='events'*/[0m
  ↳ app/views/events/index.html.erb:22
  [1m[36mEvent Count (0.6ms)[0m  [1m[34mSELECT COUNT(*) FROM "events" /*action='index',application='BillettoAssignment',controller='events'*/[0m
  ↳ app/views/events/index.html.erb:76
  Rendered events/index.html.erb within layouts/application (Duration: 16.4ms | GC: 0.0ms)
  Rendered layout layouts/application.html.erb (Duration: 17.6ms | GC: 0.0ms)
Completed 200 OK in 20ms (Views: 16.7ms | ActiveRecord: 1.5ms (3 queries, 0 cached) | GC: 0.0ms)


Started POST "/admin/events/import" for ::1 at 2026-05-06 11:53:31 +0530
Processing by Admin::EventsController#import as HTML
  Parameters: {"authenticity_token"=>"[FILTERED]", "commit"=>"Import Events"}
[ActiveJob] [ImportEventsJob] [8bc148ba-60c0-4319-a436-ccb8e54fbfbb] Performing ImportEventsJob (Job ID: 8bc148ba-60c0-4319-a436-ccb8e54fbfbb) from Async(default)
[ActiveJob] [ImportEventsJob] [8bc148ba-60c0-4319-a436-ccb8e54fbfbb] ↳ app/controllers/admin/events_controller.rb:4:in `import'
Started POST "/events/36/upvote" for ::1 at 2026-05-06 11:59:15 +0530
[ActiveJob] [ImportEventsJob] [8bc148ba-60c0-4319-a436-ccb8e54fbfbb] Performed ImportEventsJob (Job ID: 8bc148ba-60c0-4319-a436-ccb8e54fbfbb) from Async(default) in 347734.19ms
[ActiveJob] [ImportEventsJob] [8bc148ba-60c0-4319-a436-ccb8e54fbfbb] ↳ app/controllers/admin/events_controller.rb:4:in `import'
Redirected to http://localhost:3000/
↳ app/controllers/admin/events_controller.rb:5:in `import'
Completed 302 Found in 347742ms (ActiveRecord: 0.0ms (0 queries, 0 cached) | GC: 0.0ms)


Processing by EventsController#upvote as HTML
  Parameters: {"authenticity_token"=>"[FILTERED]", "commit"=>"👍", "id"=>"36"}
  [1m[36mEvent Load (0.5ms)[0m  [1m[34mSELECT "events".* FROM "events" WHERE "events"."id" = 36 LIMIT 1 /*action='upvote',application='BillettoAssignment',controller='events'*/[0m
  ↳ app/controllers/events_controller.rb:49:in `set_event'
  [1m[36mEvent Load (0.5ms)[0m  [1m[34mSELECT "events".* FROM "events" WHERE "events"."external_id" = 'sample-event-bb8a7d6e' LIMIT 1 /*action='upvote',application='BillettoAssignment',controller='events'*/[0m
  ↳ app/domain/events/vote_command.rb:16:in `call'
  [1m[36mTRANSACTION (0.3ms)[0m  [1m[35mBEGIN /*action='upvote',application='BillettoAssignment',controller='events'*/[0m
  ↳ app/domain/events/vote_command.rb:23:in `call'
  [1m[36mRubyEventStore::ActiveRecord::Event Insert (0.5ms)[0m  [1m[32mINSERT INTO "event_store_events" ("event_id","data","metadata","event_type","created_at","valid_at") VALUES ('83b74293-7042-4ba2-8747-6c9f06e1961b', '\x2d2d2d0a3a6576656e745f69643a2073616d706c652d6576656e742d62623861376436650a3a757365725f69643a2030363233333762342d653365362d343336312d613135352d3262326434663066326337310a', '\x2d2d2d0a3a636f7272656c6174696f6e5f69643a2034623036373263362d656533632d343636622d623138342d3930333133646164346262610a', 'Events::EventUpvoted', '2026-05-06 06:29:19.077595', NULL) RETURNING "id" /*action='upvote',application='BillettoAssignment',controller='events'*/[0m
  ↳ app/domain/events/vote_command.rb:23:in `call'
  [1m[36mTRANSACTION (1.2ms)[0m  [1m[35mCOMMIT /*action='upvote',application='BillettoAssignment',controller='events'*/[0m
  ↳ app/domain/events/vote_command.rb:23:in `call'
  [1m[36mEvent Update All (1.1ms)[0m  [1m[33mUPDATE "events" SET "upvotes_count" = COALESCE("events"."upvotes_count", 0) + 1 WHERE "events"."id" = 36 /*action='upvote',application='BillettoAssignment',controller='events'*/[0m
  ↳ app/domain/events/vote_command.rb:31:in `call'
Redirected to http://localhost:3000/events/36
↳ app/controllers/events_controller.rb:26:in `upvote'
Completed 302 Found in 55ms (ActiveRecord: 40.1ms (4 queries, 0 cached) | GC: 0.9ms)


Started GET "/events/36" for ::1 at 2026-05-06 11:59:19 +0530
Processing by EventsController#show as HTML
  Parameters: {"id"=>"36"}
  [1m[36mEvent Load (0.4ms)[0m  [1m[34mSELECT "events".* FROM "events" WHERE "events"."id" = 36 LIMIT 1 /*action='show',application='BillettoAssignment',controller='events'*/[0m
  ↳ app/controllers/events_controller.rb:49:in `set_event'
  Rendering layout layouts/application.html.erb
  Rendering events/show.html.erb within layouts/application
  Rendered events/show.html.erb within layouts/application (Duration: 4.2ms | GC: 0.2ms)
  Rendered layout layouts/application.html.erb (Duration: 7.7ms | GC: 0.5ms)
Completed 200 OK in 12ms (Views: 9.3ms | ActiveRecord: 0.4ms (1 query, 0 cached) | GC: 0.5ms)


Started POST "/events/36/downvote" for ::1 at 2026-05-06 11:59:23 +0530
Processing by EventsController#downvote as HTML
  Parameters: {"authenticity_token"=>"[FILTERED]", "commit"=>"👎 Downvote", "id"=>"36"}
  [1m[36mEvent Load (2.9ms)[0m  [1m[34mSELECT "events".* FROM "events" WHERE "events"."id" = 36 LIMIT 1 /*action='downvote',application='BillettoAssignment',controller='events'*/[0m
  ↳ app/controllers/events_controller.rb:49:in `set_event'
  [1m[36mEvent Load (1.2ms)[0m  [1m[34mSELECT "events".* FROM "events" WHERE "events"."external_id" = 'sample-event-bb8a7d6e' LIMIT 1 /*action='downvote',application='BillettoAssignment',controller='events'*/[0m
  ↳ app/domain/events/vote_command.rb:16:in `call'
  [1m[36mTRANSACTION (0.3ms)[0m  [1m[35mBEGIN /*action='downvote',application='BillettoAssignment',controller='events'*/[0m
  ↳ app/domain/events/vote_command.rb:34:in `call'
  [1m[36mRubyEventStore::ActiveRecord::Event Insert (3.1ms)[0m  [1m[32mINSERT INTO "event_store_events" ("event_id","data","metadata","event_type","created_at","valid_at") VALUES ('2fa42955-4c6c-4437-ac2d-5d8c5a22c164', '\x2d2d2d0a3a6576656e745f69643a2073616d706c652d6576656e742d62623861376436650a3a757365725f69643a2030363233333762342d653365362d343336312d613135352d3262326434663066326337310a', '\x2d2d2d0a3a636f7272656c6174696f6e5f69643a2033626330623430372d373534632d343537622d623838372d3936383139346262643966310a', 'Events::EventDownvoted', '2026-05-06 06:29:23.348587', NULL) RETURNING "id" /*action='downvote',application='BillettoAssignment',controller='events'*/[0m
  ↳ app/domain/events/vote_command.rb:34:in `call'
  [1m[36mTRANSACTION (1.5ms)[0m  [1m[35mCOMMIT /*action='downvote',application='BillettoAssignment',controller='events'*/[0m
  ↳ app/domain/events/vote_command.rb:34:in `call'
  [1m[36mEvent Update All (1.3ms)[0m  [1m[33mUPDATE "events" SET "downvotes_count" = COALESCE("events"."downvotes_count", 0) + 1 WHERE "events"."id" = 36 /*action='downvote',application='BillettoAssignment',controller='events'*/[0m
  ↳ app/domain/events/vote_command.rb:42:in `call'
Redirected to http://localhost:3000/events/36
↳ app/controllers/events_controller.rb:40:in `downvote'
Completed 302 Found in 35ms (ActiveRecord: 10.1ms (4 queries, 0 cached) | GC: 0.7ms)


Started GET "/events/36" for ::1 at 2026-05-06 11:59:23 +0530
Processing by EventsController#show as HTML
  Parameters: {"id"=>"36"}
  [1m[36mEvent Load (0.5ms)[0m  [1m[34mSELECT "events".* FROM "events" WHERE "events"."id" = 36 LIMIT 1 /*action='show',application='BillettoAssignment',controller='events'*/[0m
  ↳ app/controllers/events_controller.rb:49:in `set_event'
  Rendering layout layouts/application.html.erb
  Rendering events/show.html.erb within layouts/application
  Rendered events/show.html.erb within layouts/application (Duration: 2.1ms | GC: 0.0ms)
  Rendered layout layouts/application.html.erb (Duration: 3.4ms | GC: 0.0ms)
Completed 200 OK in 8ms (Views: 4.1ms | ActiveRecord: 0.5ms (1 query, 0 cached) | GC: 0.6ms)


Started POST "/events/36/downvote" for ::1 at 2026-05-06 11:59:24 +0530
Processing by EventsController#downvote as HTML
  Parameters: {"authenticity_token"=>"[FILTERED]", "commit"=>"👎 Downvote", "id"=>"36"}
  [1m[36mEvent Load (0.7ms)[0m  [1m[34mSELECT "events".* FROM "events" WHERE "events"."id" = 36 LIMIT 1 /*action='downvote',application='BillettoAssignment',controller='events'*/[0m
  ↳ app/controllers/events_controller.rb:49:in `set_event'
  [1m[36mEvent Load (0.6ms)[0m  [1m[34mSELECT "events".* FROM "events" WHERE "events"."external_id" = 'sample-event-bb8a7d6e' LIMIT 1 /*action='downvote',application='BillettoAssignment',controller='events'*/[0m
  ↳ app/domain/events/vote_command.rb:16:in `call'
  [1m[36mTRANSACTION (0.3ms)[0m  [1m[35mBEGIN /*action='downvote',application='BillettoAssignment',controller='events'*/[0m
  ↳ app/domain/events/vote_command.rb:34:in `call'
  [1m[36mRubyEventStore::ActiveRecord::Event Insert (1.8ms)[0m  [1m[32mINSERT INTO "event_store_events" ("event_id","data","metadata","event_type","created_at","valid_at") VALUES ('5c7e6232-61b2-4b76-916c-59503b239100', '\x2d2d2d0a3a6576656e745f69643a2073616d706c652d6576656e742d62623861376436650a3a757365725f69643a2030363233333762342d653365362d343336312d613135352d3262326434663066326337310a', '\x2d2d2d0a3a636f7272656c6174696f6e5f69643a2062313935653966642d626561392d346336642d386233362d3732623464356162353036370a', 'Events::EventDownvoted', '2026-05-06 06:29:24.790433', NULL) RETURNING "id" /*action='downvote',application='BillettoAssignment',controller='events'*/[0m
  ↳ app/domain/events/vote_command.rb:34:in `call'
  [1m[36mTRANSACTION (1.0ms)[0m  [1m[35mCOMMIT /*action='downvote',application='BillettoAssignment',controller='events'*/[0m
  ↳ app/domain/events/vote_command.rb:34:in `call'
  [1m[36mEvent Update All (1.2ms)[0m  [1m[33mUPDATE "events" SET "downvotes_count" = COALESCE("events"."downvotes_count", 0) + 1 WHERE "events"."id" = 36 /*action='downvote',application='BillettoAssignment',controller='events'*/[0m
  ↳ app/domain/events/vote_command.rb:42:in `call'
Redirected to http://localhost:3000/events/36
↳ app/controllers/events_controller.rb:40:in `downvote'
Completed 302 Found in 19ms (ActiveRecord: 5.6ms (4 queries, 0 cached) | GC: 0.8ms)


Started GET "/events/36" for ::1 at 2026-05-06 11:59:24 +0530
Processing by EventsController#show as HTML
  Parameters: {"id"=>"36"}
  [1m[36mEvent Load (0.4ms)[0m  [1m[34mSELECT "events".* FROM "events" WHERE "events"."id" = 36 LIMIT 1 /*action='show',application='BillettoAssignment',controller='events'*/[0m
  ↳ app/controllers/events_controller.rb:49:in `set_event'
  Rendering layout layouts/application.html.erb
  Rendering events/show.html.erb within layouts/application
  Rendered events/show.html.erb within layouts/application (Duration: 2.0ms | GC: 0.2ms)
  Rendered layout layouts/application.html.erb (Duration: 3.1ms | GC: 0.2ms)
Completed 200 OK in 6ms (Views: 3.5ms | ActiveRecord: 0.4ms (1 query, 0 cached) | GC: 0.2ms)


Started POST "/events/36/downvote" for ::1 at 2026-05-06 11:59:25 +0530
Processing by EventsController#downvote as HTML
  Parameters: {"authenticity_token"=>"[FILTERED]", "commit"=>"👎 Downvote", "id"=>"36"}
  [1m[36mEvent Load (3.5ms)[0m  [1m[34mSELECT "events".* FROM "events" WHERE "events"."id" = 36 LIMIT 1 /*action='downvote',application='BillettoAssignment',controller='events'*/[0m
  ↳ app/controllers/events_controller.rb:49:in `set_event'
  [1m[36mEvent Load (1.8ms)[0m  [1m[34mSELECT "events".* FROM "events" WHERE "events"."external_id" = 'sample-event-bb8a7d6e' LIMIT 1 /*action='downvote',application='BillettoAssignment',controller='events'*/[0m
  ↳ app/domain/events/vote_command.rb:16:in `call'
  [1m[36mTRANSACTION (0.8ms)[0m  [1m[35mBEGIN /*action='downvote',application='BillettoAssignment',controller='events'*/[0m
  ↳ app/domain/events/vote_command.rb:34:in `call'
  [1m[36mRubyEventStore::ActiveRecord::Event Insert (6.0ms)[0m  [1m[32mINSERT INTO "event_store_events" ("event_id","data","metadata","event_type","created_at","valid_at") VALUES ('6e6acf7b-41a8-486d-b1be-ad635bb413d1', '\x2d2d2d0a3a6576656e745f69643a2073616d706c652d6576656e742d62623861376436650a3a757365725f69643a2030363233333762342d653365362d343336312d613135352d3262326434663066326337310a', '\x2d2d2d0a3a636f7272656c6174696f6e5f69643a2035613065353337662d356639632d343635352d613539382d6466393536613033663230630a', 'Events::EventDownvoted', '2026-05-06 06:29:25.423539', NULL) RETURNING "id" /*action='downvote',application='BillettoAssignment',controller='events'*/[0m
  ↳ app/domain/events/vote_command.rb:34:in `call'
  [1m[36mTRANSACTION (2.6ms)[0m  [1m[35mCOMMIT /*action='downvote',application='BillettoAssignment',controller='events'*/[0m
  ↳ app/domain/events/vote_command.rb:34:in `call'
  [1m[36mEvent Update All (2.2ms)[0m  [1m[33mUPDATE "events" SET "downvotes_count" = COALESCE("events"."downvotes_count", 0) + 1 WHERE "events"."id" = 36 /*action='downvote',application='BillettoAssignment',controller='events'*/[0m
  ↳ app/domain/events/vote_command.rb:42:in `call'
Redirected to http://localhost:3000/events/36
↳ app/controllers/events_controller.rb:40:in `downvote'
Completed 302 Found in 58ms (ActiveRecord: 16.6ms (4 queries, 0 cached) | GC: 2.0ms)


Started GET "/events/36" for ::1 at 2026-05-06 11:59:25 +0530
Processing by EventsController#show as HTML
  Parameters: {"id"=>"36"}
  [1m[36mEvent Load (1.1ms)[0m  [1m[34mSELECT "events".* FROM "events" WHERE "events"."id" = 36 LIMIT 1 /*action='show',application='BillettoAssignment',controller='events'*/[0m
  ↳ app/controllers/events_controller.rb:49:in `set_event'
  Rendering layout layouts/application.html.erb
  Rendering events/show.html.erb within layouts/application
  Rendered events/show.html.erb within layouts/application (Duration: 3.2ms | GC: 0.0ms)
  Rendered layout layouts/application.html.erb (Duration: 5.0ms | GC: 0.0ms)
Completed 200 OK in 12ms (Views: 5.8ms | ActiveRecord: 1.1ms (1 query, 0 cached) | GC: 0.0ms)


Started POST "/events/36/downvote" for ::1 at 2026-05-06 11:59:25 +0530
Processing by EventsController#downvote as HTML
  Parameters: {"authenticity_token"=>"[FILTERED]", "commit"=>"👎 Downvote", "id"=>"36"}
  [1m[36mEvent Load (4.1ms)[0m  [1m[34mSELECT "events".* FROM "events" WHERE "events"."id" = 36 LIMIT 1 /*action='downvote',application='BillettoAssignment',controller='events'*/[0m
  ↳ app/controllers/events_controller.rb:49:in `set_event'
  [1m[36mEvent Load (1.5ms)[0m  [1m[34mSELECT "events".* FROM "events" WHERE "events"."external_id" = 'sample-event-bb8a7d6e' LIMIT 1 /*action='downvote',application='BillettoAssignment',controller='events'*/[0m
  ↳ app/domain/events/vote_command.rb:16:in `call'
  [1m[36mTRANSACTION (0.8ms)[0m  [1m[35mBEGIN /*action='downvote',application='BillettoAssignment',controller='events'*/[0m
  ↳ app/domain/events/vote_command.rb:34:in `call'
  [1m[36mRubyEventStore::ActiveRecord::Event Insert (8.2ms)[0m  [1m[32mINSERT INTO "event_store_events" ("event_id","data","metadata","event_type","created_at","valid_at") VALUES ('e2baf9e2-ba1a-4ad2-b037-5daee1cf9864', '\x2d2d2d0a3a6576656e745f69643a2073616d706c652d6576656e742d62623861376436650a3a757365725f69643a2030363233333762342d653365362d343336312d613135352d3262326434663066326337310a', '\x2d2d2d0a3a636f7272656c6174696f6e5f69643a2031376137643832622d626336362d343333392d613863342d3663656531363766363036330a', 'Events::EventDownvoted', '2026-05-06 06:29:25.767925', NULL) RETURNING "id" /*action='downvote',application='BillettoAssignment',controller='events'*/[0m
  ↳ app/domain/events/vote_command.rb:34:in `call'
  [1m[36mTRANSACTION (1.6ms)[0m  [1m[35mCOMMIT /*action='downvote',application='BillettoAssignment',controller='events'*/[0m
  ↳ app/domain/events/vote_command.rb:34:in `call'
  [1m[36mEvent Update All (3.2ms)[0m  [1m[33mUPDATE "events" SET "downvotes_count" = COALESCE("events"."downvotes_count", 0) + 1 WHERE "events"."id" = 36 /*action='downvote',application='BillettoAssignment',controller='events'*/[0m
  ↳ app/domain/events/vote_command.rb:42:in `call'
Redirected to http://localhost:3000/events/36
↳ app/controllers/events_controller.rb:40:in `downvote'
Completed 302 Found in 63ms (ActiveRecord: 19.3ms (4 queries, 0 cached) | GC: 0.0ms)


Started GET "/events/36" for ::1 at 2026-05-06 11:59:25 +0530
Processing by EventsController#show as HTML
  Parameters: {"id"=>"36"}
  [1m[36mEvent Load (0.9ms)[0m  [1m[34mSELECT "events".* FROM "events" WHERE "events"."id" = 36 LIMIT 1 /*action='show',application='BillettoAssignment',controller='events'*/[0m
  ↳ app/controllers/events_controller.rb:49:in `set_event'
  Rendering layout layouts/application.html.erb
  Rendering events/show.html.erb within layouts/application
  Rendered events/show.html.erb within layouts/application (Duration: 3.4ms | GC: 0.0ms)
  Rendered layout layouts/application.html.erb (Duration: 6.2ms | GC: 0.0ms)
Completed 200 OK in 12ms (Views: 7.6ms | ActiveRecord: 0.9ms (1 query, 0 cached) | GC: 0.0ms)


Started POST "/events/36/downvote" for ::1 at 2026-05-06 11:59:26 +0530
Processing by EventsController#downvote as HTML
  Parameters: {"authenticity_token"=>"[FILTERED]", "commit"=>"👎 Downvote", "id"=>"36"}
  [1m[36mEvent Load (3.0ms)[0m  [1m[34mSELECT "events".* FROM "events" WHERE "events"."id" = 36 LIMIT 1 /*action='downvote',application='BillettoAssignment',controller='events'*/[0m
  ↳ app/controllers/events_controller.rb:49:in `set_event'
  [1m[36mEvent Load (1.4ms)[0m  [1m[34mSELECT "events".* FROM "events" WHERE "events"."external_id" = 'sample-event-bb8a7d6e' LIMIT 1 /*action='downvote',application='BillettoAssignment',controller='events'*/[0m
  ↳ app/domain/events/vote_command.rb:16:in `call'
  [1m[36mTRANSACTION (2.8ms)[0m  [1m[35mBEGIN /*action='downvote',application='BillettoAssignment',controller='events'*/[0m
  ↳ app/domain/events/vote_command.rb:34:in `call'
  [1m[36mRubyEventStore::ActiveRecord::Event Insert (10.4ms)[0m  [1m[32mINSERT INTO "event_store_events" ("event_id","data","metadata","event_type","created_at","valid_at") VALUES ('121fdcaa-d025-4b6b-92da-52513eefd1f5', '\x2d2d2d0a3a6576656e745f69643a2073616d706c652d6576656e742d62623861376436650a3a757365725f69643a2030363233333762342d653365362d343336312d613135352d3262326434663066326337310a', '\x2d2d2d0a3a636f7272656c6174696f6e5f69643a2039656261353237612d363432632d343231392d383164302d6365663537633162646263660a', 'Events::EventDownvoted', '2026-05-06 06:29:26.101365', NULL) RETURNING "id" /*action='downvote',application='BillettoAssignment',controller='events'*/[0m
  ↳ app/domain/events/vote_command.rb:34:in `call'
  [1m[36mTRANSACTION (2.2ms)[0m  [1m[35mCOMMIT /*action='downvote',application='BillettoAssignment',controller='events'*/[0m
  ↳ app/domain/events/vote_command.rb:34:in `call'
  [1m[36mEvent Update All (2.1ms)[0m  [1m[33mUPDATE "events" SET "downvotes_count" = COALESCE("events"."downvotes_count", 0) + 1 WHERE "events"."id" = 36 /*action='downvote',application='BillettoAssignment',controller='events'*/[0m
  ↳ app/domain/events/vote_command.rb:42:in `call'
Redirected to http://localhost:3000/events/36
↳ app/controllers/events_controller.rb:40:in `downvote'
Completed 302 Found in 58ms (ActiveRecord: 21.7ms (4 queries, 0 cached) | GC: 0.0ms)


Started GET "/events/36" for ::1 at 2026-05-06 11:59:26 +0530
Processing by EventsController#show as HTML
  Parameters: {"id"=>"36"}
  [1m[36mEvent Load (0.8ms)[0m  [1m[34mSELECT "events".* FROM "events" WHERE "events"."id" = 36 LIMIT 1 /*action='show',application='BillettoAssignment',controller='events'*/[0m
  ↳ app/controllers/events_controller.rb:49:in `set_event'
  Rendering layout layouts/application.html.erb
  Rendering events/show.html.erb within layouts/application
  Rendered events/show.html.erb within layouts/application (Duration: 3.0ms | GC: 0.0ms)
  Rendered layout layouts/application.html.erb (Duration: 5.1ms | GC: 0.0ms)
Completed 200 OK in 11ms (Views: 6.2ms | ActiveRecord: 0.8ms (1 query, 0 cached) | GC: 0.0ms)


Started POST "/events/36/downvote" for ::1 at 2026-05-06 11:59:26 +0530
Processing by EventsController#downvote as HTML
  Parameters: {"authenticity_token"=>"[FILTERED]", "commit"=>"👎 Downvote", "id"=>"36"}
  [1m[36mEvent Load (3.4ms)[0m  [1m[34mSELECT "events".* FROM "events" WHERE "events"."id" = 36 LIMIT 1 /*action='downvote',application='BillettoAssignment',controller='events'*/[0m
  ↳ app/controllers/events_controller.rb:49:in `set_event'
  [1m[36mEvent Load (2.2ms)[0m  [1m[34mSELECT "events".* FROM "events" WHERE "events"."external_id" = 'sample-event-bb8a7d6e' LIMIT 1 /*action='downvote',application='BillettoAssignment',controller='events'*/[0m
  ↳ app/domain/events/vote_command.rb:16:in `call'
  [1m[36mTRANSACTION (1.0ms)[0m  [1m[35mBEGIN /*action='downvote',application='BillettoAssignment',controller='events'*/[0m
  ↳ app/domain/events/vote_command.rb:34:in `call'
  [1m[36mRubyEventStore::ActiveRecord::Event Insert (6.0ms)[0m  [1m[32mINSERT INTO "event_store_events" ("event_id","data","metadata","event_type","created_at","valid_at") VALUES ('64807dfa-1bee-480b-ae01-d5cedbddd599', '\x2d2d2d0a3a6576656e745f69643a2073616d706c652d6576656e742d62623861376436650a3a757365725f69643a2030363233333762342d653365362d343336312d613135352d3262326434663066326337310a', '\x2d2d2d0a3a636f7272656c6174696f6e5f69643a2064626232383462332d356666652d343438632d393261342d3137656431326638663364610a', 'Events::EventDownvoted', '2026-05-06 06:29:26.456536', NULL) RETURNING "id" /*action='downvote',application='BillettoAssignment',controller='events'*/[0m
  ↳ app/domain/events/vote_command.rb:34:in `call'
  [1m[36mTRANSACTION (2.2ms)[0m  [1m[35mCOMMIT /*action='downvote',application='BillettoAssignment',controller='events'*/[0m
  ↳ app/domain/events/vote_command.rb:34:in `call'
  [1m[36mEvent Update All (1.7ms)[0m  [1m[33mUPDATE "events" SET "downvotes_count" = COALESCE("events"."downvotes_count", 0) + 1 WHERE "events"."id" = 36 /*action='downvote',application='BillettoAssignment',controller='events'*/[0m
  ↳ app/domain/events/vote_command.rb:42:in `call'
Redirected to http://localhost:3000/events/36
↳ app/controllers/events_controller.rb:40:in `downvote'
Completed 302 Found in 52ms (ActiveRecord: 16.4ms (4 queries, 0 cached) | GC: 0.0ms)


Started GET "/events/36" for ::1 at 2026-05-06 11:59:26 +0530
Processing by EventsController#show as HTML
  Parameters: {"id"=>"36"}
  [1m[36mEvent Load (0.5ms)[0m  [1m[34mSELECT "events".* FROM "events" WHERE "events"."id" = 36 LIMIT 1 /*action='show',application='BillettoAssignment',controller='events'*/[0m
  ↳ app/controllers/events_controller.rb:49:in `set_event'
  Rendering layout layouts/application.html.erb
  Rendering events/show.html.erb within layouts/application
  Rendered events/show.html.erb within layouts/application (Duration: 7.0ms | GC: 0.0ms)
  Rendered layout layouts/application.html.erb (Duration: 12.5ms | GC: 0.0ms)
Completed 200 OK in 18ms (Views: 13.2ms | ActiveRecord: 0.5ms (1 query, 0 cached) | GC: 0.0ms)


Started POST "/events/36/downvote" for ::1 at 2026-05-06 11:59:26 +0530
Processing by EventsController#downvote as HTML
  Parameters: {"authenticity_token"=>"[FILTERED]", "commit"=>"👎 Downvote", "id"=>"36"}
  [1m[36mEvent Load (0.6ms)[0m  [1m[34mSELECT "events".* FROM "events" WHERE "events"."id" = 36 LIMIT 1 /*action='downvote',application='BillettoAssignment',controller='events'*/[0m
  ↳ app/controllers/events_controller.rb:49:in `set_event'
  [1m[36mEvent Load (1.9ms)[0m  [1m[34mSELECT "events".* FROM "events" WHERE "events"."external_id" = 'sample-event-bb8a7d6e' LIMIT 1 /*action='downvote',application='BillettoAssignment',controller='events'*/[0m
  ↳ app/domain/events/vote_command.rb:16:in `call'
  [1m[36mTRANSACTION (2.7ms)[0m  [1m[35mBEGIN /*action='downvote',application='BillettoAssignment',controller='events'*/[0m
  ↳ app/domain/events/vote_command.rb:34:in `call'
  [1m[36mRubyEventStore::ActiveRecord::Event Insert (4.4ms)[0m  [1m[32mINSERT INTO "event_store_events" ("event_id","data","metadata","event_type","created_at","valid_at") VALUES ('0d267751-7366-4e8b-b817-53efa347a14b', '\x2d2d2d0a3a6576656e745f69643a2073616d706c652d6576656e742d62623861376436650a3a757365725f69643a2030363233333762342d653365362d343336312d613135352d3262326434663066326337310a', '\x2d2d2d0a3a636f7272656c6174696f6e5f69643a2037656534656461632d383764652d346664382d383638352d6463343335346330616335340a', 'Events::EventDownvoted', '2026-05-06 06:29:26.564553', NULL) RETURNING "id" /*action='downvote',application='BillettoAssignment',controller='events'*/[0m
  ↳ app/domain/events/vote_command.rb:34:in `call'
  [1m[36mTRANSACTION (4.1ms)[0m  [1m[35mCOMMIT /*action='downvote',application='BillettoAssignment',controller='events'*/[0m
  ↳ app/domain/events/vote_command.rb:34:in `call'
  [1m[36mEvent Update All (2.8ms)[0m  [1m[33mUPDATE "events" SET "downvotes_count" = COALESCE("events"."downvotes_count", 0) + 1 WHERE "events"."id" = 36 /*action='downvote',application='BillettoAssignment',controller='events'*/[0m
  ↳ app/domain/events/vote_command.rb:42:in `call'
Redirected to http://localhost:3000/events/36
↳ app/controllers/events_controller.rb:40:in `downvote'
Completed 302 Found in 25ms (ActiveRecord: 16.5ms (4 queries, 0 cached) | GC: 0.0ms)


Started GET "/events/36" for ::1 at 2026-05-06 11:59:26 +0530
Processing by EventsController#show as HTML
  Parameters: {"id"=>"36"}
  [1m[36mEvent Load (0.5ms)[0m  [1m[34mSELECT "events".* FROM "events" WHERE "events"."id" = 36 LIMIT 1 /*action='show',application='BillettoAssignment',controller='events'*/[0m
  ↳ app/controllers/events_controller.rb:49:in `set_event'
  Rendering layout layouts/application.html.erb
  Rendering events/show.html.erb within layouts/application
  Rendered events/show.html.erb within layouts/application (Duration: 1.9ms | GC: 0.0ms)
  Rendered layout layouts/application.html.erb (Duration: 2.9ms | GC: 0.0ms)
Completed 200 OK in 6ms (Views: 3.4ms | ActiveRecord: 0.5ms (1 query, 0 cached) | GC: 0.0ms)


Started POST "/events/36/downvote" for ::1 at 2026-05-06 11:59:26 +0530
Processing by EventsController#downvote as HTML
  Parameters: {"authenticity_token"=>"[FILTERED]", "commit"=>"👎 Downvote", "id"=>"36"}
  [1m[36mEvent Load (2.2ms)[0m  [1m[34mSELECT "events".* FROM "events" WHERE "events"."id" = 36 LIMIT 1 /*action='downvote',application='BillettoAssignment',controller='events'*/[0m
  ↳ app/controllers/events_controller.rb:49:in `set_event'
  [1m[36mEvent Load (1.3ms)[0m  [1m[34mSELECT "events".* FROM "events" WHERE "events"."external_id" = 'sample-event-bb8a7d6e' LIMIT 1 /*action='downvote',application='BillettoAssignment',controller='events'*/[0m
  ↳ app/domain/events/vote_command.rb:16:in `call'
  [1m[36mTRANSACTION (1.2ms)[0m  [1m[35mBEGIN /*action='downvote',application='BillettoAssignment',controller='events'*/[0m
  ↳ app/domain/events/vote_command.rb:34:in `call'
  [1m[36mRubyEventStore::ActiveRecord::Event Insert (31.3ms)[0m  [1m[32mINSERT INTO "event_store_events" ("event_id","data","metadata","event_type","created_at","valid_at") VALUES ('c05fa7fa-5b3f-43ae-b12c-9b1f794f59ef', '\x2d2d2d0a3a6576656e745f69643a2073616d706c652d6576656e742d62623861376436650a3a757365725f69643a2030363233333762342d653365362d343336312d613135352d3262326434663066326337310a', '\x2d2d2d0a3a636f7272656c6174696f6e5f69643a2061363963663238652d306533652d346662662d613164342d3965326538613461303231370a', 'Events::EventDownvoted', '2026-05-06 06:29:26.948138', NULL) RETURNING "id" /*action='downvote',application='BillettoAssignment',controller='events'*/[0m
  ↳ app/domain/events/vote_command.rb:34:in `call'
  [1m[36mTRANSACTION (1.7ms)[0m  [1m[35mCOMMIT /*action='downvote',application='BillettoAssignment',controller='events'*/[0m
  ↳ app/domain/events/vote_command.rb:34:in `call'
  [1m[36mEvent Update All (1.5ms)[0m  [1m[33mUPDATE "events" SET "downvotes_count" = COALESCE("events"."downvotes_count", 0) + 1 WHERE "events"."id" = 36 /*action='downvote',application='BillettoAssignment',controller='events'*/[0m
  ↳ app/domain/events/vote_command.rb:42:in `call'
Redirected to http://localhost:3000/events/36
↳ app/controllers/events_controller.rb:40:in `downvote'
Completed 302 Found in 66ms (ActiveRecord: 39.0ms (4 queries, 0 cached) | GC: 19.6ms)


Started GET "/events/36" for ::1 at 2026-05-06 11:59:26 +0530
Processing by EventsController#show as HTML
  Parameters: {"id"=>"36"}
  [1m[36mEvent Load (1.0ms)[0m  [1m[34mSELECT "events".* FROM "events" WHERE "events"."id" = 36 LIMIT 1 /*action='show',application='BillettoAssignment',controller='events'*/[0m
  ↳ app/controllers/events_controller.rb:49:in `set_event'
  Rendering layout layouts/application.html.erb
  Rendering events/show.html.erb within layouts/application
  Rendered events/show.html.erb within layouts/application (Duration: 2.4ms | GC: 0.0ms)
  Rendered layout layouts/application.html.erb (Duration: 4.1ms | GC: 0.0ms)
Completed 200 OK in 10ms (Views: 4.9ms | ActiveRecord: 0.9ms (1 query, 0 cached) | GC: 0.0ms)


Started GET "/events" for ::1 at 2026-05-06 11:59:30 +0530
Processing by EventsController#index as HTML
  Rendering layout layouts/application.html.erb
  Rendering events/index.html.erb within layouts/application
  [1m[36mEvent Exists? (1.6ms)[0m  [1m[34mSELECT 1 AS one FROM "events" LIMIT 1 OFFSET 0 /*action='index',application='BillettoAssignment',controller='events'*/[0m
  ↳ app/views/events/index.html.erb:11
  [1m[36mEvent Load (2.9ms)[0m  [1m[34mSELECT "events".* FROM "events" ORDER BY "events"."start_date" ASC LIMIT 12 OFFSET 0 /*action='index',application='BillettoAssignment',controller='events'*/[0m
  ↳ app/views/events/index.html.erb:22
  [1m[36mEvent Count (1.0ms)[0m  [1m[34mSELECT COUNT(*) FROM "events" /*action='index',application='BillettoAssignment',controller='events'*/[0m
  ↳ app/views/events/index.html.erb:76
  Rendered events/index.html.erb within layouts/application (Duration: 89.6ms | GC: 4.1ms)
  Rendered layout layouts/application.html.erb (Duration: 92.0ms | GC: 4.1ms)
Completed 200 OK in 99ms (Views: 88.5ms | ActiveRecord: 5.3ms (3 queries, 0 cached) | GC: 4.1ms)


Started GET "/?page=5" for ::1 at 2026-05-06 11:59:37 +0530
Processing by EventsController#index as HTML
  Parameters: {"page"=>"5"}
  Rendering layout layouts/application.html.erb
  Rendering events/index.html.erb within layouts/application
  [1m[36mEvent Exists? (1.0ms)[0m  [1m[34mSELECT 1 AS one FROM "events" LIMIT 1 OFFSET 48 /*action='index',application='BillettoAssignment',controller='events'*/[0m
  ↳ app/views/events/index.html.erb:11
  [1m[36mEvent Load (1.5ms)[0m  [1m[34mSELECT "events".* FROM "events" ORDER BY "events"."start_date" ASC LIMIT 12 OFFSET 48 /*action='index',application='BillettoAssignment',controller='events'*/[0m
  ↳ app/views/events/index.html.erb:22
  Rendered events/index.html.erb within layouts/application (Duration: 32.3ms | GC: 0.4ms)
  Rendered layout layouts/application.html.erb (Duration: 35.7ms | GC: 1.3ms)
Completed 200 OK in 41ms (Views: 34.9ms | ActiveRecord: 2.5ms (2 queries, 0 cached) | GC: 1.3ms)


Started POST "/events/58/upvote" for ::1 at 2026-05-06 11:59:40 +0530
Processing by EventsController#upvote as HTML
  Parameters: {"authenticity_token"=>"[FILTERED]", "commit"=>"👍", "id"=>"58"}
  [1m[36mEvent Load (0.8ms)[0m  [1m[34mSELECT "events".* FROM "events" WHERE "events"."id" = 58 LIMIT 1 /*action='upvote',application='BillettoAssignment',controller='events'*/[0m
  ↳ app/controllers/events_controller.rb:49:in `set_event'
  [1m[36mEvent Load (0.7ms)[0m  [1m[34mSELECT "events".* FROM "events" WHERE "events"."external_id" = 'mock_event_2' LIMIT 1 /*action='upvote',application='BillettoAssignment',controller='events'*/[0m
  ↳ app/domain/events/vote_command.rb:16:in `call'
  [1m[36mTRANSACTION (1.3ms)[0m  [1m[35mBEGIN /*action='upvote',application='BillettoAssignment',controller='events'*/[0m
  ↳ app/domain/events/vote_command.rb:23:in `call'
  [1m[36mRubyEventStore::ActiveRecord::Event Insert (4.1ms)[0m  [1m[32mINSERT INTO "event_store_events" ("event_id","data","metadata","event_type","created_at","valid_at") VALUES ('38f9cb22-97c6-46df-8d77-f04850feb674', '\x2d2d2d0a3a6576656e745f69643a206d6f636b5f6576656e745f320a3a757365725f69643a2030363233333762342d653365362d343336312d613135352d3262326434663066326337310a', '\x2d2d2d0a3a636f7272656c6174696f6e5f69643a2062343839393963612d643837662d343233302d616261652d3234643366643337333839300a', 'Events::EventUpvoted', '2026-05-06 06:29:40.515744', NULL) RETURNING "id" /*action='upvote',application='BillettoAssignment',controller='events'*/[0m
  ↳ app/domain/events/vote_command.rb:23:in `call'
  [1m[36mTRANSACTION (1.0ms)[0m  [1m[35mCOMMIT /*action='upvote',application='BillettoAssignment',controller='events'*/[0m
  ↳ app/domain/events/vote_command.rb:23:in `call'
  [1m[36mEvent Update All (1.0ms)[0m  [1m[33mUPDATE "events" SET "upvotes_count" = COALESCE("events"."upvotes_count", 0) + 1 WHERE "events"."id" = 58 /*action='upvote',application='BillettoAssignment',controller='events'*/[0m
  ↳ app/domain/events/vote_command.rb:31:in `call'
Redirected to http://localhost:3000/events/58
↳ app/controllers/events_controller.rb:26:in `upvote'
Completed 302 Found in 20ms (ActiveRecord: 8.8ms (4 queries, 0 cached) | GC: 0.4ms)


Started GET "/events/58" for ::1 at 2026-05-06 11:59:40 +0530
Processing by EventsController#show as HTML
  Parameters: {"id"=>"58"}
  [1m[36mEvent Load (0.4ms)[0m  [1m[34mSELECT "events".* FROM "events" WHERE "events"."id" = 58 LIMIT 1 /*action='show',application='BillettoAssignment',controller='events'*/[0m
  ↳ app/controllers/events_controller.rb:49:in `set_event'
  Rendering layout layouts/application.html.erb
  Rendering events/show.html.erb within layouts/application
  Rendered events/show.html.erb within layouts/application (Duration: 3.0ms | GC: 0.3ms)
  Rendered layout layouts/application.html.erb (Duration: 4.3ms | GC: 0.3ms)
Completed 200 OK in 7ms (Views: 4.9ms | ActiveRecord: 0.4ms (1 query, 0 cached) | GC: 0.3ms)


Started POST "/events/57/upvote" for ::1 at 2026-05-06 11:59:58 +0530
Processing by EventsController#upvote as HTML
  Parameters: {"authenticity_token"=>"[FILTERED]", "commit"=>"👍", "id"=>"57"}
  [1m[36mEvent Load (1.7ms)[0m  [1m[34mSELECT "events".* FROM "events" WHERE "events"."id" = 57 LIMIT 1 /*action='upvote',application='BillettoAssignment',controller='events'*/[0m
  ↳ app/controllers/events_controller.rb:49:in `set_event'
  [1m[36mEvent Load (1.8ms)[0m  [1m[34mSELECT "events".* FROM "events" WHERE "events"."external_id" = 'mock_event_1' LIMIT 1 /*action='upvote',application='BillettoAssignment',controller='events'*/[0m
  ↳ app/domain/events/vote_command.rb:16:in `call'
  [1m[36mTRANSACTION (0.5ms)[0m  [1m[35mBEGIN /*action='upvote',application='BillettoAssignment',controller='events'*/[0m
  ↳ app/domain/events/vote_command.rb:23:in `call'
  [1m[36mRubyEventStore::ActiveRecord::Event Insert (4.9ms)[0m  [1m[32mINSERT INTO "event_store_events" ("event_id","data","metadata","event_type","created_at","valid_at") VALUES ('112bae59-13a5-4deb-97f6-d5a8ff4222f7', '\x2d2d2d0a3a6576656e745f69643a206d6f636b5f6576656e745f310a3a757365725f69643a2030363233333762342d653365362d343336312d613135352d3262326434663066326337310a', '\x2d2d2d0a3a636f7272656c6174696f6e5f69643a2039626230333030612d363564632d343934302d386534312d3061313238386264373731320a', 'Events::EventUpvoted', '2026-05-06 06:29:58.210083', NULL) RETURNING "id" /*action='upvote',application='BillettoAssignment',controller='events'*/[0m
  ↳ app/domain/events/vote_command.rb:23:in `call'
  [1m[36mTRANSACTION (1.2ms)[0m  [1m[35mCOMMIT /*action='upvote',application='BillettoAssignment',controller='events'*/[0m
  ↳ app/domain/events/vote_command.rb:23:in `call'
  [1m[36mEvent Update All (1.4ms)[0m  [1m[33mUPDATE "events" SET "upvotes_count" = COALESCE("events"."upvotes_count", 0) + 1 WHERE "events"."id" = 57 /*action='upvote',application='BillettoAssignment',controller='events'*/[0m
  ↳ app/domain/events/vote_command.rb:31:in `call'
Redirected to http://localhost:3000/events/57
↳ app/controllers/events_controller.rb:26:in `upvote'
Completed 302 Found in 40ms (ActiveRecord: 11.3ms (4 queries, 0 cached) | GC: 1.4ms)


Started GET "/events/57" for ::1 at 2026-05-06 11:59:58 +0530
Processing by EventsController#show as HTML
  Parameters: {"id"=>"57"}
  [1m[36mEvent Load (0.6ms)[0m  [1m[34mSELECT "events".* FROM "events" WHERE "events"."id" = 57 LIMIT 1 /*action='show',application='BillettoAssignment',controller='events'*/[0m
  ↳ app/controllers/events_controller.rb:49:in `set_event'
  Rendering layout layouts/application.html.erb
  Rendering events/show.html.erb within layouts/application
  Rendered events/show.html.erb within layouts/application (Duration: 2.9ms | GC: 0.4ms)
  Rendered layout layouts/application.html.erb (Duration: 4.2ms | GC: 0.4ms)
Completed 200 OK in 9ms (Views: 4.7ms | ActiveRecord: 0.6ms (1 query, 0 cached) | GC: 0.4ms)


Started GET "/events?filter=all" for ::1 at 2026-05-06 12:00:02 +0530
Processing by EventsController#index as HTML
  Parameters: {"filter"=>"all"}
  Rendering layout layouts/application.html.erb
  Rendering events/index.html.erb within layouts/application
  [1m[36mEvent Exists? (1.4ms)[0m  [1m[34mSELECT 1 AS one FROM "events" LIMIT 1 OFFSET 0 /*action='index',application='BillettoAssignment',controller='events'*/[0m
  ↳ app/views/events/index.html.erb:11
  [1m[36mEvent Load (1.9ms)[0m  [1m[34mSELECT "events".* FROM "events" ORDER BY "events"."start_date" ASC LIMIT 12 OFFSET 0 /*action='index',application='BillettoAssignment',controller='events'*/[0m
  ↳ app/views/events/index.html.erb:22
  [1m[36mEvent Count (1.0ms)[0m  [1m[34mSELECT COUNT(*) FROM "events" /*action='index',application='BillettoAssignment',controller='events'*/[0m
  ↳ app/views/events/index.html.erb:76
  Rendered events/index.html.erb within layouts/application (Duration: 78.2ms | GC: 2.6ms)
  Rendered layout layouts/application.html.erb (Duration: 81.5ms | GC: 3.0ms)
Completed 200 OK in 87ms (Views: 79.0ms | ActiveRecord: 4.3ms (3 queries, 0 cached) | GC: 3.0ms)


Started POST "/events/41/upvote" for ::1 at 2026-05-06 12:00:07 +0530
Processing by EventsController#upvote as HTML
  Parameters: {"authenticity_token"=>"[FILTERED]", "commit"=>"👍", "id"=>"41"}
  [1m[36mEvent Load (2.2ms)[0m  [1m[34mSELECT "events".* FROM "events" WHERE "events"."id" = 41 LIMIT 1 /*action='upvote',application='BillettoAssignment',controller='events'*/[0m
  ↳ app/controllers/events_controller.rb:49:in `set_event'
  [1m[36mEvent Load (1.3ms)[0m  [1m[34mSELECT "events".* FROM "events" WHERE "events"."external_id" = 'sample-event-a1f871d7' LIMIT 1 /*action='upvote',application='BillettoAssignment',controller='events'*/[0m
  ↳ app/domain/events/vote_command.rb:16:in `call'
  [1m[36mTRANSACTION (0.5ms)[0m  [1m[35mBEGIN /*action='upvote',application='BillettoAssignment',controller='events'*/[0m
  ↳ app/domain/events/vote_command.rb:23:in `call'
  [1m[36mRubyEventStore::ActiveRecord::Event Insert (7.5ms)[0m  [1m[32mINSERT INTO "event_store_events" ("event_id","data","metadata","event_type","created_at","valid_at") VALUES ('0178af78-34f6-4c4e-987c-af606a5ba40a', '\x2d2d2d0a3a6576656e745f69643a2073616d706c652d6576656e742d61316638373164370a3a757365725f69643a2030363233333762342d653365362d343336312d613135352d3262326434663066326337310a', '\x2d2d2d0a3a636f7272656c6174696f6e5f69643a2037343432626333622d666336662d343435652d383663632d3435666666356461653461360a', 'Events::EventUpvoted', '2026-05-06 06:30:07.818458', NULL) RETURNING "id" /*action='upvote',application='BillettoAssignment',controller='events'*/[0m
  ↳ app/domain/events/vote_command.rb:23:in `call'
  [1m[36mTRANSACTION (1.1ms)[0m  [1m[35mCOMMIT /*action='upvote',application='BillettoAssignment',controller='events'*/[0m
  ↳ app/domain/events/vote_command.rb:23:in `call'
  [1m[36mEvent Update All (1.3ms)[0m  [1m[33mUPDATE "events" SET "upvotes_count" = COALESCE("events"."upvotes_count", 0) + 1 WHERE "events"."id" = 41 /*action='upvote',application='BillettoAssignment',controller='events'*/[0m
  ↳ app/domain/events/vote_command.rb:31:in `call'
Redirected to http://localhost:3000/events/41
↳ app/controllers/events_controller.rb:26:in `upvote'
Completed 302 Found in 41ms (ActiveRecord: 13.9ms (4 queries, 0 cached) | GC: 1.1ms)


Started GET "/events/41" for ::1 at 2026-05-06 12:00:07 +0530
Processing by EventsController#show as HTML
  Parameters: {"id"=>"41"}
  [1m[36mEvent Load (0.5ms)[0m  [1m[34mSELECT "events".* FROM "events" WHERE "events"."id" = 41 LIMIT 1 /*action='show',application='BillettoAssignment',controller='events'*/[0m
  ↳ app/controllers/events_controller.rb:49:in `set_event'
  Rendering layout layouts/application.html.erb
  Rendering events/show.html.erb within layouts/application
  Rendered events/show.html.erb within layouts/application (Duration: 2.8ms | GC: 0.0ms)
  Rendered layout layouts/application.html.erb (Duration: 4.1ms | GC: 0.0ms)
Completed 200 OK in 8ms (Views: 4.9ms | ActiveRecord: 0.5ms (1 query, 0 cached) | GC: 0.7ms)


Started GET "/" for ::1 at 2026-05-06 12:00:13 +0530
Processing by EventsController#index as HTML
  Rendering layout layouts/application.html.erb
  Rendering events/index.html.erb within layouts/application
  [1m[36mEvent Exists? (1.3ms)[0m  [1m[34mSELECT 1 AS one FROM "events" LIMIT 1 OFFSET 0 /*action='index',application='BillettoAssignment',controller='events'*/[0m
  ↳ app/views/events/index.html.erb:11
  [1m[36mEvent Load (2.0ms)[0m  [1m[34mSELECT "events".* FROM "events" ORDER BY "events"."start_date" ASC LIMIT 12 OFFSET 0 /*action='index',application='BillettoAssignment',controller='events'*/[0m
  ↳ app/views/events/index.html.erb:22
  [1m[36mEvent Count (1.0ms)[0m  [1m[34mSELECT COUNT(*) FROM "events" /*action='index',application='BillettoAssignment',controller='events'*/[0m
  ↳ app/views/events/index.html.erb:76
  Rendered events/index.html.erb within layouts/application (Duration: 73.5ms | GC: 0.8ms)
  Rendered layout layouts/application.html.erb (Duration: 77.6ms | GC: 2.1ms)
Completed 200 OK in 82ms (Views: 74.9ms | ActiveRecord: 4.1ms (3 queries, 0 cached) | GC: 2.1ms)


Started GET "/?filter=upcoming" for ::1 at 2026-05-06 12:00:14 +0530
Processing by EventsController#index as HTML
  Parameters: {"filter"=>"upcoming"}
  Rendering layout layouts/application.html.erb
  Rendering events/index.html.erb within layouts/application
  [1m[36mEvent Exists? (4.9ms)[0m  [1m[34mSELECT 1 AS one FROM "events" WHERE (start_date > '2026-05-06 06:30:14.393069') LIMIT 1 OFFSET 0 /*action='index',application='BillettoAssignment',controller='events'*/[0m
  ↳ app/views/events/index.html.erb:11
  [1m[36mEvent Load (1.3ms)[0m  [1m[34mSELECT "events".* FROM "events" WHERE (start_date > '2026-05-06 06:30:14.393069') ORDER BY "events"."start_date" ASC LIMIT 12 OFFSET 0 /*action='index',application='BillettoAssignment',controller='events'*/[0m
  ↳ app/views/events/index.html.erb:22
  [1m[36mEvent Count (0.9ms)[0m  [1m[34mSELECT COUNT(*) FROM "events" WHERE (start_date > '2026-05-06 06:30:14.393069') /*action='index',application='BillettoAssignment',controller='events'*/[0m
  ↳ app/views/events/index.html.erb:76
  Rendered events/index.html.erb within layouts/application (Duration: 68.2ms | GC: 0.0ms)
  Rendered layout layouts/application.html.erb (Duration: 71.5ms | GC: 0.0ms)
Completed 200 OK in 83ms (Views: 66.5ms | ActiveRecord: 7.0ms (3 queries, 0 cached) | GC: 0.0ms)


Started GET "/?filter=past" for ::1 at 2026-05-06 12:00:15 +0530
Processing by EventsController#index as HTML
  Parameters: {"filter"=>"past"}
  Rendering layout layouts/application.html.erb
  Rendering events/index.html.erb within layouts/application
  [1m[36mEvent Exists? (1.7ms)[0m  [1m[34mSELECT 1 AS one FROM "events" WHERE (start_date <= '2026-05-06 06:30:15.344866') LIMIT 1 OFFSET 0 /*action='index',application='BillettoAssignment',controller='events'*/[0m
  ↳ app/views/events/index.html.erb:11
  Rendered events/index.html.erb within layouts/application (Duration: 12.0ms | GC: 0.0ms)
  Rendered layout layouts/application.html.erb (Duration: 16.7ms | GC: 0.0ms)
Completed 200 OK in 22ms (Views: 16.8ms | ActiveRecord: 1.7ms (1 query, 0 cached) | GC: 0.0ms)


Started POST "/admin/events/import" for ::1 at 2026-05-06 12:00:17 +0530
Processing by Admin::EventsController#import as HTML
  Parameters: {"authenticity_token"=>"[FILTERED]"}
[ActiveJob] [ImportEventsJob] [41905905-c990-473a-a242-7b0d1069c408] Performing ImportEventsJob (Job ID: 41905905-c990-473a-a242-7b0d1069c408) from Async(default)
[ActiveJob] [ImportEventsJob] [41905905-c990-473a-a242-7b0d1069c408] ↳ app/controllers/admin/events_controller.rb:4:in `import'
[ActiveJob] [ImportEventsJob] [41905905-c990-473a-a242-7b0d1069c408] Performed ImportEventsJob (Job ID: 41905905-c990-473a-a242-7b0d1069c408) from Async(default) in 10761.16ms
[ActiveJob] [ImportEventsJob] [41905905-c990-473a-a242-7b0d1069c408] ↳ app/controllers/admin/events_controller.rb:4:in `import'
Redirected to http://localhost:3000/
↳ app/controllers/admin/events_controller.rb:5:in `import'
Completed 302 Found in 10768ms (ActiveRecord: 0.0ms (0 queries, 0 cached) | GC: 0.0ms)


Started GET "/" for ::1 at 2026-05-06 12:00:28 +0530
Processing by EventsController#index as HTML
  Rendering layout layouts/application.html.erb
  Rendering events/index.html.erb within layouts/application
  [1m[36mEvent Exists? (0.6ms)[0m  [1m[34mSELECT 1 AS one FROM "events" LIMIT 1 OFFSET 0 /*action='index',application='BillettoAssignment',controller='events'*/[0m
  ↳ app/views/events/index.html.erb:11
  [1m[36mEvent Load (0.6ms)[0m  [1m[34mSELECT "events".* FROM "events" ORDER BY "events"."start_date" ASC LIMIT 12 OFFSET 0 /*action='index',application='BillettoAssignment',controller='events'*/[0m
  ↳ app/views/events/index.html.erb:22
  [1m[36mEvent Count (0.4ms)[0m  [1m[34mSELECT COUNT(*) FROM "events" /*action='index',application='BillettoAssignment',controller='events'*/[0m
  ↳ app/views/events/index.html.erb:76
  Rendered events/index.html.erb within layouts/application (Duration: 23.2ms | GC: 0.0ms)
  Rendered layout layouts/application.html.erb (Duration: 24.9ms | GC: 0.0ms)
Completed 200 OK in 29ms (Views: 24.2ms | ActiveRecord: 1.5ms (3 queries, 0 cached) | GC: 0.0ms)


  [1m[35m (0.2ms)[0m  [1m[34mSELECT pg_try_advisory_lock(7094269135862637120) /*application='BillettoAssignment'*/[0m
  [1m[36mActiveRecord::SchemaMigration Load (0.5ms)[0m  [1m[34mSELECT "schema_migrations"."version" FROM "schema_migrations" ORDER BY "schema_migrations"."version" ASC /*application='BillettoAssignment'*/[0m
  [1m[36mActiveRecord::InternalMetadata Load (0.6ms)[0m  [1m[34mSELECT * FROM "ar_internal_metadata" WHERE "ar_internal_metadata"."key" = 'environment' ORDER BY "ar_internal_metadata"."key" ASC LIMIT 1 /*application='BillettoAssignment'*/[0m
Migrating to CreateGuidelinesRequestForComments (20260506060001)
  [1m[36mTRANSACTION (0.2ms)[0m  [1m[35mBEGIN /*application='BillettoAssignment'*/[0m
  [1m[35m (18.3ms)[0m  [1m[35mCREATE TABLE "guidelines_request_for_comments" ("id" bigserial primary key, "tid" character varying NOT NULL, "number" character varying NOT NULL, "description" text NOT NULL, "author_id" character varying NOT NULL, "created_at" timestamp(6) NOT NULL, "updated_at" timestamp(6) NOT NULL) /*application='BillettoAssignment'*/[0m
  [1m[35m (2.0ms)[0m  [1m[35mCREATE UNIQUE INDEX "index_guidelines_request_for_comments_on_tid" ON "guidelines_request_for_comments" ("tid") /*application='BillettoAssignment'*/[0m
  [1m[36mActiveRecord::SchemaMigration Create (0.4ms)[0m  [1m[32mINSERT INTO "schema_migrations" ("version") VALUES ('20260506060001') RETURNING "version" /*application='BillettoAssignment'*/[0m
  [1m[36mTRANSACTION (1.2ms)[0m  [1m[35mCOMMIT /*application='BillettoAssignment'*/[0m
Migrating to CreateGuidelinesApprovals (20260506060002)
  [1m[36mTRANSACTION (0.2ms)[0m  [1m[35mBEGIN /*application='BillettoAssignment'*/[0m
  [1m[35m (8.2ms)[0m  [1m[35mCREATE TABLE "guidelines_approvals" ("id" bigserial primary key, "request_for_comment_id" bigint NOT NULL, "developer_id" character varying NOT NULL, "created_at" timestamp(6) NOT NULL, "updated_at" timestamp(6) NOT NULL, CONSTRAINT "fk_rails_28205ee106"
FOREIGN KEY ("request_for_comment_id")
  REFERENCES "guidelines_request_for_comments" ("id")
) /*application='BillettoAssignment'*/[0m
  [1m[35m (2.8ms)[0m  [1m[35mCREATE INDEX "index_guidelines_approvals_on_request_for_comment_id" ON "guidelines_approvals" ("request_for_comment_id") /*application='BillettoAssignment'*/[0m
  [1m[36mTRANSACTION (1.0ms)[0m  [1m[31mROLLBACK /*application='BillettoAssignment'*/[0m
  [1m[35m (0.3ms)[0m  [1m[34mSELECT pg_advisory_unlock(7094269135862637120) /*application='BillettoAssignment'*/[0m
  [1m[35m (0.2ms)[0m  [1m[34mSELECT pg_try_advisory_lock(7094269135862637120) /*application='BillettoAssignment'*/[0m
  [1m[36mActiveRecord::SchemaMigration Load (0.7ms)[0m  [1m[34mSELECT "schema_migrations"."version" FROM "schema_migrations" ORDER BY "schema_migrations"."version" ASC /*application='BillettoAssignment'*/[0m
  [1m[36mActiveRecord::InternalMetadata Load (0.8ms)[0m  [1m[34mSELECT * FROM "ar_internal_metadata" WHERE "ar_internal_metadata"."key" = 'environment' ORDER BY "ar_internal_metadata"."key" ASC LIMIT 1 /*application='BillettoAssignment'*/[0m
Migrating to CreateGuidelinesApprovals (20260506060002)
  [1m[36mTRANSACTION (0.3ms)[0m  [1m[35mBEGIN /*application='BillettoAssignment'*/[0m
  [1m[35m (8.0ms)[0m  [1m[35mCREATE TABLE "guidelines_approvals" ("id" bigserial primary key, "request_for_comment_id" bigint NOT NULL, "developer_id" character varying NOT NULL, "created_at" timestamp(6) NOT NULL, "updated_at" timestamp(6) NOT NULL, CONSTRAINT "fk_rails_28205ee106"
FOREIGN KEY ("request_for_comment_id")
  REFERENCES "guidelines_request_for_comments" ("id")
) /*application='BillettoAssignment'*/[0m
  [1m[35m (4.4ms)[0m  [1m[35mCREATE INDEX "index_guidelines_approvals_on_request_for_comment_id" ON "guidelines_approvals" ("request_for_comment_id") /*application='BillettoAssignment'*/[0m
  [1m[35m (7.5ms)[0m  [1m[35mCREATE UNIQUE INDEX "index_guidelines_approvals_on_rfc_and_dev" ON "guidelines_approvals" ("request_for_comment_id", "developer_id") /*application='BillettoAssignment'*/[0m
  [1m[36mActiveRecord::SchemaMigration Create (3.4ms)[0m  [1m[32mINSERT INTO "schema_migrations" ("version") VALUES ('20260506060002') RETURNING "version" /*application='BillettoAssignment'*/[0m
  [1m[36mTRANSACTION (1.0ms)[0m  [1m[35mCOMMIT /*application='BillettoAssignment'*/[0m
Migrating to CreateIncomingWebhooks (20260506060003)
  [1m[36mTRANSACTION (3.5ms)[0m  [1m[35mBEGIN /*application='BillettoAssignment'*/[0m
  [1m[35m (8.3ms)[0m  [1m[35mCREATE TABLE "incoming_webhooks" ("id" bigserial primary key, "service" character varying NOT NULL, "data" json NOT NULL, "handled_at" timestamp(6), "result" character varying, "created_at" timestamp(6) NOT NULL, "updated_at" timestamp(6) NOT NULL) /*application='BillettoAssignment'*/[0m
  [1m[36mTRANSACTION (0.3ms)[0m  [1m[31mROLLBACK /*application='BillettoAssignment'*/[0m
  [1m[35m (0.4ms)[0m  [1m[34mSELECT pg_advisory_unlock(7094269135862637120) /*application='BillettoAssignment'*/[0m
  [1m[36mActiveRecord::SchemaMigration Load (0.7ms)[0m  [1m[34mSELECT "schema_migrations"."version" FROM "schema_migrations" ORDER BY "schema_migrations"."version" ASC /*application='BillettoAssignment'*/[0m
  [1m[35m (0.2ms)[0m  [1m[34mSELECT pg_try_advisory_lock(7094269135862637120) /*application='BillettoAssignment'*/[0m
  [1m[36mActiveRecord::SchemaMigration Load (0.5ms)[0m  [1m[34mSELECT "schema_migrations"."version" FROM "schema_migrations" ORDER BY "schema_migrations"."version" ASC /*application='BillettoAssignment'*/[0m
  [1m[36mActiveRecord::InternalMetadata Load (0.6ms)[0m  [1m[34mSELECT * FROM "ar_internal_metadata" WHERE "ar_internal_metadata"."key" = 'environment' ORDER BY "ar_internal_metadata"."key" ASC LIMIT 1 /*application='BillettoAssignment'*/[0m
Migrating to CreateNumberOfRfcIssuedByDevelopers (20260506060004)
  [1m[36mTRANSACTION (0.2ms)[0m  [1m[35mBEGIN /*application='BillettoAssignment'*/[0m
  [1m[35m (6.2ms)[0m  [1m[35mCREATE TABLE "number_of_rfc_issued_by_developers" ("id" bigserial primary key, "developer_id" character varying NOT NULL, "value" integer DEFAULT 0 NOT NULL, "created_at" timestamp(6) NOT NULL, "updated_at" timestamp(6) NOT NULL) /*application='BillettoAssignment'*/[0m
  [1m[35m (1.9ms)[0m  [1m[35mCREATE UNIQUE INDEX "index_number_of_rfc_issued_by_developers_on_developer_id" ON "number_of_rfc_issued_by_developers" ("developer_id") /*application='BillettoAssignment'*/[0m
  [1m[36mActiveRecord::SchemaMigration Create (0.3ms)[0m  [1m[32mINSERT INTO "schema_migrations" ("version") VALUES ('20260506060004') RETURNING "version" /*application='BillettoAssignment'*/[0m
  [1m[36mTRANSACTION (0.9ms)[0m  [1m[35mCOMMIT /*application='BillettoAssignment'*/[0m
  [1m[35m (0.3ms)[0m  [1m[34mSELECT pg_advisory_unlock(7094269135862637120) /*application='BillettoAssignment'*/[0m
  [1m[36mActiveRecord::SchemaMigration Load (0.3ms)[0m  [1m[34mSELECT "schema_migrations"."version" FROM "schema_migrations" ORDER BY "schema_migrations"."version" ASC /*application='BillettoAssignment'*/[0m
  [1m[35mSQL (0.2ms)[0m  [1m[35mSET search_path TO public /*application='BillettoAssignment'*/[0m
  [1m[35mSQL (0.2ms)[0m  [1m[35mSET search_path TO "$user", public /*application='BillettoAssignment'*/[0m
  [1m[35mSQL (0.2ms)[0m  [1m[35mSET search_path TO public /*application='BillettoAssignment'*/[0m
  [1m[35mSQL (0.2ms)[0m  [1m[35mSET search_path TO "$user", public /*application='BillettoAssignment'*/[0m
Started GET "/" for ::1 at 2026-05-06 12:09:37 +0530
  [1m[36mActiveRecord::SchemaMigration Load (0.7ms)[0m  [1m[34mSELECT "schema_migrations"."version" FROM "schema_migrations" ORDER BY "schema_migrations"."version" ASC /*application='BillettoAssignment'*/[0m
Processing by EventsController#index as HTML
  Rendering layout layouts/application.html.erb
  Rendering events/index.html.erb within layouts/application
  [1m[36mEvent Exists? (28.1ms)[0m  [1m[34mSELECT 1 AS one FROM "events" LIMIT 1 OFFSET 0 /*action='index',application='BillettoAssignment',controller='events'*/[0m
  ↳ app/views/events/index.html.erb:11
  [1m[36mEvent Load (0.6ms)[0m  [1m[34mSELECT "events".* FROM "events" ORDER BY "events"."start_date" ASC LIMIT 12 OFFSET 0 /*action='index',application='BillettoAssignment',controller='events'*/[0m
  ↳ app/views/events/index.html.erb:22
  [1m[36mEvent Count (0.5ms)[0m  [1m[34mSELECT COUNT(*) FROM "events" /*action='index',application='BillettoAssignment',controller='events'*/[0m
  ↳ app/views/events/index.html.erb:76
  Rendered events/index.html.erb within layouts/application (Duration: 50.3ms | GC: 1.2ms)
  Rendered layout layouts/application.html.erb (Duration: 53.1ms | GC: 1.4ms)
Completed 200 OK in 57ms (Views: 20.2ms | ActiveRecord: 34.1ms (3 queries, 0 cached) | GC: 1.6ms)


Started GET "/events?filter=upcoming" for ::1 at 2026-05-06 12:09:41 +0530
Processing by EventsController#index as HTML
  Parameters: {"filter"=>"upcoming"}
  Rendering layout layouts/application.html.erb
  Rendering events/index.html.erb within layouts/application
  [1m[36mEvent Exists? (2.3ms)[0m  [1m[34mSELECT 1 AS one FROM "events" WHERE (start_date > '2026-05-06 06:39:41.980204') LIMIT 1 OFFSET 0 /*action='index',application='BillettoAssignment',controller='events'*/[0m
  ↳ app/views/events/index.html.erb:11
  [1m[36mEvent Load (1.6ms)[0m  [1m[34mSELECT "events".* FROM "events" WHERE (start_date > '2026-05-06 06:39:41.980204') ORDER BY "events"."start_date" ASC LIMIT 12 OFFSET 0 /*action='index',application='BillettoAssignment',controller='events'*/[0m
  ↳ app/views/events/index.html.erb:22
  [1m[36mEvent Count (1.0ms)[0m  [1m[34mSELECT COUNT(*) FROM "events" WHERE (start_date > '2026-05-06 06:39:41.980204') /*action='index',application='BillettoAssignment',controller='events'*/[0m
  ↳ app/views/events/index.html.erb:76
  Rendered events/index.html.erb within layouts/application (Duration: 57.5ms | GC: 2.2ms)
  Rendered layout layouts/application.html.erb (Duration: 59.9ms | GC: 2.2ms)
Completed 200 OK in 66ms (Views: 56.7ms | ActiveRecord: 4.8ms (3 queries, 0 cached) | GC: 2.2ms)


Started GET "/events?filter=past" for ::1 at 2026-05-06 12:09:44 +0530
Processing by EventsController#index as HTML
  Parameters: {"filter"=>"past"}
  Rendering layout layouts/application.html.erb
  Rendering events/index.html.erb within layouts/application
  [1m[36mEvent Exists? (1.4ms)[0m  [1m[34mSELECT 1 AS one FROM "events" WHERE (start_date <= '2026-05-06 06:39:44.119472') LIMIT 1 OFFSET 0 /*action='index',application='BillettoAssignment',controller='events'*/[0m
  ↳ app/views/events/index.html.erb:11
  Rendered events/index.html.erb within layouts/application (Duration: 7.6ms | GC: 0.7ms)
  Rendered layout layouts/application.html.erb (Duration: 10.5ms | GC: 0.7ms)
Completed 200 OK in 16ms (Views: 10.7ms | ActiveRecord: 1.4ms (1 query, 0 cached) | GC: 0.7ms)


Started POST "/admin/events/import" for ::1 at 2026-05-06 12:09:46 +0530
Processing by Admin::EventsController#import as HTML
  Parameters: {"authenticity_token"=>"[FILTERED]"}
[ActiveJob] [ImportEventsJob] [1c7f75ee-148f-45c5-85c2-be57e7522ebc] Performing ImportEventsJob (Job ID: 1c7f75ee-148f-45c5-85c2-be57e7522ebc) from Async(default)
[ActiveJob] [ImportEventsJob] [1c7f75ee-148f-45c5-85c2-be57e7522ebc] ↳ app/controllers/admin/events_controller.rb:4:in `import'
[ActiveJob] [ImportEventsJob] [1c7f75ee-148f-45c5-85c2-be57e7522ebc] Performed ImportEventsJob (Job ID: 1c7f75ee-148f-45c5-85c2-be57e7522ebc) from Async(default) in 10635.53ms
[ActiveJob] [ImportEventsJob] [1c7f75ee-148f-45c5-85c2-be57e7522ebc] ↳ app/controllers/admin/events_controller.rb:4:in `import'
Redirected to http://localhost:3000/
↳ app/controllers/admin/events_controller.rb:5:in `import'
Completed 302 Found in 10642ms (ActiveRecord: 0.0ms (0 queries, 0 cached) | GC: 2.2ms)


Started GET "/" for ::1 at 2026-05-06 12:09:57 +0530
Processing by EventsController#index as HTML
  Rendering layout layouts/application.html.erb
  Rendering events/index.html.erb within layouts/application
  [1m[36mEvent Exists? (0.8ms)[0m  [1m[34mSELECT 1 AS one FROM "events" LIMIT 1 OFFSET 0 /*action='index',application='BillettoAssignment',controller='events'*/[0m
  ↳ app/views/events/index.html.erb:11
  [1m[36mEvent Load (0.9ms)[0m  [1m[34mSELECT "events".* FROM "events" ORDER BY "events"."start_date" ASC LIMIT 12 OFFSET 0 /*action='index',application='BillettoAssignment',controller='events'*/[0m
  ↳ app/views/events/index.html.erb:22
  [1m[36mEvent Count (0.4ms)[0m  [1m[34mSELECT COUNT(*) FROM "events" /*action='index',application='BillettoAssignment',controller='events'*/[0m
  ↳ app/views/events/index.html.erb:76
  Rendered events/index.html.erb within layouts/application (Duration: 20.9ms | GC: 0.0ms)
  Rendered layout layouts/application.html.erb (Duration: 22.6ms | GC: 0.0ms)
Completed 200 OK in 29ms (Views: 22.7ms | ActiveRecord: 2.1ms (3 queries, 0 cached) | GC: 0.0ms)


Started GET "/" for ::1 at 2026-05-06 12:10:05 +0530
Processing by EventsController#index as HTML
  Rendering layout layouts/application.html.erb
  Rendering events/index.html.erb within layouts/application
  [1m[36mEvent Exists? (1.4ms)[0m  [1m[34mSELECT 1 AS one FROM "events" LIMIT 1 OFFSET 0 /*action='index',application='BillettoAssignment',controller='events'*/[0m
  ↳ app/views/events/index.html.erb:11
  [1m[36mEvent Load (2.8ms)[0m  [1m[34mSELECT "events".* FROM "events" ORDER BY "events"."start_date" ASC LIMIT 12 OFFSET 0 /*action='index',application='BillettoAssignment',controller='events'*/[0m
  ↳ app/views/events/index.html.erb:22
  [1m[36mEvent Count (1.0ms)[0m  [1m[34mSELECT COUNT(*) FROM "events" /*action='index',application='BillettoAssignment',controller='events'*/[0m
  ↳ app/views/events/index.html.erb:76
  Rendered events/index.html.erb within layouts/application (Duration: 82.6ms | GC: 0.0ms)
  Rendered layout layouts/application.html.erb (Duration: 85.4ms | GC: 0.0ms)
Completed 200 OK in 92ms (Views: 82.6ms | ActiveRecord: 5.1ms (3 queries, 0 cached) | GC: 0.0ms)


Started GET "/?filter=upcoming" for ::1 at 2026-05-06 12:10:06 +0530
Processing by EventsController#index as HTML
  Parameters: {"filter"=>"upcoming"}
  Rendering layout layouts/application.html.erb
  Rendering events/index.html.erb within layouts/application
  [1m[36mEvent Exists? (1.6ms)[0m  [1m[34mSELECT 1 AS one FROM "events" WHERE (start_date > '2026-05-06 06:40:06.567060') LIMIT 1 OFFSET 0 /*action='index',application='BillettoAssignment',controller='events'*/[0m
  ↳ app/views/events/index.html.erb:11
  [1m[36mEvent Load (2.1ms)[0m  [1m[34mSELECT "events".* FROM "events" WHERE (start_date > '2026-05-06 06:40:06.567060') ORDER BY "events"."start_date" ASC LIMIT 12 OFFSET 0 /*action='index',application='BillettoAssignment',controller='events'*/[0m
  ↳ app/views/events/index.html.erb:22
  [1m[36mEvent Count (1.5ms)[0m  [1m[34mSELECT COUNT(*) FROM "events" WHERE (start_date > '2026-05-06 06:40:06.567060') /*action='index',application='BillettoAssignment',controller='events'*/[0m
  ↳ app/views/events/index.html.erb:76
  Rendered events/index.html.erb within layouts/application (Duration: 77.4ms | GC: 0.0ms)
  Rendered layout layouts/application.html.erb (Duration: 80.5ms | GC: 0.0ms)
Completed 200 OK in 85ms (Views: 76.9ms | ActiveRecord: 5.1ms (3 queries, 0 cached) | GC: 0.0ms)


Started GET "/?filter=past" for ::1 at 2026-05-06 12:10:07 +0530
Processing by EventsController#index as HTML
  Parameters: {"filter"=>"past"}
  Rendering layout layouts/application.html.erb
  Rendering events/index.html.erb within layouts/application
  [1m[36mEvent Exists? (1.5ms)[0m  [1m[34mSELECT 1 AS one FROM "events" WHERE (start_date <= '2026-05-06 06:40:07.407313') LIMIT 1 OFFSET 0 /*action='index',application='BillettoAssignment',controller='events'*/[0m
  ↳ app/views/events/index.html.erb:11
  Rendered events/index.html.erb within layouts/application (Duration: 10.3ms | GC: 0.0ms)
  Rendered layout layouts/application.html.erb (Duration: 14.7ms | GC: 0.0ms)
Completed 200 OK in 21ms (Views: 15.3ms | ActiveRecord: 1.5ms (1 query, 0 cached) | GC: 0.0ms)


Started GET "/?filter=upcoming" for ::1 at 2026-05-06 12:10:08 +0530
Processing by EventsController#index as HTML
  Parameters: {"filter"=>"upcoming"}
  Rendering layout layouts/application.html.erb
  Rendering events/index.html.erb within layouts/application
  [1m[36mEvent Exists? (1.6ms)[0m  [1m[34mSELECT 1 AS one FROM "events" WHERE (start_date > '2026-05-06 06:40:08.975532') LIMIT 1 OFFSET 0 /*action='index',application='BillettoAssignment',controller='events'*/[0m
  ↳ app/views/events/index.html.erb:11
  [1m[36mEvent Load (1.8ms)[0m  [1m[34mSELECT "events".* FROM "events" WHERE (start_date > '2026-05-06 06:40:08.975532') ORDER BY "events"."start_date" ASC LIMIT 12 OFFSET 0 /*action='index',application='BillettoAssignment',controller='events'*/[0m
  ↳ app/views/events/index.html.erb:22
  [1m[36mEvent Count (1.4ms)[0m  [1m[34mSELECT COUNT(*) FROM "events" WHERE (start_date > '2026-05-06 06:40:08.975532') /*action='index',application='BillettoAssignment',controller='events'*/[0m
  ↳ app/views/events/index.html.erb:76
  Rendered events/index.html.erb within layouts/application (Duration: 77.0ms | GC: 0.0ms)
  Rendered layout layouts/application.html.erb (Duration: 80.2ms | GC: 0.0ms)
Completed 200 OK in 88ms (Views: 77.5ms | ActiveRecord: 4.7ms (3 queries, 0 cached) | GC: 0.0ms)


Started GET "/" for ::1 at 2026-05-06 12:10:09 +0530
Processing by EventsController#index as HTML
  Rendering layout layouts/application.html.erb
  Rendering events/index.html.erb within layouts/application
  [1m[36mEvent Exists? (1.4ms)[0m  [1m[34mSELECT 1 AS one FROM "events" LIMIT 1 OFFSET 0 /*action='index',application='BillettoAssignment',controller='events'*/[0m
  ↳ app/views/events/index.html.erb:11
  [1m[36mEvent Load (1.9ms)[0m  [1m[34mSELECT "events".* FROM "events" ORDER BY "events"."start_date" ASC LIMIT 12 OFFSET 0 /*action='index',application='BillettoAssignment',controller='events'*/[0m
  ↳ app/views/events/index.html.erb:22
  [1m[36mEvent Count (0.6ms)[0m  [1m[34mSELECT COUNT(*) FROM "events" /*action='index',application='BillettoAssignment',controller='events'*/[0m
  ↳ app/views/events/index.html.erb:76
  Rendered events/index.html.erb within layouts/application (Duration: 45.7ms | GC: 0.0ms)
  Rendered layout layouts/application.html.erb (Duration: 47.9ms | GC: 0.0ms)
Completed 200 OK in 54ms (Views: 45.7ms | ActiveRecord: 3.8ms (3 queries, 0 cached) | GC: 0.0ms)


Started GET "/?filter=past" for ::1 at 2026-05-06 12:10:18 +0530
Processing by EventsController#index as HTML
  Parameters: {"filter"=>"past"}
  Rendering layout layouts/application.html.erb
  Rendering events/index.html.erb within layouts/application
  [1m[36mEvent Exists? (1.9ms)[0m  [1m[34mSELECT 1 AS one FROM "events" WHERE (start_date <= '2026-05-06 06:40:18.387104') LIMIT 1 OFFSET 0 /*action='index',application='BillettoAssignment',controller='events'*/[0m
  ↳ app/views/events/index.html.erb:11
  Rendered events/index.html.erb within layouts/application (Duration: 13.2ms | GC: 0.0ms)
  Rendered layout layouts/application.html.erb (Duration: 19.6ms | GC: 0.0ms)
Completed 200 OK in 27ms (Views: 20.1ms | ActiveRecord: 1.9ms (1 query, 0 cached) | GC: 0.0ms)


Started GET "/?filter=upcoming" for ::1 at 2026-05-06 12:10:19 +0530
Processing by EventsController#index as HTML
  Parameters: {"filter"=>"upcoming"}
  Rendering layout layouts/application.html.erb
  Rendering events/index.html.erb within layouts/application
  [1m[36mEvent Exists? (1.4ms)[0m  [1m[34mSELECT 1 AS one FROM "events" WHERE (start_date > '2026-05-06 06:40:19.075322') LIMIT 1 OFFSET 0 /*action='index',application='BillettoAssignment',controller='events'*/[0m
  ↳ app/views/events/index.html.erb:11
  [1m[36mEvent Load (1.7ms)[0m  [1m[34mSELECT "events".* FROM "events" WHERE (start_date > '2026-05-06 06:40:19.075322') ORDER BY "events"."start_date" ASC LIMIT 12 OFFSET 0 /*action='index',application='BillettoAssignment',controller='events'*/[0m
  ↳ app/views/events/index.html.erb:22
  [1m[36mEvent Count (3.0ms)[0m  [1m[34mSELECT COUNT(*) FROM "events" WHERE (start_date > '2026-05-06 06:40:19.075322') /*action='index',application='BillettoAssignment',controller='events'*/[0m
  ↳ app/views/events/index.html.erb:76
  Rendered events/index.html.erb within layouts/application (Duration: 103.4ms | GC: 20.6ms)
  Rendered layout layouts/application.html.erb (Duration: 106.3ms | GC: 20.6ms)
Completed 200 OK in 113ms (Views: 102.3ms | ActiveRecord: 6.0ms (3 queries, 0 cached) | GC: 20.6ms)


Started GET "/" for ::1 at 2026-05-06 12:10:19 +0530
Processing by EventsController#index as HTML
  Rendering layout layouts/application.html.erb
  Rendering events/index.html.erb within layouts/application
  [1m[36mEvent Exists? (2.2ms)[0m  [1m[34mSELECT 1 AS one FROM "events" LIMIT 1 OFFSET 0 /*action='index',application='BillettoAssignment',controller='events'*/[0m
  ↳ app/views/events/index.html.erb:11
  [1m[36mEvent Load (1.4ms)[0m  [1m[34mSELECT "events".* FROM "events" ORDER BY "events"."start_date" ASC LIMIT 12 OFFSET 0 /*action='index',application='BillettoAssignment',controller='events'*/[0m
  ↳ app/views/events/index.html.erb:22
  [1m[36mEvent Count (0.6ms)[0m  [1m[34mSELECT COUNT(*) FROM "events" /*action='index',application='BillettoAssignment',controller='events'*/[0m
  ↳ app/views/events/index.html.erb:76
  Rendered events/index.html.erb within layouts/application (Duration: 52.2ms | GC: 1.9ms)
  Rendered layout layouts/application.html.erb (Duration: 54.4ms | GC: 1.9ms)
Completed 200 OK in 63ms (Views: 52.0ms | ActiveRecord: 4.1ms (3 queries, 0 cached) | GC: 4.0ms)


  [1m[36mGuidelines::RequestForComment Load (1.0ms)[0m  [1m[34mSELECT "guidelines_request_for_comments".* FROM "guidelines_request_for_comments" ORDER BY "guidelines_request_for_comments"."id" DESC LIMIT 1 /*application='BillettoAssignment'*/[0m
  [1m[36mGuidelines::RequestForComment Load (0.4ms)[0m  [1m[34mSELECT "guidelines_request_for_comments".* FROM "guidelines_request_for_comments" ORDER BY "guidelines_request_for_comments"."id" DESC LIMIT 1 /*application='BillettoAssignment'*/[0m
  [1m[36mTRANSACTION (0.2ms)[0m  [1m[35mBEGIN /*application='BillettoAssignment'*/[0m
  [1m[36mGuidelines::RequestForComment Create (2.1ms)[0m  [1m[32mINSERT INTO "guidelines_request_for_comments" ("tid", "number", "description", "author_id", "created_at", "updated_at") VALUES ('RequestForComment$aea23c49-925e-4c4f-8753-2e227f2067c3', 'RFC-2024-001', 'Implement OAuth2 authentication system', 'dev-123', '2026-05-06 06:43:22.016698', '2026-05-06 06:43:22.016698') RETURNING "id" /*application='BillettoAssignment'*/[0m
  [1m[36mTRANSACTION (0.9ms)[0m  [1m[35mCOMMIT /*application='BillettoAssignment'*/[0m
  [1m[36mGuidelines::Approval Count (0.6ms)[0m  [1m[34mSELECT COUNT(*) FROM "guidelines_approvals" WHERE "guidelines_approvals"."request_for_comment_id" = 1 /*application='BillettoAssignment'*/[0m
  [1m[36mGuidelines::RequestForComment Load (0.6ms)[0m  [1m[34mSELECT "guidelines_request_for_comments".* FROM "guidelines_request_for_comments" ORDER BY "guidelines_request_for_comments"."id" DESC LIMIT 1 /*application='BillettoAssignment'*/[0m
  [1m[36mTRANSACTION (0.2ms)[0m  [1m[35mBEGIN /*application='BillettoAssignment'*/[0m
  [1m[36mGuidelines::Approval Exists? (1.9ms)[0m  [1m[34mSELECT 1 AS one FROM "guidelines_approvals" WHERE "guidelines_approvals"."developer_id" = 'dev-456' AND "guidelines_approvals"."request_for_comment_id" = 1 LIMIT 1 /*application='BillettoAssignment'*/[0m
  [1m[36mGuidelines::Approval Create (0.7ms)[0m  [1m[32mINSERT INTO "guidelines_approvals" ("request_for_comment_id", "developer_id", "created_at", "updated_at") VALUES (1, 'dev-456', '2026-05-06 06:43:22.057357', '2026-05-06 06:43:22.057357') RETURNING "id" /*application='BillettoAssignment'*/[0m
  [1m[36mTRANSACTION (0.8ms)[0m  [1m[35mCOMMIT /*application='BillettoAssignment'*/[0m
  [1m[36mTRANSACTION (0.2ms)[0m  [1m[35mBEGIN /*application='BillettoAssignment'*/[0m
  [1m[36mGuidelines::Approval Exists? (1.5ms)[0m  [1m[34mSELECT 1 AS one FROM "guidelines_approvals" WHERE "guidelines_approvals"."developer_id" = 'dev-789' AND "guidelines_approvals"."request_for_comment_id" = 1 LIMIT 1 /*application='BillettoAssignment'*/[0m
  [1m[36mGuidelines::Approval Create (0.5ms)[0m  [1m[32mINSERT INTO "guidelines_approvals" ("request_for_comment_id", "developer_id", "created_at", "updated_at") VALUES (1, 'dev-789', '2026-05-06 06:43:22.064860', '2026-05-06 06:43:22.064860') RETURNING "id" /*application='BillettoAssignment'*/[0m
  [1m[36mTRANSACTION (0.9ms)[0m  [1m[35mCOMMIT /*application='BillettoAssignment'*/[0m
  [1m[36mGuidelines::RequestForComment Load (0.4ms)[0m  [1m[34mSELECT "guidelines_request_for_comments".* FROM "guidelines_request_for_comments" WHERE "guidelines_request_for_comments"."id" = 1 LIMIT 1 /*application='BillettoAssignment'*/[0m
  [1m[36mGuidelines::Approval Count (0.4ms)[0m  [1m[34mSELECT COUNT(*) FROM "guidelines_approvals" WHERE "guidelines_approvals"."request_for_comment_id" = 1 /*application='BillettoAssignment'*/[0m
  [1m[36mGuidelines::RequestForComment Count (0.3ms)[0m  [1m[34mSELECT COUNT(*) FROM "guidelines_request_for_comments" /*application='BillettoAssignment'*/[0m
  [1m[36mGuidelines::RequestForComment Load (0.3ms)[0m  [1m[34mSELECT "guidelines_request_for_comments".* FROM "guidelines_request_for_comments" /*application='BillettoAssignment'*/[0m
  [1m[36mGuidelines::Approval Count (0.4ms)[0m  [1m[34mSELECT COUNT(*) FROM "guidelines_approvals" WHERE "guidelines_approvals"."request_for_comment_id" = 1 /*application='BillettoAssignment'*/[0m
  [1m[36mGuidelines::Approval Count (1.3ms)[0m  [1m[34mSELECT COUNT(*) FROM "guidelines_approvals" WHERE "guidelines_approvals"."request_for_comment_id" = 1 /*application='BillettoAssignment'*/[0m
  [1m[36mGuidelines::RequestForComment Load (0.4ms)[0m  [1m[34mSELECT "guidelines_request_for_comments".* FROM "guidelines_request_for_comments" ORDER BY "guidelines_request_for_comments"."id" DESC LIMIT 1 /*application='BillettoAssignment'*/[0m
  [1m[36mTRANSACTION (0.2ms)[0m  [1m[35mBEGIN /*application='BillettoAssignment'*/[0m
  [1m[36mGuidelines::RequestForComment Create (1.9ms)[0m  [1m[32mINSERT INTO "guidelines_request_for_comments" ("tid", "number", "description", "author_id", "created_at", "updated_at") VALUES ('RequestForComment$4cc63a78-0e73-46cb-8dc1-9df55c358e10', 'RFC-2024-001', 'Implement OAuth2 authentication system', 'dev-123', '2026-05-06 06:43:55.969806', '2026-05-06 06:43:55.969806') RETURNING "id" /*application='BillettoAssignment'*/[0m
  [1m[36mTRANSACTION (3.4ms)[0m  [1m[35mCOMMIT /*application='BillettoAssignment'*/[0m
  [1m[36mGuidelines::Approval Count (0.7ms)[0m  [1m[34mSELECT COUNT(*) FROM "guidelines_approvals" WHERE "guidelines_approvals"."request_for_comment_id" = 2 /*application='BillettoAssignment'*/[0m
  [1m[36mGuidelines::RequestForComment Load (0.7ms)[0m  [1m[34mSELECT "guidelines_request_for_comments".* FROM "guidelines_request_for_comments" ORDER BY "guidelines_request_for_comments"."id" DESC LIMIT 1 /*application='BillettoAssignment'*/[0m
  [1m[36mTRANSACTION (0.2ms)[0m  [1m[35mBEGIN /*application='BillettoAssignment'*/[0m
  [1m[36mGuidelines::Approval Exists? (2.0ms)[0m  [1m[34mSELECT 1 AS one FROM "guidelines_approvals" WHERE "guidelines_approvals"."developer_id" = 'dev-456' AND "guidelines_approvals"."request_for_comment_id" = 2 LIMIT 1 /*application='BillettoAssignment'*/[0m
  [1m[36mGuidelines::Approval Create (0.6ms)[0m  [1m[32mINSERT INTO "guidelines_approvals" ("request_for_comment_id", "developer_id", "created_at", "updated_at") VALUES (2, 'dev-456', '2026-05-06 06:43:56.003031', '2026-05-06 06:43:56.003031') RETURNING "id" /*application='BillettoAssignment'*/[0m
  [1m[36mTRANSACTION (0.8ms)[0m  [1m[35mCOMMIT /*application='BillettoAssignment'*/[0m
  [1m[36mTRANSACTION (0.2ms)[0m  [1m[35mBEGIN /*application='BillettoAssignment'*/[0m
  [1m[36mGuidelines::Approval Exists? (1.6ms)[0m  [1m[34mSELECT 1 AS one FROM "guidelines_approvals" WHERE "guidelines_approvals"."developer_id" = 'dev-789' AND "guidelines_approvals"."request_for_comment_id" = 2 LIMIT 1 /*application='BillettoAssignment'*/[0m
  [1m[36mGuidelines::Approval Create (1.4ms)[0m  [1m[32mINSERT INTO "guidelines_approvals" ("request_for_comment_id", "developer_id", "created_at", "updated_at") VALUES (2, 'dev-789', '2026-05-06 06:43:56.011316', '2026-05-06 06:43:56.011316') RETURNING "id" /*application='BillettoAssignment'*/[0m
  [1m[36mTRANSACTION (0.9ms)[0m  [1m[35mCOMMIT /*application='BillettoAssignment'*/[0m
  [1m[36mGuidelines::RequestForComment Load (0.4ms)[0m  [1m[34mSELECT "guidelines_request_for_comments".* FROM "guidelines_request_for_comments" WHERE "guidelines_request_for_comments"."id" = 2 LIMIT 1 /*application='BillettoAssignment'*/[0m
  [1m[36mGuidelines::Approval Count (0.4ms)[0m  [1m[34mSELECT COUNT(*) FROM "guidelines_approvals" WHERE "guidelines_approvals"."request_for_comment_id" = 2 /*application='BillettoAssignment'*/[0m
  [1m[36mGuidelines::RequestForComment Count (0.3ms)[0m  [1m[34mSELECT COUNT(*) FROM "guidelines_request_for_comments" /*application='BillettoAssignment'*/[0m
  [1m[36mGuidelines::RequestForComment Load (0.4ms)[0m  [1m[34mSELECT "guidelines_request_for_comments".* FROM "guidelines_request_for_comments" /*application='BillettoAssignment'*/[0m
  [1m[36mGuidelines::Approval Count (0.5ms)[0m  [1m[34mSELECT COUNT(*) FROM "guidelines_approvals" WHERE "guidelines_approvals"."request_for_comment_id" = 1 /*application='BillettoAssignment'*/[0m
  [1m[36mGuidelines::Approval Count (0.5ms)[0m  [1m[34mSELECT COUNT(*) FROM "guidelines_approvals" WHERE "guidelines_approvals"."request_for_comment_id" = 1 /*application='BillettoAssignment'*/[0m
  [1m[36mGuidelines::Approval Count (0.4ms)[0m  [1m[34mSELECT COUNT(*) FROM "guidelines_approvals" WHERE "guidelines_approvals"."request_for_comment_id" = 2 /*application='BillettoAssignment'*/[0m
  [1m[36mGuidelines::Approval Count (1.0ms)[0m  [1m[34mSELECT COUNT(*) FROM "guidelines_approvals" WHERE "guidelines_approvals"."request_for_comment_id" = 2 /*application='BillettoAssignment'*/[0m
  [1m[36mGuidelines::RequestForComment Load (0.7ms)[0m  [1m[34mSELECT "guidelines_request_for_comments".* FROM "guidelines_request_for_comments" ORDER BY "guidelines_request_for_comments"."id" DESC LIMIT 1 /*application='BillettoAssignment'*/[0m
  [1m[36mGuidelines::RequestForComment Load (0.4ms)[0m  [1m[34mSELECT "guidelines_request_for_comments".* FROM "guidelines_request_for_comments" WHERE "guidelines_request_for_comments"."tid" = 'RequestForComment$4cc63a78-0e73-46cb-8dc1-9df55c358e10' LIMIT 1 /*application='BillettoAssignment'*/[0m
  ↳ app/models/object_repository.rb:27:in `find'
Started GET "/" for ::1 at 2026-05-06 12:14:33 +0530
Processing by EventsController#index as HTML
  Rendering layout layouts/application.html.erb
  Rendering events/index.html.erb within layouts/application
  [1m[36mEvent Exists? (0.4ms)[0m  [1m[34mSELECT 1 AS one FROM "events" LIMIT 1 OFFSET 0 /*action='index',application='BillettoAssignment',controller='events'*/[0m
  ↳ app/views/events/index.html.erb:11
  [1m[36mEvent Load (0.3ms)[0m  [1m[34mSELECT "events".* FROM "events" ORDER BY "events"."start_date" ASC LIMIT 12 OFFSET 0 /*action='index',application='BillettoAssignment',controller='events'*/[0m
  ↳ app/views/events/index.html.erb:22
  [1m[36mEvent Count (0.4ms)[0m  [1m[34mSELECT COUNT(*) FROM "events" /*action='index',application='BillettoAssignment',controller='events'*/[0m
  ↳ app/views/events/index.html.erb:76
  Rendered events/index.html.erb within layouts/application (Duration: 24.5ms | GC: 1.1ms)
  Rendered layout layouts/application.html.erb (Duration: 27.3ms | GC: 1.4ms)
Completed 200 OK in 35ms (Views: 25.4ms | ActiveRecord: 5.3ms (3 queries, 0 cached) | GC: 1.6ms)


Started GET "/" for ::1 at 2026-05-06 12:14:41 +0530
  [1m[36mActiveRecord::SchemaMigration Load (0.6ms)[0m  [1m[34mSELECT "schema_migrations"."version" FROM "schema_migrations" ORDER BY "schema_migrations"."version" ASC /*application='BillettoAssignment'*/[0m
Processing by EventsController#index as HTML
  Rendering layout layouts/application.html.erb
  Rendering events/index.html.erb within layouts/application
  [1m[36mEvent Exists? (0.6ms)[0m  [1m[34mSELECT 1 AS one FROM "events" LIMIT 1 OFFSET 0 /*action='index',application='BillettoAssignment',controller='events'*/[0m
  ↳ app/views/events/index.html.erb:11
  [1m[36mEvent Load (0.6ms)[0m  [1m[34mSELECT "events".* FROM "events" ORDER BY "events"."start_date" ASC LIMIT 12 OFFSET 0 /*action='index',application='BillettoAssignment',controller='events'*/[0m
  ↳ app/views/events/index.html.erb:22
  [1m[36mEvent Count (0.4ms)[0m  [1m[34mSELECT COUNT(*) FROM "events" /*action='index',application='BillettoAssignment',controller='events'*/[0m
  ↳ app/views/events/index.html.erb:76
  Rendered events/index.html.erb within layouts/application (Duration: 42.0ms | GC: 0.0ms)
  Rendered layout layouts/application.html.erb (Duration: 49.8ms | GC: 0.0ms)
Completed 200 OK in 209ms (Views: 45.7ms | ActiveRecord: 12.9ms (3 queries, 0 cached) | GC: 15.4ms)


Started GET "/" for ::1 at 2026-05-06 12:14:43 +0530
Processing by EventsController#index as HTML
  Rendering layout layouts/application.html.erb
  Rendering events/index.html.erb within layouts/application
  [1m[36mEvent Exists? (1.1ms)[0m  [1m[34mSELECT 1 AS one FROM "events" LIMIT 1 OFFSET 0 /*action='index',application='BillettoAssignment',controller='events'*/[0m
  ↳ app/views/events/index.html.erb:11
  [1m[36mEvent Load (1.3ms)[0m  [1m[34mSELECT "events".* FROM "events" ORDER BY "events"."start_date" ASC LIMIT 12 OFFSET 0 /*action='index',application='BillettoAssignment',controller='events'*/[0m
  ↳ app/views/events/index.html.erb:22
  [1m[36mEvent Count (0.5ms)[0m  [1m[34mSELECT COUNT(*) FROM "events" /*action='index',application='BillettoAssignment',controller='events'*/[0m
  ↳ app/views/events/index.html.erb:76
  Rendered events/index.html.erb within layouts/application (Duration: 34.7ms | GC: 0.0ms)
  Rendered layout layouts/application.html.erb (Duration: 36.9ms | GC: 0.0ms)
Completed 200 OK in 42ms (Views: 35.8ms | ActiveRecord: 2.8ms (3 queries, 0 cached) | GC: 0.0ms)


Started GET "/?filter=upcoming" for ::1 at 2026-05-06 12:14:45 +0530
Processing by EventsController#index as HTML
  Parameters: {"filter"=>"upcoming"}
  Rendering layout layouts/application.html.erb
  Rendering events/index.html.erb within layouts/application
  [1m[36mEvent Exists? (2.1ms)[0m  [1m[34mSELECT 1 AS one FROM "events" WHERE (start_date > '2026-05-06 06:44:45.089298') LIMIT 1 OFFSET 0 /*action='index',application='BillettoAssignment',controller='events'*/[0m
  ↳ app/views/events/index.html.erb:11
  [1m[36mEvent Load (1.8ms)[0m  [1m[34mSELECT "events".* FROM "events" WHERE (start_date > '2026-05-06 06:44:45.089298') ORDER BY "events"."start_date" ASC LIMIT 12 OFFSET 0 /*action='index',application='BillettoAssignment',controller='events'*/[0m
  ↳ app/views/events/index.html.erb:22
  [1m[36mEvent Count (1.0ms)[0m  [1m[34mSELECT COUNT(*) FROM "events" WHERE (start_date > '2026-05-06 06:44:45.089298') /*action='index',application='BillettoAssignment',controller='events'*/[0m
  ↳ app/views/events/index.html.erb:76
  Rendered events/index.html.erb within layouts/application (Duration: 58.6ms | GC: 0.0ms)
  Rendered layout layouts/application.html.erb (Duration: 60.9ms | GC: 0.0ms)
Completed 200 OK in 68ms (Views: 58.0ms | ActiveRecord: 4.9ms (3 queries, 0 cached) | GC: 0.0ms)


Started GET "/events?filter=all" for ::1 at 2026-05-06 12:14:46 +0530
Processing by EventsController#index as HTML
  Parameters: {"filter"=>"all"}
  Rendering layout layouts/application.html.erb
  Rendering events/index.html.erb within layouts/application
  [1m[36mEvent Exists? (1.4ms)[0m  [1m[34mSELECT 1 AS one FROM "events" LIMIT 1 OFFSET 0 /*action='index',application='BillettoAssignment',controller='events'*/[0m
  ↳ app/views/events/index.html.erb:11
  [1m[36mEvent Load (1.9ms)[0m  [1m[34mSELECT "events".* FROM "events" ORDER BY "events"."start_date" ASC LIMIT 12 OFFSET 0 /*action='index',application='BillettoAssignment',controller='events'*/[0m
  ↳ app/views/events/index.html.erb:22
  [1m[36mEvent Count (1.0ms)[0m  [1m[34mSELECT COUNT(*) FROM "events" /*action='index',application='BillettoAssignment',controller='events'*/[0m
  ↳ app/views/events/index.html.erb:76
  Rendered events/index.html.erb within layouts/application (Duration: 74.7ms | GC: 0.0ms)
  Rendered layout layouts/application.html.erb (Duration: 77.6ms | GC: 0.0ms)
Completed 200 OK in 84ms (Views: 75.1ms | ActiveRecord: 4.3ms (3 queries, 0 cached) | GC: 0.0ms)


Started GET "/events/1" for ::1 at 2026-05-06 12:14:48 +0530
Processing by EventsController#show as HTML
  Parameters: {"id"=>"1"}
  [1m[36mEvent Load (1.0ms)[0m  [1m[34mSELECT "events".* FROM "events" WHERE "events"."id" = 1 LIMIT 1 /*action='show',application='BillettoAssignment',controller='events'*/[0m
  ↳ app/controllers/events_controller.rb:49:in `set_event'
  Rendering layout layouts/application.html.erb
  Rendering events/show.html.erb within layouts/application
  Rendered events/show.html.erb within layouts/application (Duration: 10.3ms | GC: 0.0ms)
  Rendered layout layouts/application.html.erb (Duration: 12.4ms | GC: 0.0ms)
Completed 200 OK in 23ms (Views: 13.6ms | ActiveRecord: 1.0ms (1 query, 0 cached) | GC: 0.0ms)


Started POST "/events/1/upvote" for ::1 at 2026-05-06 12:14:49 +0530
Processing by EventsController#upvote as HTML
  Parameters: {"authenticity_token"=>"[FILTERED]", "commit"=>"👍 Upvote", "id"=>"1"}
  [1m[36mEvent Load (0.9ms)[0m  [1m[34mSELECT "events".* FROM "events" WHERE "events"."id" = 1 LIMIT 1 /*action='upvote',application='BillettoAssignment',controller='events'*/[0m
  ↳ app/controllers/events_controller.rb:49:in `set_event'
  [1m[36mEvent Load (0.9ms)[0m  [1m[34mSELECT "events".* FROM "events" WHERE "events"."external_id" = 'sample-event-1' LIMIT 1 /*action='upvote',application='BillettoAssignment',controller='events'*/[0m
  ↳ app/domain/events/vote_command.rb:16:in `call'
  [1m[36mTRANSACTION (0.3ms)[0m  [1m[35mBEGIN /*action='upvote',application='BillettoAssignment',controller='events'*/[0m
  ↳ app/domain/events/vote_command.rb:23:in `call'
  [1m[36mRubyEventStore::ActiveRecord::Event Insert (0.6ms)[0m  [1m[32mINSERT INTO "event_store_events" ("event_id","data","metadata","event_type","created_at","valid_at") VALUES ('83c09df4-cf37-4411-9f43-9e72e44eccf1', '\x2d2d2d0a3a6576656e745f69643a2073616d706c652d6576656e742d310a3a757365725f69643a2030363233333762342d653365362d343336312d613135352d3262326434663066326337310a', '\x2d2d2d0a3a636f7272656c6174696f6e5f69643a2034633264356163372d313931332d346338382d613565632d3738313238366332303666660a', 'Events::EventUpvoted', '2026-05-06 06:44:49.903992', NULL) RETURNING "id" /*action='upvote',application='BillettoAssignment',controller='events'*/[0m
  ↳ app/domain/events/vote_command.rb:23:in `call'
  [1m[36mTRANSACTION (0.9ms)[0m  [1m[35mCOMMIT /*action='upvote',application='BillettoAssignment',controller='events'*/[0m
  ↳ app/domain/events/vote_command.rb:23:in `call'
  [1m[36mEvent Update All (1.2ms)[0m  [1m[33mUPDATE "events" SET "upvotes_count" = COALESCE("events"."upvotes_count", 0) + 1 WHERE "events"."id" = 1 /*action='upvote',application='BillettoAssignment',controller='events'*/[0m
  ↳ app/domain/events/vote_command.rb:31:in `call'
Redirected to http://localhost:3000/events/1
↳ app/controllers/events_controller.rb:26:in `upvote'
Completed 302 Found in 33ms (ActiveRecord: 10.1ms (4 queries, 0 cached) | GC: 0.0ms)


Started GET "/events/1" for ::1 at 2026-05-06 12:14:49 +0530
Processing by EventsController#show as HTML
  Parameters: {"id"=>"1"}
  [1m[36mEvent Load (0.4ms)[0m  [1m[34mSELECT "events".* FROM "events" WHERE "events"."id" = 1 LIMIT 1 /*action='show',application='BillettoAssignment',controller='events'*/[0m
  ↳ app/controllers/events_controller.rb:49:in `set_event'
  Rendering layout layouts/application.html.erb
  Rendering events/show.html.erb within layouts/application
  Rendered events/show.html.erb within layouts/application (Duration: 1.9ms | GC: 0.0ms)
  Rendered layout layouts/application.html.erb (Duration: 3.3ms | GC: 0.0ms)
Completed 200 OK in 6ms (Views: 3.8ms | ActiveRecord: 0.4ms (1 query, 0 cached) | GC: 0.0ms)


Started GET "/events" for ::1 at 2026-05-06 12:14:52 +0530
Processing by EventsController#index as HTML
  Rendering layout layouts/application.html.erb
  Rendering events/index.html.erb within layouts/application
  [1m[36mEvent Exists? (2.1ms)[0m  [1m[34mSELECT 1 AS one FROM "events" LIMIT 1 OFFSET 0 /*action='index',application='BillettoAssignment',controller='events'*/[0m
  ↳ app/views/events/index.html.erb:11
  [1m[36mEvent Load (1.7ms)[0m  [1m[34mSELECT "events".* FROM "events" ORDER BY "events"."start_date" ASC LIMIT 12 OFFSET 0 /*action='index',application='BillettoAssignment',controller='events'*/[0m
  ↳ app/views/events/index.html.erb:22
  [1m[36mEvent Count (0.7ms)[0m  [1m[34mSELECT COUNT(*) FROM "events" /*action='index',application='BillettoAssignment',controller='events'*/[0m
  ↳ app/views/events/index.html.erb:76
  Rendered events/index.html.erb within layouts/application (Duration: 60.5ms | GC: 0.0ms)
  Rendered layout layouts/application.html.erb (Duration: 62.7ms | GC: 0.0ms)
Completed 200 OK in 68ms (Views: 59.8ms | ActiveRecord: 4.6ms (3 queries, 0 cached) | GC: 0.0ms)


Started POST "/events/1/upvote" for ::1 at 2026-05-06 12:14:53 +0530
Processing by EventsController#upvote as HTML
  Parameters: {"authenticity_token"=>"[FILTERED]", "commit"=>"👍", "id"=>"1"}
  [1m[36mEvent Load (1.5ms)[0m  [1m[34mSELECT "events".* FROM "events" WHERE "events"."id" = 1 LIMIT 1 /*action='upvote',application='BillettoAssignment',controller='events'*/[0m
  ↳ app/controllers/events_controller.rb:49:in `set_event'
  [1m[36mEvent Load (1.6ms)[0m  [1m[34mSELECT "events".* FROM "events" WHERE "events"."external_id" = 'sample-event-1' LIMIT 1 /*action='upvote',application='BillettoAssignment',controller='events'*/[0m
  ↳ app/domain/events/vote_command.rb:16:in `call'
  [1m[36mTRANSACTION (0.8ms)[0m  [1m[35mBEGIN /*action='upvote',application='BillettoAssignment',controller='events'*/[0m
  ↳ app/domain/events/vote_command.rb:23:in `call'
  [1m[36mRubyEventStore::ActiveRecord::Event Insert (8.7ms)[0m  [1m[32mINSERT INTO "event_store_events" ("event_id","data","metadata","event_type","created_at","valid_at") VALUES ('d5bef909-508a-41db-917a-2e93ac2a16c0', '\x2d2d2d0a3a6576656e745f69643a2073616d706c652d6576656e742d310a3a757365725f69643a2030363233333762342d653365362d343336312d613135352d3262326434663066326337310a', '\x2d2d2d0a3a636f7272656c6174696f6e5f69643a2039373633336139352d373161322d343964662d623864392d6632333931373665386537330a', 'Events::EventUpvoted', '2026-05-06 06:44:53.969567', NULL) RETURNING "id" /*action='upvote',application='BillettoAssignment',controller='events'*/[0m
  ↳ app/domain/events/vote_command.rb:23:in `call'
  [1m[36mTRANSACTION (1.5ms)[0m  [1m[35mCOMMIT /*action='upvote',application='BillettoAssignment',controller='events'*/[0m
  ↳ app/domain/events/vote_command.rb:23:in `call'
  [1m[36mEvent Update All (3.1ms)[0m  [1m[33mUPDATE "events" SET "upvotes_count" = COALESCE("events"."upvotes_count", 0) + 1 WHERE "events"."id" = 1 /*action='upvote',application='BillettoAssignment',controller='events'*/[0m
  ↳ app/domain/events/vote_command.rb:31:in `call'
Redirected to http://localhost:3000/events/1
↳ app/controllers/events_controller.rb:26:in `upvote'
Completed 302 Found in 53ms (ActiveRecord: 17.0ms (4 queries, 0 cached) | GC: 0.0ms)


Started GET "/events/1" for ::1 at 2026-05-06 12:14:54 +0530
Processing by EventsController#show as HTML
  Parameters: {"id"=>"1"}
  [1m[36mEvent Load (1.5ms)[0m  [1m[34mSELECT "events".* FROM "events" WHERE "events"."id" = 1 LIMIT 1 /*action='show',application='BillettoAssignment',controller='events'*/[0m
  ↳ app/controllers/events_controller.rb:49:in `set_event'
  Rendering layout layouts/application.html.erb
  Rendering events/show.html.erb within layouts/application
  Rendered events/show.html.erb within layouts/application (Duration: 9.7ms | GC: 0.0ms)
  Rendered layout layouts/application.html.erb (Duration: 16.0ms | GC: 0.0ms)
Completed 200 OK in 29ms (Views: 18.1ms | ActiveRecord: 1.2ms (1 query, 0 cached) | GC: 0.0ms)


Started POST "/events/1/upvote" for ::1 at 2026-05-06 12:14:55 +0530
Processing by EventsController#upvote as HTML
  Parameters: {"authenticity_token"=>"[FILTERED]", "commit"=>"👍 Upvote", "id"=>"1"}
  [1m[36mEvent Load (1.7ms)[0m  [1m[34mSELECT "events".* FROM "events" WHERE "events"."id" = 1 LIMIT 1 /*action='upvote',application='BillettoAssignment',controller='events'*/[0m
  ↳ app/controllers/events_controller.rb:49:in `set_event'
  [1m[36mEvent Load (0.5ms)[0m  [1m[34mSELECT "events".* FROM "events" WHERE "events"."external_id" = 'sample-event-1' LIMIT 1 /*action='upvote',application='BillettoAssignment',controller='events'*/[0m
  ↳ app/domain/events/vote_command.rb:16:in `call'
  [1m[36mTRANSACTION (0.3ms)[0m  [1m[35mBEGIN /*action='upvote',application='BillettoAssignment',controller='events'*/[0m
  ↳ app/domain/events/vote_command.rb:23:in `call'
  [1m[36mRubyEventStore::ActiveRecord::Event Insert (1.6ms)[0m  [1m[32mINSERT INTO "event_store_events" ("event_id","data","metadata","event_type","created_at","valid_at") VALUES ('e3bf9769-4b00-4e91-943d-34a5aeffce12', '\x2d2d2d0a3a6576656e745f69643a2073616d706c652d6576656e742d310a3a757365725f69643a2030363233333762342d653365362d343336312d613135352d3262326434663066326337310a', '\x2d2d2d0a3a636f7272656c6174696f6e5f69643a2061633934313231312d376536612d343164612d386635332d3632656433623635643137390a', 'Events::EventUpvoted', '2026-05-06 06:44:55.464047', NULL) RETURNING "id" /*action='upvote',application='BillettoAssignment',controller='events'*/[0m
  ↳ app/domain/events/vote_command.rb:23:in `call'
  [1m[36mTRANSACTION (0.9ms)[0m  [1m[35mCOMMIT /*action='upvote',application='BillettoAssignment',controller='events'*/[0m
  ↳ app/domain/events/vote_command.rb:23:in `call'
  [1m[36mEvent Update All (1.5ms)[0m  [1m[33mUPDATE "events" SET "upvotes_count" = COALESCE("events"."upvotes_count", 0) + 1 WHERE "events"."id" = 1 /*action='upvote',application='BillettoAssignment',controller='events'*/[0m
  ↳ app/domain/events/vote_command.rb:31:in `call'
Redirected to http://localhost:3000/events/1
↳ app/controllers/events_controller.rb:26:in `upvote'
Completed 302 Found in 40ms (ActiveRecord: 6.4ms (4 queries, 0 cached) | GC: 22.3ms)


Started GET "/events/1" for ::1 at 2026-05-06 12:14:55 +0530
Processing by EventsController#show as HTML
  Parameters: {"id"=>"1"}
  [1m[36mEvent Load (0.4ms)[0m  [1m[34mSELECT "events".* FROM "events" WHERE "events"."id" = 1 LIMIT 1 /*action='show',application='BillettoAssignment',controller='events'*/[0m
  ↳ app/controllers/events_controller.rb:49:in `set_event'
  Rendering layout layouts/application.html.erb
  Rendering events/show.html.erb within layouts/application
  Rendered events/show.html.erb within layouts/application (Duration: 1.7ms | GC: 0.0ms)
  Rendered layout layouts/application.html.erb (Duration: 3.2ms | GC: 0.0ms)
Completed 200 OK in 6ms (Views: 3.7ms | ActiveRecord: 0.4ms (1 query, 0 cached) | GC: 0.5ms)


Started POST "/events/1/upvote" for ::1 at 2026-05-06 12:14:55 +0530
Processing by EventsController#upvote as HTML
  Parameters: {"authenticity_token"=>"[FILTERED]", "commit"=>"👍 Upvote", "id"=>"1"}
  [1m[36mEvent Load (1.5ms)[0m  [1m[34mSELECT "events".* FROM "events" WHERE "events"."id" = 1 LIMIT 1 /*action='upvote',application='BillettoAssignment',controller='events'*/[0m
  ↳ app/controllers/events_controller.rb:49:in `set_event'
  [1m[36mEvent Load (1.7ms)[0m  [1m[34mSELECT "events".* FROM "events" WHERE "events"."external_id" = 'sample-event-1' LIMIT 1 /*action='upvote',application='BillettoAssignment',controller='events'*/[0m
  ↳ app/domain/events/vote_command.rb:16:in `call'
  [1m[36mTRANSACTION (0.7ms)[0m  [1m[35mBEGIN /*action='upvote',application='BillettoAssignment',controller='events'*/[0m
  ↳ app/domain/events/vote_command.rb:23:in `call'
  [1m[36mRubyEventStore::ActiveRecord::Event Insert (5.7ms)[0m  [1m[32mINSERT INTO "event_store_events" ("event_id","data","metadata","event_type","created_at","valid_at") VALUES ('cec2c8fa-09a0-4567-af20-00403a711586', '\x2d2d2d0a3a6576656e745f69643a2073616d706c652d6576656e742d310a3a757365725f69643a2030363233333762342d653365362d343336312d613135352d3262326434663066326337310a', '\x2d2d2d0a3a636f7272656c6174696f6e5f69643a2031313534666363642d626664332d343834652d616635312d3931333835383333613463330a', 'Events::EventUpvoted', '2026-05-06 06:44:55.819926', NULL) RETURNING "id" /*action='upvote',application='BillettoAssignment',controller='events'*/[0m
  ↳ app/domain/events/vote_command.rb:23:in `call'
  [1m[36mTRANSACTION (2.3ms)[0m  [1m[35mCOMMIT /*action='upvote',application='BillettoAssignment',controller='events'*/[0m
  ↳ app/domain/events/vote_command.rb:23:in `call'
  [1m[36mEvent Update All (1.6ms)[0m  [1m[33mUPDATE "events" SET "upvotes_count" = COALESCE("events"."upvotes_count", 0) + 1 WHERE "events"."id" = 1 /*action='upvote',application='BillettoAssignment',controller='events'*/[0m
  ↳ app/domain/events/vote_command.rb:31:in `call'
Redirected to http://localhost:3000/events/1
↳ app/controllers/events_controller.rb:26:in `upvote'
Completed 302 Found in 48ms (ActiveRecord: 13.3ms (4 queries, 0 cached) | GC: 1.0ms)


Started GET "/events/1" for ::1 at 2026-05-06 12:14:55 +0530
Processing by EventsController#show as HTML
  Parameters: {"id"=>"1"}
  [1m[36mEvent Load (0.7ms)[0m  [1m[34mSELECT "events".* FROM "events" WHERE "events"."id" = 1 LIMIT 1 /*action='show',application='BillettoAssignment',controller='events'*/[0m
  ↳ app/controllers/events_controller.rb:49:in `set_event'
  Rendering layout layouts/application.html.erb
  Rendering events/show.html.erb within layouts/application
  Rendered events/show.html.erb within layouts/application (Duration: 4.1ms | GC: 0.0ms)
  Rendered layout layouts/application.html.erb (Duration: 6.4ms | GC: 0.0ms)
Completed 200 OK in 12ms (Views: 7.1ms | ActiveRecord: 0.7ms (1 query, 0 cached) | GC: 0.3ms)


Started POST "/events/1/upvote" for ::1 at 2026-05-06 12:14:56 +0530
Processing by EventsController#upvote as HTML
  Parameters: {"authenticity_token"=>"[FILTERED]", "commit"=>"👍 Upvote", "id"=>"1"}
  [1m[36mEvent Load (2.9ms)[0m  [1m[34mSELECT "events".* FROM "events" WHERE "events"."id" = 1 LIMIT 1 /*action='upvote',application='BillettoAssignment',controller='events'*/[0m
  ↳ app/controllers/events_controller.rb:49:in `set_event'
  [1m[36mEvent Load (2.4ms)[0m  [1m[34mSELECT "events".* FROM "events" WHERE "events"."external_id" = 'sample-event-1' LIMIT 1 /*action='upvote',application='BillettoAssignment',controller='events'*/[0m
  ↳ app/domain/events/vote_command.rb:16:in `call'
  [1m[36mTRANSACTION (0.8ms)[0m  [1m[35mBEGIN /*action='upvote',application='BillettoAssignment',controller='events'*/[0m
  ↳ app/domain/events/vote_command.rb:23:in `call'
  [1m[36mRubyEventStore::ActiveRecord::Event Insert (8.3ms)[0m  [1m[32mINSERT INTO "event_store_events" ("event_id","data","metadata","event_type","created_at","valid_at") VALUES ('5eb2c2bb-943a-4e69-b1d6-f00a53216476', '\x2d2d2d0a3a6576656e745f69643a2073616d706c652d6576656e742d310a3a757365725f69643a2030363233333762342d653365362d343336312d613135352d3262326434663066326337310a', '\x2d2d2d0a3a636f7272656c6174696f6e5f69643a2035313332373530612d613737642d343835342d386432302d6561643436653065326362330a', 'Events::EventUpvoted', '2026-05-06 06:44:56.184899', NULL) RETURNING "id" /*action='upvote',application='BillettoAssignment',controller='events'*/[0m
  ↳ app/domain/events/vote_command.rb:23:in `call'
  [1m[36mTRANSACTION (1.1ms)[0m  [1m[35mCOMMIT /*action='upvote',application='BillettoAssignment',controller='events'*/[0m
  ↳ app/domain/events/vote_command.rb:23:in `call'
  [1m[36mEvent Update All (1.3ms)[0m  [1m[33mUPDATE "events" SET "upvotes_count" = COALESCE("events"."upvotes_count", 0) + 1 WHERE "events"."id" = 1 /*action='upvote',application='BillettoAssignment',controller='events'*/[0m
  ↳ app/domain/events/vote_command.rb:31:in `call'
Redirected to http://localhost:3000/events/1
↳ app/controllers/events_controller.rb:26:in `upvote'
Completed 302 Found in 52ms (ActiveRecord: 16.8ms (4 queries, 0 cached) | GC: 0.0ms)


Started GET "/events/1" for ::1 at 2026-05-06 12:14:56 +0530
Processing by EventsController#show as HTML
  Parameters: {"id"=>"1"}
  [1m[36mEvent Load (0.5ms)[0m  [1m[34mSELECT "events".* FROM "events" WHERE "events"."id" = 1 LIMIT 1 /*action='show',application='BillettoAssignment',controller='events'*/[0m
  ↳ app/controllers/events_controller.rb:49:in `set_event'
  Rendering layout layouts/application.html.erb
  Rendering events/show.html.erb within layouts/application
  Rendered events/show.html.erb within layouts/application (Duration: 3.0ms | GC: 0.2ms)
  Rendered layout layouts/application.html.erb (Duration: 4.6ms | GC: 0.2ms)
Completed 200 OK in 9ms (Views: 5.5ms | ActiveRecord: 0.5ms (1 query, 0 cached) | GC: 0.2ms)


Started POST "/events/1/upvote" for ::1 at 2026-05-06 12:14:56 +0530
Processing by EventsController#upvote as HTML
  Parameters: {"authenticity_token"=>"[FILTERED]", "commit"=>"👍 Upvote", "id"=>"1"}
  [1m[36mEvent Load (1.4ms)[0m  [1m[34mSELECT "events".* FROM "events" WHERE "events"."id" = 1 LIMIT 1 /*action='upvote',application='BillettoAssignment',controller='events'*/[0m
  ↳ app/controllers/events_controller.rb:49:in `set_event'
  [1m[36mEvent Load (1.3ms)[0m  [1m[34mSELECT "events".* FROM "events" WHERE "events"."external_id" = 'sample-event-1' LIMIT 1 /*action='upvote',application='BillettoAssignment',controller='events'*/[0m
  ↳ app/domain/events/vote_command.rb:16:in `call'
  [1m[36mTRANSACTION (0.8ms)[0m  [1m[35mBEGIN /*action='upvote',application='BillettoAssignment',controller='events'*/[0m
  ↳ app/domain/events/vote_command.rb:23:in `call'
  [1m[36mRubyEventStore::ActiveRecord::Event Insert (7.0ms)[0m  [1m[32mINSERT INTO "event_store_events" ("event_id","data","metadata","event_type","created_at","valid_at") VALUES ('a28d40a7-a402-4516-a43b-cd8e0ac21d57', '\x2d2d2d0a3a6576656e745f69643a2073616d706c652d6576656e742d310a3a757365725f69643a2030363233333762342d653365362d343336312d613135352d3262326434663066326337310a', '\x2d2d2d0a3a636f7272656c6174696f6e5f69643a2065626637343663302d623139642d343662652d613665662d3034626665313766313039320a', 'Events::EventUpvoted', '2026-05-06 06:44:56.496265', NULL) RETURNING "id" /*action='upvote',application='BillettoAssignment',controller='events'*/[0m
  ↳ app/domain/events/vote_command.rb:23:in `call'
  [1m[36mTRANSACTION (1.6ms)[0m  [1m[35mCOMMIT /*action='upvote',application='BillettoAssignment',controller='events'*/[0m
  ↳ app/domain/events/vote_command.rb:23:in `call'
  [1m[36mEvent Update All (1.9ms)[0m  [1m[33mUPDATE "events" SET "upvotes_count" = COALESCE("events"."upvotes_count", 0) + 1 WHERE "events"."id" = 1 /*action='upvote',application='BillettoAssignment',controller='events'*/[0m
  ↳ app/domain/events/vote_command.rb:31:in `call'
Redirected to http://localhost:3000/events/1
↳ app/controllers/events_controller.rb:26:in `upvote'
Completed 302 Found in 45ms (ActiveRecord: 13.9ms (4 queries, 0 cached) | GC: 1.0ms)


Started GET "/events/1" for ::1 at 2026-05-06 12:14:56 +0530
Processing by EventsController#show as HTML
  Parameters: {"id"=>"1"}
  [1m[36mEvent Load (0.7ms)[0m  [1m[34mSELECT "events".* FROM "events" WHERE "events"."id" = 1 LIMIT 1 /*action='show',application='BillettoAssignment',controller='events'*/[0m
  ↳ app/controllers/events_controller.rb:49:in `set_event'
  Rendering layout layouts/application.html.erb
  Rendering events/show.html.erb within layouts/application
  Rendered events/show.html.erb within layouts/application (Duration: 3.3ms | GC: 0.0ms)
  Rendered layout layouts/application.html.erb (Duration: 6.0ms | GC: 0.4ms)
Completed 200 OK in 11ms (Views: 6.9ms | ActiveRecord: 0.7ms (1 query, 0 cached) | GC: 0.4ms)


Started POST "/events/1/upvote" for ::1 at 2026-05-06 12:14:56 +0530
Processing by EventsController#upvote as HTML
  Parameters: {"authenticity_token"=>"[FILTERED]", "commit"=>"👍 Upvote", "id"=>"1"}
  [1m[36mEvent Load (1.4ms)[0m  [1m[34mSELECT "events".* FROM "events" WHERE "events"."id" = 1 LIMIT 1 /*action='upvote',application='BillettoAssignment',controller='events'*/[0m
  ↳ app/controllers/events_controller.rb:49:in `set_event'
  [1m[36mEvent Load (2.8ms)[0m  [1m[34mSELECT "events".* FROM "events" WHERE "events"."external_id" = 'sample-event-1' LIMIT 1 /*action='upvote',application='BillettoAssignment',controller='events'*/[0m
  ↳ app/domain/events/vote_command.rb:16:in `call'
  [1m[36mTRANSACTION (2.7ms)[0m  [1m[35mBEGIN /*action='upvote',application='BillettoAssignment',controller='events'*/[0m
  ↳ app/domain/events/vote_command.rb:23:in `call'
  [1m[36mRubyEventStore::ActiveRecord::Event Insert (8.3ms)[0m  [1m[32mINSERT INTO "event_store_events" ("event_id","data","metadata","event_type","created_at","valid_at") VALUES ('1774f715-86f2-4341-b90e-cf87b518a30b', '\x2d2d2d0a3a6576656e745f69643a2073616d706c652d6576656e742d310a3a757365725f69643a2030363233333762342d653365362d343336312d613135352d3262326434663066326337310a', '\x2d2d2d0a3a636f7272656c6174696f6e5f69643a202730363431393136642d613535302d346265312d383964632d363735633633393466623064270a', 'Events::EventUpvoted', '2026-05-06 06:44:56.853259', NULL) RETURNING "id" /*action='upvote',application='BillettoAssignment',controller='events'*/[0m
  ↳ app/domain/events/vote_command.rb:23:in `call'
  [1m[36mTRANSACTION (1.6ms)[0m  [1m[35mCOMMIT /*action='upvote',application='BillettoAssignment',controller='events'*/[0m
  ↳ app/domain/events/vote_command.rb:23:in `call'
  [1m[36mEvent Update All (2.8ms)[0m  [1m[33mUPDATE "events" SET "upvotes_count" = COALESCE("events"."upvotes_count", 0) + 1 WHERE "events"."id" = 1 /*action='upvote',application='BillettoAssignment',controller='events'*/[0m
  ↳ app/domain/events/vote_command.rb:31:in `call'
Redirected to http://localhost:3000/events/1
↳ app/controllers/events_controller.rb:26:in `upvote'
Completed 302 Found in 55ms (ActiveRecord: 19.5ms (4 queries, 0 cached) | GC: 1.1ms)


Started GET "/events/1" for ::1 at 2026-05-06 12:14:56 +0530
Processing by EventsController#show as HTML
  Parameters: {"id"=>"1"}
  [1m[36mEvent Load (0.7ms)[0m  [1m[34mSELECT "events".* FROM "events" WHERE "events"."id" = 1 LIMIT 1 /*action='show',application='BillettoAssignment',controller='events'*/[0m
  ↳ app/controllers/events_controller.rb:49:in `set_event'
  Rendering layout layouts/application.html.erb
  Rendering events/show.html.erb within layouts/application
  Rendered events/show.html.erb within layouts/application (Duration: 3.2ms | GC: 0.0ms)
  Rendered layout layouts/application.html.erb (Duration: 4.9ms | GC: 0.0ms)
Completed 200 OK in 10ms (Views: 5.8ms | ActiveRecord: 0.7ms (1 query, 0 cached) | GC: 0.4ms)


Started POST "/events/1/upvote" for ::1 at 2026-05-06 12:14:57 +0530
Processing by EventsController#upvote as HTML
  Parameters: {"authenticity_token"=>"[FILTERED]", "commit"=>"👍 Upvote", "id"=>"1"}
  [1m[36mEvent Load (1.6ms)[0m  [1m[34mSELECT "events".* FROM "events" WHERE "events"."id" = 1 LIMIT 1 /*action='upvote',application='BillettoAssignment',controller='events'*/[0m
  ↳ app/controllers/events_controller.rb:49:in `set_event'
  [1m[36mEvent Load (2.3ms)[0m  [1m[34mSELECT "events".* FROM "events" WHERE "events"."external_id" = 'sample-event-1' LIMIT 1 /*action='upvote',application='BillettoAssignment',controller='events'*/[0m
  ↳ app/domain/events/vote_command.rb:16:in `call'
  [1m[36mTRANSACTION (0.9ms)[0m  [1m[35mBEGIN /*action='upvote',application='BillettoAssignment',controller='events'*/[0m
  ↳ app/domain/events/vote_command.rb:23:in `call'
  [1m[36mRubyEventStore::ActiveRecord::Event Insert (5.6ms)[0m  [1m[32mINSERT INTO "event_store_events" ("event_id","data","metadata","event_type","created_at","valid_at") VALUES ('1a766d88-5f5f-42a0-ac35-e18c5e611d55', '\x2d2d2d0a3a6576656e745f69643a2073616d706c652d6576656e742d310a3a757365725f69643a2030363233333762342d653365362d343336312d613135352d3262326434663066326337310a', '\x2d2d2d0a3a636f7272656c6174696f6e5f69643a2038366532353039312d376563342d346536652d386235612d6265353665306563623635300a', 'Events::EventUpvoted', '2026-05-06 06:44:57.198667', NULL) RETURNING "id" /*action='upvote',application='BillettoAssignment',controller='events'*/[0m
  ↳ app/domain/events/vote_command.rb:23:in `call'
  [1m[36mTRANSACTION (2.1ms)[0m  [1m[35mCOMMIT /*action='upvote',application='BillettoAssignment',controller='events'*/[0m
  ↳ app/domain/events/vote_command.rb:23:in `call'
  [1m[36mEvent Update All (4.0ms)[0m  [1m[33mUPDATE "events" SET "upvotes_count" = COALESCE("events"."upvotes_count", 0) + 1 WHERE "events"."id" = 1 /*action='upvote',application='BillettoAssignment',controller='events'*/[0m
  ↳ app/domain/events/vote_command.rb:31:in `call'
Redirected to http://localhost:3000/events/1
↳ app/controllers/events_controller.rb:26:in `upvote'
Completed 302 Found in 63ms (ActiveRecord: 16.4ms (4 queries, 0 cached) | GC: 1.1ms)


Started GET "/events/1" for ::1 at 2026-05-06 12:14:57 +0530
Processing by EventsController#show as HTML
  Parameters: {"id"=>"1"}
  [1m[36mEvent Load (0.7ms)[0m  [1m[34mSELECT "events".* FROM "events" WHERE "events"."id" = 1 LIMIT 1 /*action='show',application='BillettoAssignment',controller='events'*/[0m
  ↳ app/controllers/events_controller.rb:49:in `set_event'
  Rendering layout layouts/application.html.erb
  Rendering events/show.html.erb within layouts/application
  Rendered events/show.html.erb within layouts/application (Duration: 3.7ms | GC: 0.4ms)
  Rendered layout layouts/application.html.erb (Duration: 5.5ms | GC: 0.4ms)
Completed 200 OK in 11ms (Views: 6.4ms | ActiveRecord: 0.7ms (1 query, 0 cached) | GC: 0.4ms)


Started POST "/events/1/upvote" for ::1 at 2026-05-06 12:14:57 +0530
Processing by EventsController#upvote as HTML
  Parameters: {"authenticity_token"=>"[FILTERED]", "commit"=>"👍 Upvote", "id"=>"1"}
  [1m[36mEvent Load (1.5ms)[0m  [1m[34mSELECT "events".* FROM "events" WHERE "events"."id" = 1 LIMIT 1 /*action='upvote',application='BillettoAssignment',controller='events'*/[0m
  ↳ app/controllers/events_controller.rb:49:in `set_event'
  [1m[36mEvent Load (2.6ms)[0m  [1m[34mSELECT "events".* FROM "events" WHERE "events"."external_id" = 'sample-event-1' LIMIT 1 /*action='upvote',application='BillettoAssignment',controller='events'*/[0m
  ↳ app/domain/events/vote_command.rb:16:in `call'
  [1m[36mTRANSACTION (0.7ms)[0m  [1m[35mBEGIN /*action='upvote',application='BillettoAssignment',controller='events'*/[0m
  ↳ app/domain/events/vote_command.rb:23:in `call'
  [1m[36mRubyEventStore::ActiveRecord::Event Insert (5.3ms)[0m  [1m[32mINSERT INTO "event_store_events" ("event_id","data","metadata","event_type","created_at","valid_at") VALUES ('da74fb4b-e04a-4741-9814-16c3ead9b6a8', '\x2d2d2d0a3a6576656e745f69643a2073616d706c652d6576656e742d310a3a757365725f69643a2030363233333762342d653365362d343336312d613135352d3262326434663066326337310a', '\x2d2d2d0a3a636f7272656c6174696f6e5f69643a2063373836353465652d356363382d346130332d383866352d3932306234623530353335330a', 'Events::EventUpvoted', '2026-05-06 06:44:57.568424', NULL) RETURNING "id" /*action='upvote',application='BillettoAssignment',controller='events'*/[0m
  ↳ app/domain/events/vote_command.rb:23:in `call'
  [1m[36mTRANSACTION (2.5ms)[0m  [1m[35mCOMMIT /*action='upvote',application='BillettoAssignment',controller='events'*/[0m
  ↳ app/domain/events/vote_command.rb:23:in `call'
  [1m[36mEvent Update All (4.0ms)[0m  [1m[33mUPDATE "events" SET "upvotes_count" = COALESCE("events"."upvotes_count", 0) + 1 WHERE "events"."id" = 1 /*action='upvote',application='BillettoAssignment',controller='events'*/[0m
  ↳ app/domain/events/vote_command.rb:31:in `call'
Redirected to http://localhost:3000/events/1
↳ app/controllers/events_controller.rb:26:in `upvote'
Completed 302 Found in 61ms (ActiveRecord: 16.5ms (4 queries, 0 cached) | GC: 1.4ms)


Started GET "/events/1" for ::1 at 2026-05-06 12:14:57 +0530
Processing by EventsController#show as HTML
  Parameters: {"id"=>"1"}
  [1m[36mEvent Load (1.9ms)[0m  [1m[34mSELECT "events".* FROM "events" WHERE "events"."id" = 1 LIMIT 1 /*action='show',application='BillettoAssignment',controller='events'*/[0m
  ↳ app/controllers/events_controller.rb:49:in `set_event'
  Rendering layout layouts/application.html.erb
  Rendering events/show.html.erb within layouts/application
  Rendered events/show.html.erb within layouts/application (Duration: 6.8ms | GC: 0.0ms)
  Rendered layout layouts/application.html.erb (Duration: 11.4ms | GC: 0.0ms)
Completed 200 OK in 25ms (Views: 13.8ms | ActiveRecord: 1.8ms (1 query, 0 cached) | GC: 1.2ms)


Started POST "/events/1/upvote" for ::1 at 2026-05-06 12:14:57 +0530
Processing by EventsController#upvote as HTML
  Parameters: {"authenticity_token"=>"[FILTERED]", "commit"=>"👍 Upvote", "id"=>"1"}
  [1m[36mEvent Load (1.1ms)[0m  [1m[34mSELECT "events".* FROM "events" WHERE "events"."id" = 1 LIMIT 1 /*action='upvote',application='BillettoAssignment',controller='events'*/[0m
  ↳ app/controllers/events_controller.rb:49:in `set_event'
  [1m[36mEvent Load (0.5ms)[0m  [1m[34mSELECT "events".* FROM "events" WHERE "events"."external_id" = 'sample-event-1' LIMIT 1 /*action='upvote',application='BillettoAssignment',controller='events'*/[0m
  ↳ app/domain/events/vote_command.rb:16:in `call'
  [1m[36mTRANSACTION (0.3ms)[0m  [1m[35mBEGIN /*action='upvote',application='BillettoAssignment',controller='events'*/[0m
  ↳ app/domain/events/vote_command.rb:23:in `call'
  [1m[36mRubyEventStore::ActiveRecord::Event Insert (3.9ms)[0m  [1m[32mINSERT INTO "event_store_events" ("event_id","data","metadata","event_type","created_at","valid_at") VALUES ('72d7ca6d-6c60-4fa5-a772-ae501e3619c8', '\x2d2d2d0a3a6576656e745f69643a2073616d706c652d6576656e742d310a3a757365725f69643a2030363233333762342d653365362d343336312d613135352d3262326434663066326337310a', '\x2d2d2d0a3a636f7272656c6174696f6e5f69643a2036306630396432312d396535342d343964652d623737392d6537363066643861396630330a', 'Events::EventUpvoted', '2026-05-06 06:44:57.681746', NULL) RETURNING "id" /*action='upvote',application='BillettoAssignment',controller='events'*/[0m
  ↳ app/domain/events/vote_command.rb:23:in `call'
  [1m[36mTRANSACTION (1.0ms)[0m  [1m[35mCOMMIT /*action='upvote',application='BillettoAssignment',controller='events'*/[0m
  ↳ app/domain/events/vote_command.rb:23:in `call'
  [1m[36mEvent Update All (1.1ms)[0m  [1m[33mUPDATE "events" SET "upvotes_count" = COALESCE("events"."upvotes_count", 0) + 1 WHERE "events"."id" = 1 /*action='upvote',application='BillettoAssignment',controller='events'*/[0m
  ↳ app/domain/events/vote_command.rb:31:in `call'
Redirected to http://localhost:3000/events/1
↳ app/controllers/events_controller.rb:26:in `upvote'
Completed 302 Found in 29ms (ActiveRecord: 8.0ms (4 queries, 0 cached) | GC: 11.2ms)


Started GET "/events/1" for ::1 at 2026-05-06 12:14:57 +0530
Processing by EventsController#show as HTML
  Parameters: {"id"=>"1"}
  [1m[36mEvent Load (0.5ms)[0m  [1m[34mSELECT "events".* FROM "events" WHERE "events"."id" = 1 LIMIT 1 /*action='show',application='BillettoAssignment',controller='events'*/[0m
  ↳ app/controllers/events_controller.rb:49:in `set_event'
  Rendering layout layouts/application.html.erb
  Rendering events/show.html.erb within layouts/application
  Rendered events/show.html.erb within layouts/application (Duration: 3.3ms | GC: 1.5ms)
  Rendered layout layouts/application.html.erb (Duration: 5.5ms | GC: 2.3ms)
Completed 200 OK in 11ms (Views: 6.9ms | ActiveRecord: 0.5ms (1 query, 0 cached) | GC: 4.3ms)


Started GET "/events" for ::1 at 2026-05-06 12:14:59 +0530
Processing by EventsController#index as HTML
  Rendering layout layouts/application.html.erb
  Rendering events/index.html.erb within layouts/application
  [1m[36mEvent Exists? (1.4ms)[0m  [1m[34mSELECT 1 AS one FROM "events" LIMIT 1 OFFSET 0 /*action='index',application='BillettoAssignment',controller='events'*/[0m
  ↳ app/views/events/index.html.erb:11
  [1m[36mEvent Load (2.0ms)[0m  [1m[34mSELECT "events".* FROM "events" ORDER BY "events"."start_date" ASC LIMIT 12 OFFSET 0 /*action='index',application='BillettoAssignment',controller='events'*/[0m
  ↳ app/views/events/index.html.erb:22
  [1m[36mEvent Count (0.8ms)[0m  [1m[34mSELECT COUNT(*) FROM "events" /*action='index',application='BillettoAssignment',controller='events'*/[0m
  ↳ app/views/events/index.html.erb:76
  Rendered events/index.html.erb within layouts/application (Duration: 71.4ms | GC: 3.6ms)
  Rendered layout layouts/application.html.erb (Duration: 73.8ms | GC: 3.6ms)
Completed 200 OK in 79ms (Views: 71.8ms | ActiveRecord: 4.2ms (3 queries, 0 cached) | GC: 3.6ms)


Started GET "/?page=5" for ::1 at 2026-05-06 12:15:03 +0530
Processing by EventsController#index as HTML
  Parameters: {"page"=>"5"}
  Rendering layout layouts/application.html.erb
  Rendering events/index.html.erb within layouts/application
  [1m[36mEvent Exists? (1.3ms)[0m  [1m[34mSELECT 1 AS one FROM "events" LIMIT 1 OFFSET 48 /*action='index',application='BillettoAssignment',controller='events'*/[0m
  ↳ app/views/events/index.html.erb:11
  [1m[36mEvent Load (1.4ms)[0m  [1m[34mSELECT "events".* FROM "events" ORDER BY "events"."start_date" ASC LIMIT 12 OFFSET 48 /*action='index',application='BillettoAssignment',controller='events'*/[0m
  ↳ app/views/events/index.html.erb:22
  Rendered events/index.html.erb within layouts/application (Duration: 51.4ms | GC: 1.7ms)
  Rendered layout layouts/application.html.erb (Duration: 54.4ms | GC: 1.7ms)
Completed 200 OK in 60ms (Views: 53.6ms | ActiveRecord: 2.6ms (2 queries, 0 cached) | GC: 1.7ms)


Started POST "/events/50/upvote" for ::1 at 2026-05-06 12:15:05 +0530
Processing by EventsController#upvote as HTML
  Parameters: {"authenticity_token"=>"[FILTERED]", "commit"=>"👍", "id"=>"50"}
  [1m[36mEvent Load (1.8ms)[0m  [1m[34mSELECT "events".* FROM "events" WHERE "events"."id" = 50 LIMIT 1 /*action='upvote',application='BillettoAssignment',controller='events'*/[0m
  ↳ app/controllers/events_controller.rb:49:in `set_event'
  [1m[36mEvent Load (2.2ms)[0m  [1m[34mSELECT "events".* FROM "events" WHERE "events"."external_id" = 'sample-event-fafc7191' LIMIT 1 /*action='upvote',application='BillettoAssignment',controller='events'*/[0m
  ↳ app/domain/events/vote_command.rb:16:in `call'
  [1m[36mTRANSACTION (0.8ms)[0m  [1m[35mBEGIN /*action='upvote',application='BillettoAssignment',controller='events'*/[0m
  ↳ app/domain/events/vote_command.rb:23:in `call'
  [1m[36mRubyEventStore::ActiveRecord::Event Insert (9.1ms)[0m  [1m[32mINSERT INTO "event_store_events" ("event_id","data","metadata","event_type","created_at","valid_at") VALUES ('07eefc5a-44cd-412d-9551-1509397aeffe', '\x2d2d2d0a3a6576656e745f69643a2073616d706c652d6576656e742d66616663373139310a3a757365725f69643a2030363233333762342d653365362d343336312d613135352d3262326434663066326337310a', '\x2d2d2d0a3a636f7272656c6174696f6e5f69643a2035656536306532332d316135342d346563302d626131372d3964646532336138643466370a', 'Events::EventUpvoted', '2026-05-06 06:45:05.166130', NULL) RETURNING "id" /*action='upvote',application='BillettoAssignment',controller='events'*/[0m
  ↳ app/domain/events/vote_command.rb:23:in `call'
  [1m[36mTRANSACTION (2.3ms)[0m  [1m[35mCOMMIT /*action='upvote',application='BillettoAssignment',controller='events'*/[0m
  ↳ app/domain/events/vote_command.rb:23:in `call'
  [1m[36mEvent Update All (5.3ms)[0m  [1m[33mUPDATE "events" SET "upvotes_count" = COALESCE("events"."upvotes_count", 0) + 1 WHERE "events"."id" = 50 /*action='upvote',application='BillettoAssignment',controller='events'*/[0m
  ↳ app/domain/events/vote_command.rb:31:in `call'
Redirected to http://localhost:3000/events/50
↳ app/controllers/events_controller.rb:26:in `upvote'
Completed 302 Found in 64ms (ActiveRecord: 21.4ms (4 queries, 0 cached) | GC: 2.1ms)


Started GET "/events/50" for ::1 at 2026-05-06 12:15:05 +0530
Processing by EventsController#show as HTML
  Parameters: {"id"=>"50"}
  [1m[36mEvent Load (0.8ms)[0m  [1m[34mSELECT "events".* FROM "events" WHERE "events"."id" = 50 LIMIT 1 /*action='show',application='BillettoAssignment',controller='events'*/[0m
  ↳ app/controllers/events_controller.rb:49:in `set_event'
  Rendering layout layouts/application.html.erb
  Rendering events/show.html.erb within layouts/application
  Rendered events/show.html.erb within layouts/application (Duration: 3.8ms | GC: 0.0ms)
  Rendered layout layouts/application.html.erb (Duration: 6.6ms | GC: 0.3ms)
Completed 200 OK in 14ms (Views: 7.9ms | ActiveRecord: 0.8ms (1 query, 0 cached) | GC: 0.3ms)


Started POST "/events/50/upvote" for ::1 at 2026-05-06 12:15:06 +0530
Processing by EventsController#upvote as HTML
  Parameters: {"authenticity_token"=>"[FILTERED]", "commit"=>"👍 Upvote", "id"=>"50"}
  [1m[36mEvent Load (0.8ms)[0m  [1m[34mSELECT "events".* FROM "events" WHERE "events"."id" = 50 LIMIT 1 /*action='upvote',application='BillettoAssignment',controller='events'*/[0m
  ↳ app/controllers/events_controller.rb:49:in `set_event'
  [1m[36mEvent Load (0.7ms)[0m  [1m[34mSELECT "events".* FROM "events" WHERE "events"."external_id" = 'sample-event-fafc7191' LIMIT 1 /*action='upvote',application='BillettoAssignment',controller='events'*/[0m
  ↳ app/domain/events/vote_command.rb:16:in `call'
  [1m[36mTRANSACTION (0.3ms)[0m  [1m[35mBEGIN /*action='upvote',application='BillettoAssignment',controller='events'*/[0m
  ↳ app/domain/events/vote_command.rb:23:in `call'
  [1m[36mRubyEventStore::ActiveRecord::Event Insert (2.2ms)[0m  [1m[32mINSERT INTO "event_store_events" ("event_id","data","metadata","event_type","created_at","valid_at") VALUES ('0256bd33-81e9-46c2-825e-683506014d10', '\x2d2d2d0a3a6576656e745f69643a2073616d706c652d6576656e742d66616663373139310a3a757365725f69643a2030363233333762342d653365362d343336312d613135352d3262326434663066326337310a', '\x2d2d2d0a3a636f7272656c6174696f6e5f69643a2064653864623436622d316162652d346634652d383338392d3835356566373938303165620a', 'Events::EventUpvoted', '2026-05-06 06:45:06.604666', NULL) RETURNING "id" /*action='upvote',application='BillettoAssignment',controller='events'*/[0m
  ↳ app/domain/events/vote_command.rb:23:in `call'
  [1m[36mTRANSACTION (1.3ms)[0m  [1m[35mCOMMIT /*action='upvote',application='BillettoAssignment',controller='events'*/[0m
  ↳ app/domain/events/vote_command.rb:23:in `call'
  [1m[36mEvent Update All (1.6ms)[0m  [1m[33mUPDATE "events" SET "upvotes_count" = COALESCE("events"."upvotes_count", 0) + 1 WHERE "events"."id" = 50 /*action='upvote',application='BillettoAssignment',controller='events'*/[0m
  ↳ app/domain/events/vote_command.rb:31:in `call'
Redirected to http://localhost:3000/events/50
↳ app/controllers/events_controller.rb:26:in `upvote'
Completed 302 Found in 21ms (ActiveRecord: 6.7ms (4 queries, 0 cached) | GC: 0.3ms)


Started GET "/events/50" for ::1 at 2026-05-06 12:15:06 +0530
Processing by EventsController#show as HTML
  Parameters: {"id"=>"50"}
  [1m[36mEvent Load (0.6ms)[0m  [1m[34mSELECT "events".* FROM "events" WHERE "events"."id" = 50 LIMIT 1 /*action='show',application='BillettoAssignment',controller='events'*/[0m
  ↳ app/controllers/events_controller.rb:49:in `set_event'
  Rendering layout layouts/application.html.erb
  Rendering events/show.html.erb within layouts/application
  Rendered events/show.html.erb within layouts/application (Duration: 2.8ms | GC: 0.0ms)
  Rendered layout layouts/application.html.erb (Duration: 4.0ms | GC: 0.0ms)
Completed 200 OK in 9ms (Views: 4.8ms | ActiveRecord: 0.5ms (1 query, 0 cached) | GC: 0.3ms)


Started POST "/events/50/upvote" for ::1 at 2026-05-06 12:15:06 +0530
Processing by EventsController#upvote as HTML
  Parameters: {"authenticity_token"=>"[FILTERED]", "commit"=>"👍 Upvote", "id"=>"50"}
  [1m[36mEvent Load (2.2ms)[0m  [1m[34mSELECT "events".* FROM "events" WHERE "events"."id" = 50 LIMIT 1 /*action='upvote',application='BillettoAssignment',controller='events'*/[0m
  ↳ app/controllers/events_controller.rb:49:in `set_event'
  [1m[36mEvent Load (3.3ms)[0m  [1m[34mSELECT "events".* FROM "events" WHERE "events"."external_id" = 'sample-event-fafc7191' LIMIT 1 /*action='upvote',application='BillettoAssignment',controller='events'*/[0m
  ↳ app/domain/events/vote_command.rb:16:in `call'
  [1m[36mTRANSACTION (0.8ms)[0m  [1m[35mBEGIN /*action='upvote',application='BillettoAssignment',controller='events'*/[0m
  ↳ app/domain/events/vote_command.rb:23:in `call'
  [1m[36mRubyEventStore::ActiveRecord::Event Insert (9.0ms)[0m  [1m[32mINSERT INTO "event_store_events" ("event_id","data","metadata","event_type","created_at","valid_at") VALUES ('04b92333-bad6-4e67-a36e-f8864e2801cc', '\x2d2d2d0a3a6576656e745f69643a2073616d706c652d6576656e742d66616663373139310a3a757365725f69643a2030363233333762342d653365362d343336312d613135352d3262326434663066326337310a', '\x2d2d2d0a3a636f7272656c6174696f6e5f69643a2038316134643164632d333739662d343438392d623338652d3933663333306562653637300a', 'Events::EventUpvoted', '2026-05-06 06:45:06.963409', NULL) RETURNING "id" /*action='upvote',application='BillettoAssignment',controller='events'*/[0m
  ↳ app/domain/events/vote_command.rb:23:in `call'
  [1m[36mTRANSACTION (1.9ms)[0m  [1m[35mCOMMIT /*action='upvote',application='BillettoAssignment',controller='events'*/[0m
  ↳ app/domain/events/vote_command.rb:23:in `call'
  [1m[36mEvent Update All (2.4ms)[0m  [1m[33mUPDATE "events" SET "upvotes_count" = COALESCE("events"."upvotes_count", 0) + 1 WHERE "events"."id" = 50 /*action='upvote',application='BillettoAssignment',controller='events'*/[0m
  ↳ app/domain/events/vote_command.rb:31:in `call'
Redirected to http://localhost:3000/events/50
↳ app/controllers/events_controller.rb:26:in `upvote'
Completed 302 Found in 60ms (ActiveRecord: 19.5ms (4 queries, 0 cached) | GC: 0.9ms)


Started GET "/events/50" for ::1 at 2026-05-06 12:15:07 +0530
Processing by EventsController#show as HTML
  Parameters: {"id"=>"50"}
  [1m[36mEvent Load (1.2ms)[0m  [1m[34mSELECT "events".* FROM "events" WHERE "events"."id" = 50 LIMIT 1 /*action='show',application='BillettoAssignment',controller='events'*/[0m
  ↳ app/controllers/events_controller.rb:49:in `set_event'
  Rendering layout layouts/application.html.erb
  Rendering events/show.html.erb within layouts/application
  Rendered events/show.html.erb within layouts/application (Duration: 4.5ms | GC: 0.0ms)
  Rendered layout layouts/application.html.erb (Duration: 7.3ms | GC: 0.0ms)
Completed 200 OK in 15ms (Views: 8.3ms | ActiveRecord: 1.2ms (1 query, 0 cached) | GC: 0.0ms)


Started POST "/events/50/upvote" for ::1 at 2026-05-06 12:15:07 +0530
Processing by EventsController#upvote as HTML
  Parameters: {"authenticity_token"=>"[FILTERED]", "commit"=>"👍 Upvote", "id"=>"50"}
  [1m[36mEvent Load (2.4ms)[0m  [1m[34mSELECT "events".* FROM "events" WHERE "events"."id" = 50 LIMIT 1 /*action='upvote',application='BillettoAssignment',controller='events'*/[0m
  ↳ app/controllers/events_controller.rb:49:in `set_event'
  [1m[36mEvent Load (1.5ms)[0m  [1m[34mSELECT "events".* FROM "events" WHERE "events"."external_id" = 'sample-event-fafc7191' LIMIT 1 /*action='upvote',application='BillettoAssignment',controller='events'*/[0m
  ↳ app/domain/events/vote_command.rb:16:in `call'
  [1m[36mTRANSACTION (0.8ms)[0m  [1m[35mBEGIN /*action='upvote',application='BillettoAssignment',controller='events'*/[0m
  ↳ app/domain/events/vote_command.rb:23:in `call'
  [1m[36mRubyEventStore::ActiveRecord::Event Insert (7.8ms)[0m  [1m[32mINSERT INTO "event_store_events" ("event_id","data","metadata","event_type","created_at","valid_at") VALUES ('1f91e64c-13a4-4824-a40d-1aeede610d3a', '\x2d2d2d0a3a6576656e745f69643a2073616d706c652d6576656e742d66616663373139310a3a757365725f69643a2030363233333762342d653365362d343336312d613135352d3262326434663066326337310a', '\x2d2d2d0a3a636f7272656c6174696f6e5f69643a202730343434313863312d316463322d343939612d623134622d306264323031616133393961270a', 'Events::EventUpvoted', '2026-05-06 06:45:07.304614', NULL) RETURNING "id" /*action='upvote',application='BillettoAssignment',controller='events'*/[0m
  ↳ app/domain/events/vote_command.rb:23:in `call'
  [1m[36mTRANSACTION (1.7ms)[0m  [1m[35mCOMMIT /*action='upvote',application='BillettoAssignment',controller='events'*/[0m
  ↳ app/domain/events/vote_command.rb:23:in `call'
  [1m[36mEvent Update All (2.7ms)[0m  [1m[33mUPDATE "events" SET "upvotes_count" = COALESCE("events"."upvotes_count", 0) + 1 WHERE "events"."id" = 50 /*action='upvote',application='BillettoAssignment',controller='events'*/[0m
  ↳ app/domain/events/vote_command.rb:31:in `call'
Redirected to http://localhost:3000/events/50
↳ app/controllers/events_controller.rb:26:in `upvote'
Completed 302 Found in 56ms (ActiveRecord: 16.6ms (4 queries, 0 cached) | GC: 0.0ms)


Started GET "/events/50" for ::1 at 2026-05-06 12:15:07 +0530
Processing by EventsController#show as HTML
  Parameters: {"id"=>"50"}
  [1m[36mEvent Load (0.9ms)[0m  [1m[34mSELECT "events".* FROM "events" WHERE "events"."id" = 50 LIMIT 1 /*action='show',application='BillettoAssignment',controller='events'*/[0m
  ↳ app/controllers/events_controller.rb:49:in `set_event'
  Rendering layout layouts/application.html.erb
  Rendering events/show.html.erb within layouts/application
  Rendered events/show.html.erb within layouts/application (Duration: 3.0ms | GC: 0.0ms)
  Rendered layout layouts/application.html.erb (Duration: 5.7ms | GC: 0.3ms)
Completed 200 OK in 12ms (Views: 6.5ms | ActiveRecord: 0.9ms (1 query, 0 cached) | GC: 0.3ms)


Started POST "/events/50/upvote" for ::1 at 2026-05-06 12:15:07 +0530
Processing by EventsController#upvote as HTML
  Parameters: {"authenticity_token"=>"[FILTERED]", "commit"=>"👍 Upvote", "id"=>"50"}
  [1m[36mEvent Load (3.2ms)[0m  [1m[34mSELECT "events".* FROM "events" WHERE "events"."id" = 50 LIMIT 1 /*action='upvote',application='BillettoAssignment',controller='events'*/[0m
  ↳ app/controllers/events_controller.rb:49:in `set_event'
  [1m[36mEvent Load (1.7ms)[0m  [1m[34mSELECT "events".* FROM "events" WHERE "events"."external_id" = 'sample-event-fafc7191' LIMIT 1 /*action='upvote',application='BillettoAssignment',controller='events'*/[0m
  ↳ app/domain/events/vote_command.rb:16:in `call'
  [1m[36mTRANSACTION (0.8ms)[0m  [1m[35mBEGIN /*action='upvote',application='BillettoAssignment',controller='events'*/[0m
  ↳ app/domain/events/vote_command.rb:23:in `call'
  [1m[36mRubyEventStore::ActiveRecord::Event Insert (8.0ms)[0m  [1m[32mINSERT INTO "event_store_events" ("event_id","data","metadata","event_type","created_at","valid_at") VALUES ('ea5012a0-7b5f-4735-b086-db2c61471d7a', '\x2d2d2d0a3a6576656e745f69643a2073616d706c652d6576656e742d66616663373139310a3a757365725f69643a2030363233333762342d653365362d343336312d613135352d3262326434663066326337310a', '\x2d2d2d0a3a636f7272656c6174696f6e5f69643a2034353065383633382d643065652d346261372d613839392d3339366332373965616662340a', 'Events::EventUpvoted', '2026-05-06 06:45:07.642546', NULL) RETURNING "id" /*action='upvote',application='BillettoAssignment',controller='events'*/[0m
  ↳ app/domain/events/vote_command.rb:23:in `call'
  [1m[36mTRANSACTION (2.2ms)[0m  [1m[35mCOMMIT /*action='upvote',application='BillettoAssignment',controller='events'*/[0m
  ↳ app/domain/events/vote_command.rb:23:in `call'
  [1m[36mEvent Update All (2.5ms)[0m  [1m[33mUPDATE "events" SET "upvotes_count" = COALESCE("events"."upvotes_count", 0) + 1 WHERE "events"."id" = 50 /*action='upvote',application='BillettoAssignment',controller='events'*/[0m
  ↳ app/domain/events/vote_command.rb:31:in `call'
Redirected to http://localhost:3000/events/50
↳ app/controllers/events_controller.rb:26:in `upvote'
Completed 302 Found in 60ms (ActiveRecord: 18.0ms (4 queries, 0 cached) | GC: 0.9ms)


Started GET "/events/50" for ::1 at 2026-05-06 12:15:07 +0530
Processing by EventsController#show as HTML
  Parameters: {"id"=>"50"}
  [1m[36mEvent Load (1.3ms)[0m  [1m[34mSELECT "events".* FROM "events" WHERE "events"."id" = 50 LIMIT 1 /*action='show',application='BillettoAssignment',controller='events'*/[0m
  ↳ app/controllers/events_controller.rb:49:in `set_event'
  Rendering layout layouts/application.html.erb
  Rendering events/show.html.erb within layouts/application
  Rendered events/show.html.erb within layouts/application (Duration: 4.8ms | GC: 0.0ms)
  Rendered layout layouts/application.html.erb (Duration: 7.7ms | GC: 0.0ms)
Completed 200 OK in 21ms (Views: 10.4ms | ActiveRecord: 1.3ms (1 query, 0 cached) | GC: 0.0ms)


Started POST "/events/50/upvote" for ::1 at 2026-05-06 12:15:07 +0530
Processing by EventsController#upvote as HTML
  Parameters: {"authenticity_token"=>"[FILTERED]", "commit"=>"👍 Upvote", "id"=>"50"}
  [1m[36mEvent Load (2.1ms)[0m  [1m[34mSELECT "events".* FROM "events" WHERE "events"."id" = 50 LIMIT 1 /*action='upvote',application='BillettoAssignment',controller='events'*/[0m
  ↳ app/controllers/events_controller.rb:49:in `set_event'
  [1m[36mEvent Load (1.8ms)[0m  [1m[34mSELECT "events".* FROM "events" WHERE "events"."external_id" = 'sample-event-fafc7191' LIMIT 1 /*action='upvote',application='BillettoAssignment',controller='events'*/[0m
  ↳ app/domain/events/vote_command.rb:16:in `call'
  [1m[36mTRANSACTION (2.7ms)[0m  [1m[35mBEGIN /*action='upvote',application='BillettoAssignment',controller='events'*/[0m
  ↳ app/domain/events/vote_command.rb:23:in `call'
  [1m[36mRubyEventStore::ActiveRecord::Event Insert (10.3ms)[0m  [1m[32mINSERT INTO "event_store_events" ("event_id","data","metadata","event_type","created_at","valid_at") VALUES ('d2be7138-824f-437f-a0ce-c546c8ba1278', '\x2d2d2d0a3a6576656e745f69643a2073616d706c652d6576656e742d66616663373139310a3a757365725f69643a2030363233333762342d653365362d343336312d613135352d3262326434663066326337310a', '\x2d2d2d0a3a636f7272656c6174696f6e5f69643a2037333836333134632d623034362d343637642d396234632d3366633637383836646363640a', 'Events::EventUpvoted', '2026-05-06 06:45:07.994836', NULL) RETURNING "id" /*action='upvote',application='BillettoAssignment',controller='events'*/[0m
  ↳ app/domain/events/vote_command.rb:23:in `call'
  [1m[36mTRANSACTION (3.6ms)[0m  [1m[35mCOMMIT /*action='upvote',application='BillettoAssignment',controller='events'*/[0m
  ↳ app/domain/events/vote_command.rb:23:in `call'
  [1m[36mEvent Update All (2.6ms)[0m  [1m[33mUPDATE "events" SET "upvotes_count" = COALESCE("events"."upvotes_count", 0) + 1 WHERE "events"."id" = 50 /*action='upvote',application='BillettoAssignment',controller='events'*/[0m
  ↳ app/domain/events/vote_command.rb:31:in `call'
Redirected to http://localhost:3000/events/50
↳ app/controllers/events_controller.rb:26:in `upvote'
Completed 302 Found in 65ms (ActiveRecord: 22.8ms (4 queries, 0 cached) | GC: 0.9ms)


Started GET "/events/50" for ::1 at 2026-05-06 12:15:08 +0530
Processing by EventsController#show as HTML
  Parameters: {"id"=>"50"}
  [1m[36mEvent Load (0.9ms)[0m  [1m[34mSELECT "events".* FROM "events" WHERE "events"."id" = 50 LIMIT 1 /*action='show',application='BillettoAssignment',controller='events'*/[0m
  ↳ app/controllers/events_controller.rb:49:in `set_event'
  Rendering layout layouts/application.html.erb
  Rendering events/show.html.erb within layouts/application
  Rendered events/show.html.erb within layouts/application (Duration: 3.9ms | GC: 0.0ms)
  Rendered layout layouts/application.html.erb (Duration: 6.5ms | GC: 0.4ms)
Completed 200 OK in 14ms (Views: 7.6ms | ActiveRecord: 0.9ms (1 query, 0 cached) | GC: 0.4ms)


Started POST "/events/50/upvote" for ::1 at 2026-05-06 12:15:08 +0530
Processing by EventsController#upvote as HTML
  Parameters: {"authenticity_token"=>"[FILTERED]", "commit"=>"👍 Upvote", "id"=>"50"}
  [1m[36mEvent Load (1.9ms)[0m  [1m[34mSELECT "events".* FROM "events" WHERE "events"."id" = 50 LIMIT 1 /*action='upvote',application='BillettoAssignment',controller='events'*/[0m
  ↳ app/controllers/events_controller.rb:49:in `set_event'
  [1m[36mEvent Load (1.9ms)[0m  [1m[34mSELECT "events".* FROM "events" WHERE "events"."external_id" = 'sample-event-fafc7191' LIMIT 1 /*action='upvote',application='BillettoAssignment',controller='events'*/[0m
  ↳ app/domain/events/vote_command.rb:16:in `call'
  [1m[36mTRANSACTION (0.8ms)[0m  [1m[35mBEGIN /*action='upvote',application='BillettoAssignment',controller='events'*/[0m
  ↳ app/domain/events/vote_command.rb:23:in `call'
  [1m[36mRubyEventStore::ActiveRecord::Event Insert (6.5ms)[0m  [1m[32mINSERT INTO "event_store_events" ("event_id","data","metadata","event_type","created_at","valid_at") VALUES ('d8277ab3-a6fd-45e4-bc5c-8d0dfbbe9f5e', '\x2d2d2d0a3a6576656e745f69643a2073616d706c652d6576656e742d66616663373139310a3a757365725f69643a2030363233333762342d653365362d343336312d613135352d3262326434663066326337310a', '\x2d2d2d0a3a636f7272656c6174696f6e5f69643a2031663933346161342d306637342d343838612d386539662d3761336635383762343564300a', 'Events::EventUpvoted', '2026-05-06 06:45:08.346755', NULL) RETURNING "id" /*action='upvote',application='BillettoAssignment',controller='events'*/[0m
  ↳ app/domain/events/vote_command.rb:23:in `call'
  [1m[36mTRANSACTION (1.8ms)[0m  [1m[35mCOMMIT /*action='upvote',application='BillettoAssignment',controller='events'*/[0m
  ↳ app/domain/events/vote_command.rb:23:in `call'
  [1m[36mEvent Update All (2.0ms)[0m  [1m[33mUPDATE "events" SET "upvotes_count" = COALESCE("events"."upvotes_count", 0) + 1 WHERE "events"."id" = 50 /*action='upvote',application='BillettoAssignment',controller='events'*/[0m
  ↳ app/domain/events/vote_command.rb:31:in `call'
Redirected to http://localhost:3000/events/50
↳ app/controllers/events_controller.rb:26:in `upvote'
Completed 302 Found in 55ms (ActiveRecord: 14.5ms (4 queries, 0 cached) | GC: 0.0ms)


Started GET "/events/50" for ::1 at 2026-05-06 12:15:08 +0530
Processing by EventsController#show as HTML
  Parameters: {"id"=>"50"}
  [1m[36mEvent Load (0.6ms)[0m  [1m[34mSELECT "events".* FROM "events" WHERE "events"."id" = 50 LIMIT 1 /*action='show',application='BillettoAssignment',controller='events'*/[0m
  ↳ app/controllers/events_controller.rb:49:in `set_event'
  Rendering layout layouts/application.html.erb
  Rendering events/show.html.erb within layouts/application
  Rendered events/show.html.erb within layouts/application (Duration: 2.8ms | GC: 0.0ms)
  Rendered layout layouts/application.html.erb (Duration: 4.4ms | GC: 0.0ms)
Completed 200 OK in 9ms (Views: 5.2ms | ActiveRecord: 0.6ms (1 query, 0 cached) | GC: 0.0ms)


Started POST "/events/50/upvote" for ::1 at 2026-05-06 12:15:08 +0530
Processing by EventsController#upvote as HTML
  Parameters: {"authenticity_token"=>"[FILTERED]", "commit"=>"👍 Upvote", "id"=>"50"}
  [1m[36mEvent Load (1.8ms)[0m  [1m[34mSELECT "events".* FROM "events" WHERE "events"."id" = 50 LIMIT 1 /*action='upvote',application='BillettoAssignment',controller='events'*/[0m
  ↳ app/controllers/events_controller.rb:49:in `set_event'
  [1m[36mEvent Load (2.4ms)[0m  [1m[34mSELECT "events".* FROM "events" WHERE "events"."external_id" = 'sample-event-fafc7191' LIMIT 1 /*action='upvote',application='BillettoAssignment',controller='events'*/[0m
  ↳ app/domain/events/vote_command.rb:16:in `call'
  [1m[36mTRANSACTION (0.9ms)[0m  [1m[35mBEGIN /*action='upvote',application='BillettoAssignment',controller='events'*/[0m
  ↳ app/domain/events/vote_command.rb:23:in `call'
  [1m[36mRubyEventStore::ActiveRecord::Event Insert (8.6ms)[0m  [1m[32mINSERT INTO "event_store_events" ("event_id","data","metadata","event_type","created_at","valid_at") VALUES ('112f625b-5ced-4196-9e14-3c2bea232b87', '\x2d2d2d0a3a6576656e745f69643a2073616d706c652d6576656e742d66616663373139310a3a757365725f69643a2030363233333762342d653365362d343336312d613135352d3262326434663066326337310a', '\x2d2d2d0a3a636f7272656c6174696f6e5f69643a2066376161316134322d356464632d343638312d393735342d3666323063633737376436350a', 'Events::EventUpvoted', '2026-05-06 06:45:08.746001', NULL) RETURNING "id" /*action='upvote',application='BillettoAssignment',controller='events'*/[0m
  ↳ app/domain/events/vote_command.rb:23:in `call'
  [1m[36mTRANSACTION (1.3ms)[0m  [1m[35mCOMMIT /*action='upvote',application='BillettoAssignment',controller='events'*/[0m
  ↳ app/domain/events/vote_command.rb:23:in `call'
  [1m[36mEvent Update All (2.3ms)[0m  [1m[33mUPDATE "events" SET "upvotes_count" = COALESCE("events"."upvotes_count", 0) + 1 WHERE "events"."id" = 50 /*action='upvote',application='BillettoAssignment',controller='events'*/[0m
  ↳ app/domain/events/vote_command.rb:31:in `call'
Redirected to http://localhost:3000/events/50
↳ app/controllers/events_controller.rb:26:in `upvote'
Completed 302 Found in 55ms (ActiveRecord: 17.2ms (4 queries, 0 cached) | GC: 8.4ms)


Started GET "/events/50" for ::1 at 2026-05-06 12:15:08 +0530
Processing by EventsController#show as HTML
  Parameters: {"id"=>"50"}
  [1m[36mEvent Load (1.2ms)[0m  [1m[34mSELECT "events".* FROM "events" WHERE "events"."id" = 50 LIMIT 1 /*action='show',application='BillettoAssignment',controller='events'*/[0m
  ↳ app/controllers/events_controller.rb:49:in `set_event'
  Rendering layout layouts/application.html.erb
  Rendering events/show.html.erb within layouts/application
  Rendered events/show.html.erb within layouts/application (Duration: 5.2ms | GC: 1.0ms)
  Rendered layout layouts/application.html.erb (Duration: 8.3ms | GC: 1.0ms)
Completed 200 OK in 17ms (Views: 9.4ms | ActiveRecord: 1.2ms (1 query, 0 cached) | GC: 1.0ms)


Started POST "/events/50/upvote" for ::1 at 2026-05-06 12:15:09 +0530
Processing by EventsController#upvote as HTML
  Parameters: {"authenticity_token"=>"[FILTERED]", "commit"=>"👍 Upvote", "id"=>"50"}
  [1m[36mEvent Load (3.2ms)[0m  [1m[34mSELECT "events".* FROM "events" WHERE "events"."id" = 50 LIMIT 1 /*action='upvote',application='BillettoAssignment',controller='events'*/[0m
  ↳ app/controllers/events_controller.rb:49:in `set_event'
  [1m[36mEvent Load (1.3ms)[0m  [1m[34mSELECT "events".* FROM "events" WHERE "events"."external_id" = 'sample-event-fafc7191' LIMIT 1 /*action='upvote',application='BillettoAssignment',controller='events'*/[0m
  ↳ app/domain/events/vote_command.rb:16:in `call'
  [1m[36mTRANSACTION (0.8ms)[0m  [1m[35mBEGIN /*action='upvote',application='BillettoAssignment',controller='events'*/[0m
  ↳ app/domain/events/vote_command.rb:23:in `call'
  [1m[36mRubyEventStore::ActiveRecord::Event Insert (5.9ms)[0m  [1m[32mINSERT INTO "event_store_events" ("event_id","data","metadata","event_type","created_at","valid_at") VALUES ('4a4d09c3-42cf-4fe6-886b-f757c11e1a9a', '\x2d2d2d0a3a6576656e745f69643a2073616d706c652d6576656e742d66616663373139310a3a757365725f69643a2030363233333762342d653365362d343336312d613135352d3262326434663066326337310a', '\x2d2d2d0a3a636f7272656c6174696f6e5f69643a2039323062666430352d366233642d346432642d613039662d3038353138303663616461360a', 'Events::EventUpvoted', '2026-05-06 06:45:09.125164', NULL) RETURNING "id" /*action='upvote',application='BillettoAssignment',controller='events'*/[0m
  ↳ app/domain/events/vote_command.rb:23:in `call'
  [1m[36mTRANSACTION (2.3ms)[0m  [1m[35mCOMMIT /*action='upvote',application='BillettoAssignment',controller='events'*/[0m
  ↳ app/domain/events/vote_command.rb:23:in `call'
  [1m[36mEvent Update All (3.0ms)[0m  [1m[33mUPDATE "events" SET "upvotes_count" = COALESCE("events"."upvotes_count", 0) + 1 WHERE "events"."id" = 50 /*action='upvote',application='BillettoAssignment',controller='events'*/[0m
  ↳ app/domain/events/vote_command.rb:31:in `call'
Redirected to http://localhost:3000/events/50
↳ app/controllers/events_controller.rb:26:in `upvote'
Completed 302 Found in 59ms (ActiveRecord: 16.2ms (4 queries, 0 cached) | GC: 2.4ms)


Started GET "/events/50" for ::1 at 2026-05-06 12:15:09 +0530
Processing by EventsController#show as HTML
  Parameters: {"id"=>"50"}
  [1m[36mEvent Load (0.8ms)[0m  [1m[34mSELECT "events".* FROM "events" WHERE "events"."id" = 50 LIMIT 1 /*action='show',application='BillettoAssignment',controller='events'*/[0m
  ↳ app/controllers/events_controller.rb:49:in `set_event'
  Rendering layout layouts/application.html.erb
  Rendering events/show.html.erb within layouts/application
  Rendered events/show.html.erb within layouts/application (Duration: 2.7ms | GC: 0.0ms)
  Rendered layout layouts/application.html.erb (Duration: 5.1ms | GC: 0.0ms)
Completed 200 OK in 10ms (Views: 5.9ms | ActiveRecord: 0.8ms (1 query, 0 cached) | GC: 0.3ms)


Started GET "/events" for ::1 at 2026-05-06 12:15:10 +0530
Processing by EventsController#index as HTML
  Rendering layout layouts/application.html.erb
  Rendering events/index.html.erb within layouts/application
  [1m[36mEvent Exists? (0.7ms)[0m  [1m[34mSELECT 1 AS one FROM "events" LIMIT 1 OFFSET 0 /*action='index',application='BillettoAssignment',controller='events'*/[0m
  ↳ app/views/events/index.html.erb:11
  [1m[36mEvent Load (0.8ms)[0m  [1m[34mSELECT "events".* FROM "events" ORDER BY "events"."start_date" ASC LIMIT 12 OFFSET 0 /*action='index',application='BillettoAssignment',controller='events'*/[0m
  ↳ app/views/events/index.html.erb:22
  [1m[36mEvent Count (0.4ms)[0m  [1m[34mSELECT COUNT(*) FROM "events" /*action='index',application='BillettoAssignment',controller='events'*/[0m
  ↳ app/views/events/index.html.erb:76
  Rendered events/index.html.erb within layouts/application (Duration: 22.2ms | GC: 0.5ms)
  Rendered layout layouts/application.html.erb (Duration: 23.6ms | GC: 0.5ms)
Completed 200 OK in 27ms (Views: 22.8ms | ActiveRecord: 1.9ms (3 queries, 0 cached) | GC: 0.5ms)


Started POST "/events/7/upvote" for ::1 at 2026-05-06 12:15:13 +0530
Processing by EventsController#upvote as HTML
  Parameters: {"authenticity_token"=>"[FILTERED]", "commit"=>"👍", "id"=>"7"}
  [1m[36mEvent Load (2.0ms)[0m  [1m[34mSELECT "events".* FROM "events" WHERE "events"."id" = 7 LIMIT 1 /*action='upvote',application='BillettoAssignment',controller='events'*/[0m
  ↳ app/controllers/events_controller.rb:49:in `set_event'
  [1m[36mEvent Load (1.9ms)[0m  [1m[34mSELECT "events".* FROM "events" WHERE "events"."external_id" = 'sample-event-b65a94eb' LIMIT 1 /*action='upvote',application='BillettoAssignment',controller='events'*/[0m
  ↳ app/domain/events/vote_command.rb:16:in `call'
  [1m[36mTRANSACTION (0.8ms)[0m  [1m[35mBEGIN /*action='upvote',application='BillettoAssignment',controller='events'*/[0m
  ↳ app/domain/events/vote_command.rb:23:in `call'
  [1m[36mRubyEventStore::ActiveRecord::Event Insert (12.5ms)[0m  [1m[32mINSERT INTO "event_store_events" ("event_id","data","metadata","event_type","created_at","valid_at") VALUES ('c54f695e-4779-4d37-8d79-545228a86aa3', '\x2d2d2d0a3a6576656e745f69643a2073616d706c652d6576656e742d62363561393465620a3a757365725f69643a2030363233333762342d653365362d343336312d613135352d3262326434663066326337310a', '\x2d2d2d0a3a636f7272656c6174696f6e5f69643a2039366433366266622d646161362d343135642d396663312d3834633234663562643730640a', 'Events::EventUpvoted', '2026-05-06 06:45:13.622563', NULL) RETURNING "id" /*action='upvote',application='BillettoAssignment',controller='events'*/[0m
  ↳ app/domain/events/vote_command.rb:23:in `call'
  [1m[36mTRANSACTION (2.3ms)[0m  [1m[35mCOMMIT /*action='upvote',application='BillettoAssignment',controller='events'*/[0m
  ↳ app/domain/events/vote_command.rb:23:in `call'
  [1m[36mEvent Update All (1.5ms)[0m  [1m[33mUPDATE "events" SET "upvotes_count" = COALESCE("events"."upvotes_count", 0) + 1 WHERE "events"."id" = 7 /*action='upvote',application='BillettoAssignment',controller='events'*/[0m
  ↳ app/domain/events/vote_command.rb:31:in `call'
Redirected to http://localhost:3000/events/7
↳ app/controllers/events_controller.rb:26:in `upvote'
Completed 302 Found in 64ms (ActiveRecord: 20.8ms (4 queries, 0 cached) | GC: 1.3ms)


Started GET "/events/7" for ::1 at 2026-05-06 12:15:13 +0530
Processing by EventsController#show as HTML
  Parameters: {"id"=>"7"}
  [1m[36mEvent Load (0.7ms)[0m  [1m[34mSELECT "events".* FROM "events" WHERE "events"."id" = 7 LIMIT 1 /*action='show',application='BillettoAssignment',controller='events'*/[0m
  ↳ app/controllers/events_controller.rb:49:in `set_event'
  Rendering layout layouts/application.html.erb
  Rendering events/show.html.erb within layouts/application
  Rendered events/show.html.erb within layouts/application (Duration: 2.9ms | GC: 0.0ms)
  Rendered layout layouts/application.html.erb (Duration: 4.6ms | GC: 0.0ms)
Completed 200 OK in 10ms (Views: 5.8ms | ActiveRecord: 0.7ms (1 query, 0 cached) | GC: 0.4ms)


Started POST "/events/7/upvote" for ::1 at 2026-05-06 12:15:14 +0530
Processing by EventsController#upvote as HTML
  Parameters: {"authenticity_token"=>"[FILTERED]", "commit"=>"👍 Upvote", "id"=>"7"}
  [1m[36mEvent Load (0.9ms)[0m  [1m[34mSELECT "events".* FROM "events" WHERE "events"."id" = 7 LIMIT 1 /*action='upvote',application='BillettoAssignment',controller='events'*/[0m
  ↳ app/controllers/events_controller.rb:49:in `set_event'
  [1m[36mEvent Load (1.0ms)[0m  [1m[34mSELECT "events".* FROM "events" WHERE "events"."external_id" = 'sample-event-b65a94eb' LIMIT 1 /*action='upvote',application='BillettoAssignment',controller='events'*/[0m
  ↳ app/domain/events/vote_command.rb:16:in `call'
  [1m[36mTRANSACTION (0.3ms)[0m  [1m[35mBEGIN /*action='upvote',application='BillettoAssignment',controller='events'*/[0m
  ↳ app/domain/events/vote_command.rb:23:in `call'
  [1m[36mRubyEventStore::ActiveRecord::Event Insert (3.0ms)[0m  [1m[32mINSERT INTO "event_store_events" ("event_id","data","metadata","event_type","created_at","valid_at") VALUES ('0a2fb522-b15f-44de-9b0e-e50fc7472eac', '\x2d2d2d0a3a6576656e745f69643a2073616d706c652d6576656e742d62363561393465620a3a757365725f69643a2030363233333762342d653365362d343336312d613135352d3262326434663066326337310a', '\x2d2d2d0a3a636f7272656c6174696f6e5f69643a2061636366633265632d366363652d343232382d383565652d3661343131316638383765390a', 'Events::EventUpvoted', '2026-05-06 06:45:14.787230', NULL) RETURNING "id" /*action='upvote',application='BillettoAssignment',controller='events'*/[0m
  ↳ app/domain/events/vote_command.rb:23:in `call'
  [1m[36mTRANSACTION (1.1ms)[0m  [1m[35mCOMMIT /*action='upvote',application='BillettoAssignment',controller='events'*/[0m
  ↳ app/domain/events/vote_command.rb:23:in `call'
  [1m[36mEvent Update All (1.2ms)[0m  [1m[33mUPDATE "events" SET "upvotes_count" = COALESCE("events"."upvotes_count", 0) + 1 WHERE "events"."id" = 7 /*action='upvote',application='BillettoAssignment',controller='events'*/[0m
  ↳ app/domain/events/vote_command.rb:31:in `call'
Redirected to http://localhost:3000/events/7
↳ app/controllers/events_controller.rb:26:in `upvote'
Completed 302 Found in 25ms (ActiveRecord: 7.4ms (4 queries, 0 cached) | GC: 0.6ms)


Started GET "/events/7" for ::1 at 2026-05-06 12:15:14 +0530
Processing by EventsController#show as HTML
  Parameters: {"id"=>"7"}
  [1m[36mEvent Load (0.5ms)[0m  [1m[34mSELECT "events".* FROM "events" WHERE "events"."id" = 7 LIMIT 1 /*action='show',application='BillettoAssignment',controller='events'*/[0m
  ↳ app/controllers/events_controller.rb:49:in `set_event'
  Rendering layout layouts/application.html.erb
  Rendering events/show.html.erb within layouts/application
  Rendered events/show.html.erb within layouts/application (Duration: 1.9ms | GC: 0.0ms)
  Rendered layout layouts/application.html.erb (Duration: 3.3ms | GC: 0.0ms)
Completed 200 OK in 8ms (Views: 4.0ms | ActiveRecord: 0.5ms (1 query, 0 cached) | GC: 0.3ms)


Started POST "/events/7/upvote" for ::1 at 2026-05-06 12:15:15 +0530
Processing by EventsController#upvote as HTML
  Parameters: {"authenticity_token"=>"[FILTERED]", "commit"=>"👍 Upvote", "id"=>"7"}
  [1m[36mEvent Load (2.1ms)[0m  [1m[34mSELECT "events".* FROM "events" WHERE "events"."id" = 7 LIMIT 1 /*action='upvote',application='BillettoAssignment',controller='events'*/[0m
  ↳ app/controllers/events_controller.rb:49:in `set_event'
  [1m[36mEvent Load (2.4ms)[0m  [1m[34mSELECT "events".* FROM "events" WHERE "events"."external_id" = 'sample-event-b65a94eb' LIMIT 1 /*action='upvote',application='BillettoAssignment',controller='events'*/[0m
  ↳ app/domain/events/vote_command.rb:16:in `call'
  [1m[36mTRANSACTION (2.6ms)[0m  [1m[35mBEGIN /*action='upvote',application='BillettoAssignment',controller='events'*/[0m
  ↳ app/domain/events/vote_command.rb:23:in `call'
  [1m[36mRubyEventStore::ActiveRecord::Event Insert (8.6ms)[0m  [1m[32mINSERT INTO "event_store_events" ("event_id","data","metadata","event_type","created_at","valid_at") VALUES ('570b5ee6-8991-4216-a52c-31a7181620a8', '\x2d2d2d0a3a6576656e745f69643a2073616d706c652d6576656e742d62363561393465620a3a757365725f69643a2030363233333762342d653365362d343336312d613135352d3262326434663066326337310a', '\x2d2d2d0a3a636f7272656c6174696f6e5f69643a2035623435336365362d626438322d343935622d393730652d3233326236353232383261340a', 'Events::EventUpvoted', '2026-05-06 06:45:15.156742', NULL) RETURNING "id" /*action='upvote',application='BillettoAssignment',controller='events'*/[0m
  ↳ app/domain/events/vote_command.rb:23:in `call'
  [1m[36mTRANSACTION (1.5ms)[0m  [1m[35mCOMMIT /*action='upvote',application='BillettoAssignment',controller='events'*/[0m
  ↳ app/domain/events/vote_command.rb:23:in `call'
  [1m[36mEvent Update All (1.5ms)[0m  [1m[33mUPDATE "events" SET "upvotes_count" = COALESCE("events"."upvotes_count", 0) + 1 WHERE "events"."id" = 7 /*action='upvote',application='BillettoAssignment',controller='events'*/[0m
  ↳ app/domain/events/vote_command.rb:31:in `call'
Redirected to http://localhost:3000/events/7
↳ app/controllers/events_controller.rb:26:in `upvote'
Completed 302 Found in 52ms (ActiveRecord: 18.6ms (4 queries, 0 cached) | GC: 1.1ms)


Started GET "/events/7" for ::1 at 2026-05-06 12:15:15 +0530
Processing by EventsController#show as HTML
  Parameters: {"id"=>"7"}
  [1m[36mEvent Load (0.6ms)[0m  [1m[34mSELECT "events".* FROM "events" WHERE "events"."id" = 7 LIMIT 1 /*action='show',application='BillettoAssignment',controller='events'*/[0m
  ↳ app/controllers/events_controller.rb:49:in `set_event'
  Rendering layout layouts/application.html.erb
  Rendering events/show.html.erb within layouts/application
  Rendered events/show.html.erb within layouts/application (Duration: 2.0ms | GC: 0.0ms)
  Rendered layout layouts/application.html.erb (Duration: 3.3ms | GC: 0.0ms)
Completed 200 OK in 7ms (Views: 3.8ms | ActiveRecord: 0.6ms (1 query, 0 cached) | GC: 0.0ms)


Started POST "/events/7/upvote" for ::1 at 2026-05-06 12:15:15 +0530
Processing by EventsController#upvote as HTML
  Parameters: {"authenticity_token"=>"[FILTERED]", "commit"=>"👍 Upvote", "id"=>"7"}
  [1m[36mEvent Load (0.9ms)[0m  [1m[34mSELECT "events".* FROM "events" WHERE "events"."id" = 7 LIMIT 1 /*action='upvote',application='BillettoAssignment',controller='events'*/[0m
  ↳ app/controllers/events_controller.rb:49:in `set_event'
  [1m[36mEvent Load (0.7ms)[0m  [1m[34mSELECT "events".* FROM "events" WHERE "events"."external_id" = 'sample-event-b65a94eb' LIMIT 1 /*action='upvote',application='BillettoAssignment',controller='events'*/[0m
  ↳ app/domain/events/vote_command.rb:16:in `call'
  [1m[36mTRANSACTION (0.3ms)[0m  [1m[35mBEGIN /*action='upvote',application='BillettoAssignment',controller='events'*/[0m
  ↳ app/domain/events/vote_command.rb:23:in `call'
  [1m[36mRubyEventStore::ActiveRecord::Event Insert (6.9ms)[0m  [1m[32mINSERT INTO "event_store_events" ("event_id","data","metadata","event_type","created_at","valid_at") VALUES ('10a8af80-78ca-4915-9b5a-292b9b5d7d95', '\x2d2d2d0a3a6576656e745f69643a2073616d706c652d6576656e742d62363561393465620a3a757365725f69643a2030363233333762342d653365362d343336312d613135352d3262326434663066326337310a', '\x2d2d2d0a3a636f7272656c6174696f6e5f69643a2039346133633064392d303961662d346633622d623862652d3735353232353663383730380a', 'Events::EventUpvoted', '2026-05-06 06:45:15.557618', NULL) RETURNING "id" /*action='upvote',application='BillettoAssignment',controller='events'*/[0m
  ↳ app/domain/events/vote_command.rb:23:in `call'
  [1m[36mTRANSACTION (1.0ms)[0m  [1m[35mCOMMIT /*action='upvote',application='BillettoAssignment',controller='events'*/[0m
  ↳ app/domain/events/vote_command.rb:23:in `call'
  [1m[36mEvent Update All (2.1ms)[0m  [1m[33mUPDATE "events" SET "upvotes_count" = COALESCE("events"."upvotes_count", 0) + 1 WHERE "events"."id" = 7 /*action='upvote',application='BillettoAssignment',controller='events'*/[0m
  ↳ app/domain/events/vote_command.rb:31:in `call'
Redirected to http://localhost:3000/events/7
↳ app/controllers/events_controller.rb:26:in `upvote'
Completed 302 Found in 37ms (ActiveRecord: 11.9ms (4 queries, 0 cached) | GC: 0.5ms)


Started GET "/events/7" for ::1 at 2026-05-06 12:15:15 +0530
Processing by EventsController#show as HTML
  Parameters: {"id"=>"7"}
  [1m[36mEvent Load (0.5ms)[0m  [1m[34mSELECT "events".* FROM "events" WHERE "events"."id" = 7 LIMIT 1 /*action='show',application='BillettoAssignment',controller='events'*/[0m
  ↳ app/controllers/events_controller.rb:49:in `set_event'
  Rendering layout layouts/application.html.erb
  Rendering events/show.html.erb within layouts/application
  Rendered events/show.html.erb within layouts/application (Duration: 2.0ms | GC: 0.0ms)
  Rendered layout layouts/application.html.erb (Duration: 3.7ms | GC: 0.0ms)
Completed 200 OK in 8ms (Views: 4.4ms | ActiveRecord: 0.5ms (1 query, 0 cached) | GC: 0.4ms)


Started GET "/?filter=past" for ::1 at 2026-05-06 12:15:19 +0530
Processing by EventsController#index as HTML
  Parameters: {"filter"=>"past"}
  Rendering layout layouts/application.html.erb
  Rendering events/index.html.erb within layouts/application
  [1m[36mEvent Exists? (2.3ms)[0m  [1m[34mSELECT 1 AS one FROM "events" WHERE (start_date <= '2026-05-06 06:45:19.373049') LIMIT 1 OFFSET 0 /*action='index',application='BillettoAssignment',controller='events'*/[0m
  ↳ app/views/events/index.html.erb:11
  Rendered events/index.html.erb within layouts/application (Duration: 12.7ms | GC: 0.0ms)
  Rendered layout layouts/application.html.erb (Duration: 19.0ms | GC: 0.0ms)
Completed 200 OK in 27ms (Views: 19.4ms | ActiveRecord: 2.2ms (1 query, 0 cached) | GC: 1.3ms)


Started POST "/admin/events/import" for ::1 at 2026-05-06 12:15:20 +0530
Processing by Admin::EventsController#import as HTML
  Parameters: {"authenticity_token"=>"[FILTERED]", "commit"=>"Import Events"}
[ActiveJob] [ImportEventsJob] [0cc0082b-072d-4e2c-aa37-5960a1284d11] Performing ImportEventsJob (Job ID: 0cc0082b-072d-4e2c-aa37-5960a1284d11) from Async(default)
[ActiveJob] [ImportEventsJob] [0cc0082b-072d-4e2c-aa37-5960a1284d11] ↳ app/controllers/admin/events_controller.rb:4:in `import'
[ActiveJob] [ImportEventsJob] [0cc0082b-072d-4e2c-aa37-5960a1284d11] Performed ImportEventsJob (Job ID: 0cc0082b-072d-4e2c-aa37-5960a1284d11) from Async(default) in 3658.24ms
[ActiveJob] [ImportEventsJob] [0cc0082b-072d-4e2c-aa37-5960a1284d11] ↳ app/controllers/admin/events_controller.rb:4:in `import'
Redirected to http://localhost:3000/
↳ app/controllers/admin/events_controller.rb:5:in `import'
Completed 302 Found in 3697ms (ActiveRecord: 0.0ms (0 queries, 0 cached) | GC: 0.6ms)


Started GET "/" for ::1 at 2026-05-06 12:15:24 +0530
Processing by EventsController#index as HTML
  Rendering layout layouts/application.html.erb
  Rendering events/index.html.erb within layouts/application
  [1m[36mEvent Exists? (0.7ms)[0m  [1m[34mSELECT 1 AS one FROM "events" LIMIT 1 OFFSET 0 /*action='index',application='BillettoAssignment',controller='events'*/[0m
  ↳ app/views/events/index.html.erb:11
  [1m[36mEvent Load (0.7ms)[0m  [1m[34mSELECT "events".* FROM "events" ORDER BY "events"."start_date" ASC LIMIT 12 OFFSET 0 /*action='index',application='BillettoAssignment',controller='events'*/[0m
  ↳ app/views/events/index.html.erb:22
  [1m[36mEvent Count (0.3ms)[0m  [1m[34mSELECT COUNT(*) FROM "events" /*action='index',application='BillettoAssignment',controller='events'*/[0m
  ↳ app/views/events/index.html.erb:76
  Rendered events/index.html.erb within layouts/application (Duration: 18.1ms | GC: 0.0ms)
  Rendered layout layouts/application.html.erb (Duration: 27.2ms | GC: 7.2ms)
Completed 200 OK in 29ms (Views: 26.1ms | ActiveRecord: 1.6ms (3 queries, 0 cached) | GC: 7.2ms)


Started GET "/?page=5" for ::1 at 2026-05-06 12:16:00 +0530
Processing by EventsController#index as HTML
  Parameters: {"page"=>"5"}
  Rendering layout layouts/application.html.erb
  Rendering events/index.html.erb within layouts/application
  [1m[36mEvent Exists? (0.4ms)[0m  [1m[34mSELECT 1 AS one FROM "events" LIMIT 1 OFFSET 48 /*action='index',application='BillettoAssignment',controller='events'*/[0m
  ↳ app/views/events/index.html.erb:11
  [1m[36mEvent Load (0.4ms)[0m  [1m[34mSELECT "events".* FROM "events" ORDER BY "events"."start_date" ASC LIMIT 12 OFFSET 48 /*action='index',application='BillettoAssignment',controller='events'*/[0m
  ↳ app/views/events/index.html.erb:22
  Rendered events/index.html.erb within layouts/application (Duration: 16.4ms | GC: 0.5ms)
  Rendered layout layouts/application.html.erb (Duration: 19.2ms | GC: 0.8ms)
Completed 200 OK in 25ms (Views: 19.0ms | ActiveRecord: 2.8ms (2 queries, 0 cached) | GC: 1.1ms)


  [1m[36mTRANSACTION (0.2ms)[0m  [1m[35mBEGIN /*application='BillettoAssignment'*/[0m
  [1m[36mGuidelines::RequestForComment Create (1.8ms)[0m  [1m[32mINSERT INTO "guidelines_request_for_comments" ("tid", "number", "description", "author_id", "created_at", "updated_at") VALUES ('RequestForComment$9d92defe-b5d1-4124-9b2e-add020c5405d', 'RFC-2024-001', 'Implement OAuth2 authentication system', 'dev-123', '2026-05-06 06:47:17.310934', '2026-05-06 06:47:17.310934') RETURNING "id" /*application='BillettoAssignment'*/[0m
  [1m[36mTRANSACTION (1.1ms)[0m  [1m[35mCOMMIT /*application='BillettoAssignment'*/[0m
  [1m[36mGuidelines::Approval Count (1.1ms)[0m  [1m[34mSELECT COUNT(*) FROM "guidelines_approvals" WHERE "guidelines_approvals"."request_for_comment_id" = 3 /*application='BillettoAssignment'*/[0m
  [1m[36mGuidelines::RequestForComment Load (0.5ms)[0m  [1m[34mSELECT "guidelines_request_for_comments".* FROM "guidelines_request_for_comments" ORDER BY "guidelines_request_for_comments"."id" DESC LIMIT 1 /*application='BillettoAssignment'*/[0m
  [1m[36mTRANSACTION (0.7ms)[0m  [1m[35mBEGIN /*application='BillettoAssignment'*/[0m
  [1m[36mGuidelines::Approval Exists? (2.4ms)[0m  [1m[34mSELECT 1 AS one FROM "guidelines_approvals" WHERE "guidelines_approvals"."developer_id" = 'dev-456' AND "guidelines_approvals"."request_for_comment_id" = 3 LIMIT 1 /*application='BillettoAssignment'*/[0m
  [1m[36mGuidelines::Approval Create (0.6ms)[0m  [1m[32mINSERT INTO "guidelines_approvals" ("request_for_comment_id", "developer_id", "created_at", "updated_at") VALUES (3, 'dev-456', '2026-05-06 06:47:17.339583', '2026-05-06 06:47:17.339583') RETURNING "id" /*application='BillettoAssignment'*/[0m
  [1m[36mTRANSACTION (1.0ms)[0m  [1m[35mCOMMIT /*application='BillettoAssignment'*/[0m
  [1m[36mTRANSACTION (0.2ms)[0m  [1m[35mBEGIN /*application='BillettoAssignment'*/[0m
  [1m[36mGuidelines::Approval Exists? (1.4ms)[0m  [1m[34mSELECT 1 AS one FROM "guidelines_approvals" WHERE "guidelines_approvals"."developer_id" = 'dev-789' AND "guidelines_approvals"."request_for_comment_id" = 3 LIMIT 1 /*application='BillettoAssignment'*/[0m
  [1m[36mGuidelines::Approval Create (0.4ms)[0m  [1m[32mINSERT INTO "guidelines_approvals" ("request_for_comment_id", "developer_id", "created_at", "updated_at") VALUES (3, 'dev-789', '2026-05-06 06:47:17.346066', '2026-05-06 06:47:17.346066') RETURNING "id" /*application='BillettoAssignment'*/[0m
  [1m[36mTRANSACTION (1.0ms)[0m  [1m[35mCOMMIT /*application='BillettoAssignment'*/[0m
  [1m[36mGuidelines::RequestForComment Load (0.3ms)[0m  [1m[34mSELECT "guidelines_request_for_comments".* FROM "guidelines_request_for_comments" WHERE "guidelines_request_for_comments"."id" = 3 LIMIT 1 /*application='BillettoAssignment'*/[0m
  [1m[36mGuidelines::Approval Count (0.4ms)[0m  [1m[34mSELECT COUNT(*) FROM "guidelines_approvals" WHERE "guidelines_approvals"."request_for_comment_id" = 3 /*application='BillettoAssignment'*/[0m
  [1m[36mGuidelines::RequestForComment Count (0.3ms)[0m  [1m[34mSELECT COUNT(*) FROM "guidelines_request_for_comments" /*application='BillettoAssignment'*/[0m
  [1m[36mGuidelines::RequestForComment Load (0.2ms)[0m  [1m[34mSELECT "guidelines_request_for_comments".* FROM "guidelines_request_for_comments" /*application='BillettoAssignment'*/[0m
  [1m[36mGuidelines::Approval Count (0.3ms)[0m  [1m[34mSELECT COUNT(*) FROM "guidelines_approvals" WHERE "guidelines_approvals"."request_for_comment_id" = 1 /*application='BillettoAssignment'*/[0m
  [1m[36mGuidelines::Approval Count (0.7ms)[0m  [1m[34mSELECT COUNT(*) FROM "guidelines_approvals" WHERE "guidelines_approvals"."request_for_comment_id" = 1 /*application='BillettoAssignment'*/[0m
  [1m[36mGuidelines::Approval Count (0.4ms)[0m  [1m[34mSELECT COUNT(*) FROM "guidelines_approvals" WHERE "guidelines_approvals"."request_for_comment_id" = 2 /*application='BillettoAssignment'*/[0m
  [1m[36mGuidelines::Approval Count (0.4ms)[0m  [1m[34mSELECT COUNT(*) FROM "guidelines_approvals" WHERE "guidelines_approvals"."request_for_comment_id" = 2 /*application='BillettoAssignment'*/[0m
  [1m[36mGuidelines::Approval Count (0.3ms)[0m  [1m[34mSELECT COUNT(*) FROM "guidelines_approvals" WHERE "guidelines_approvals"."request_for_comment_id" = 3 /*application='BillettoAssignment'*/[0m
  [1m[36mGuidelines::Approval Count (0.3ms)[0m  [1m[34mSELECT COUNT(*) FROM "guidelines_approvals" WHERE "guidelines_approvals"."request_for_comment_id" = 3 /*application='BillettoAssignment'*/[0m
  [1m[36mGuidelines::RequestForComment Load (0.4ms)[0m  [1m[34mSELECT "guidelines_request_for_comments".* FROM "guidelines_request_for_comments" ORDER BY "guidelines_request_for_comments"."id" DESC LIMIT 1 /*application='BillettoAssignment'*/[0m
  [1m[36mGuidelines::RequestForComment Load (0.3ms)[0m  [1m[34mSELECT "guidelines_request_for_comments".* FROM "guidelines_request_for_comments" WHERE "guidelines_request_for_comments"."tid" = 'RequestForComment$9d92defe-b5d1-4124-9b2e-add020c5405d' LIMIT 1 /*application='BillettoAssignment'*/[0m
  ↳ app/models/object_repository.rb:27:in `find'
  [1m[36mGuidelines::RequestForComment Load (0.6ms)[0m  [1m[34mSELECT "guidelines_request_for_comments".* FROM "guidelines_request_for_comments" ORDER BY "guidelines_request_for_comments"."id" DESC LIMIT 1 /*application='BillettoAssignment'*/[0m
  [1m[36mGuidelines::RequestForComment Load (0.4ms)[0m  [1m[34mSELECT "guidelines_request_for_comments".* FROM "guidelines_request_for_comments" ORDER BY "guidelines_request_for_comments"."id" DESC LIMIT 1 /*application='BillettoAssignment'*/[0m
